Código_Actividad,identificacion,Código_Actividad,Hora del Dia,Etiqueta Interacción,Etiqueta Actividad,Etiqueta Actividad Resumida,Preocupación,Prisa,Irritación,Depresión,Tensión,Calma,Disfrute,Lugar de actividad,Zona_Actividad,Total en minutos de la actividad,Hora actividad redondeada,A_gusto_en_la_Interacción,Minutos*Preoc,Minutos*Prisa,Minutos*Irritación,Minutos*Depresión,Minutos*Tensión,Minutos*Calma,Minutos*Disfrute,Minutos*AgustInter
Claudia10103Eduardo1,Claudia10103Eduardo,Claudia10103Eduardo1,Mañana,Estaba solo,Caminó a algún lado,"Viajó a algún lado (coche, caminando, bicicleta)",7,6,2,2,2,6,6,"Viajó a algún lado (coche, caminando, bicicleta)",11,15,6:00:00,,105,90,30,30,30,90,90,
Claudia10103Eduardo2,Claudia10103Eduardo,Claudia10103Eduardo2,Mañana,Con compañeros de trabajo / escuela / club,Trabajó,Trabajó,6,6,2,1,3,3,8,Lugar de trabajo,11,60,7:00:00,8,360,360,120,60,180,180,480,480
Claudia10103Eduardo3,Claudia10103Eduardo,Claudia10103Eduardo3,Mañana,Con compañeros de trabajo / escuela / club,Comió,"Dedicación personal (comió, bañó, descansó)",7,6,1,1,3,5,8,Lugar de trabajo,11,20,8:00:00,9,140,120,20,20,60,100,160,180
Claudia10103Eduardo4,Claudia10103Eduardo,Claudia10103Eduardo4,Mañana,Con compañeros de trabajo / escuela / club,Trabajó,Trabajó,6,6,1,1,5,3,7,Lugar de trabajo,11,180,9:00:00,8,1080,1080,180,180,900,540,1260,1440
Claudia10103Eduardo5,Claudia10103Eduardo,Claudia10103Eduardo5,Mañana,Estaba solo,Caminó a algún lado,"Viajó a algún lado (coche, caminando, bicicleta)",3,6,2,1,2,6,6,"Viajó a algún lado (coche, caminando, bicicleta)",12,20,11:00:00,,60,120,40,20,40,120,120,
Claudia10103Eduardo6,Claudia10103Eduardo,Claudia10103Eduardo6,Mañana,Destinatario de nuestra actividad laboral (Cliente / paciente / alumno),Trámites,Trámites o Salud,5,4,1,1,4,5,6,"Bancos, u otra entidad financiera ",12,55,12:00:00,8,275,220,55,55,220,275,330,440
Claudia10103Eduardo7,Claudia10103Eduardo,Claudia10103Eduardo7,Tarde,Estaba solo,Caminó a algún lado,"Viajó a algún lado (coche, caminando, bicicleta)",4,6,1,1,3,5,7,"Viajó a algún lado (coche, caminando, bicicleta)",11,20,12:00:00,,80,120,20,20,60,100,140,
Claudia10103Eduardo8,Claudia10103Eduardo,Claudia10103Eduardo8,Tarde,Con compañeros de trabajo / escuela / club,Trabajó,Trabajó,7,8,1,1,4,4,7,Lugar de trabajo,11,120,13:00:00,8,840,960,120,120,480,480,840,960
Claudia10103Eduardo9,Claudia10103Eduardo,Claudia10103Eduardo9,Tarde,Con compañeros de trabajo / escuela / club,Comió,"Dedicación personal (comió, bañó, descansó)",7,6,1,1,3,5,9,Lugar de trabajo,11,15,15:00:00,9,105,90,15,15,45,75,135,135
Claudia10103Eduardo10,Claudia10103Eduardo,Claudia10103Eduardo10,Tarde,Con compañeros de trabajo / escuela / club,Trabajó,Trabajó,8,8,2,2,2,4,8,Lugar de trabajo,11,210,16:00:00,8,1680,1680,420,420,420,840,1680,1680
Claudia10103Eduardo11,Claudia10103Eduardo,Claudia10103Eduardo11,Noche,Estaba solo,Caminó a algún lado,"Viajó a algún lado (coche, caminando, bicicleta)",5,6,1,1,3,7,8,"Viajó a algún lado (coche, caminando, bicicleta)",10,20,18:00:00,,100,120,20,20,60,140,160,
Claudia10103Eduardo12,Claudia10103Eduardo,Claudia10103Eduardo12,Noche,Estaba solo,Se baño o arregló,"Dedicación personal (comió, bañó, descansó)",4,2,2,1,1,7,8,Casa donde vive,10,15,19:00:00,,60,30,30,15,15,105,120,
Claudia10103Eduardo13,Claudia10103Eduardo,Claudia10103Eduardo13,Noche,Con otros familiares,Vió televisión,"Entretenimiento (radio, televisión, computadora, juego en casa)",3,1,1,1,1,6,9,Casa donde vive,10,80,19:00:00,9,240,80,80,80,80,480,720,720
Claudia10103Eduardo14,Claudia10103Eduardo,Claudia10103Eduardo14,Noche,Con otros familiares,Comió,"Dedicación personal (comió, bañó, descansó)",1,1,1,1,2,7,10,Casa donde vive,10,90,21:00:00,9,90,90,90,90,180,630,900,810
Claudia10107José1,Claudia10107José,Claudia10107José1,Mañana,Estaba solo,Se baño o arregló,"Dedicación personal (comió, bañó, descansó)",8,8,1,1,7,2,10,Casa donde vive,10,10,7:00:00,,80,80,10,10,70,20,100,
Claudia10107José2,Claudia10107José,Claudia10107José2,Mañana,Estaba solo,Comió,"Dedicación personal (comió, bañó, descansó)",8,"3,05887969446213",1,1,5,2,6,Casa donde vive,10,15,7:00:00,,120,"45,8831954169319",15,15,75,30,90,
Claudia10107José3,Claudia10107José,Claudia10107José3,Mañana,Estaba solo,Viajó en coche/colectivo/moto,"Viajó a algún lado (coche, caminando, bicicleta)",8,8,1,1,8,2,7,"Viajó a algún lado (coche, caminando, bicicleta)",12,20,7:00:00,,160,160,20,20,160,40,140,
Claudia10107José4,Claudia10107José,Claudia10107José4,Mañana,Destinatario de nuestra actividad laboral (Cliente / paciente / alumno),Trabajó,Trabajó,7,7,1,1,4,2,8,Casa de cliente,12,90,8:00:00,8,630,630,90,90,360,180,720,720
Claudia10107José5,Claudia10107José,Claudia10107José5,Mañana,Estaba solo,Viajó en coche/colectivo/moto,"Viajó a algún lado (coche, caminando, bicicleta)",7,7,1,1,5,2,7,"Viajó a algún lado (coche, caminando, bicicleta)",10,20,9:00:00,,140,140,20,20,100,40,140,
Claudia10107José6,Claudia10107José,Claudia10107José6,Mañana,Estaba solo,Trabajó,Trabajó,7,7,1,1,6,3,7,Casa donde vive,10,60,10:00:00,,420,420,60,60,360,180,420,
Claudia10107José7,Claudia10107José,Claudia10107José7,Mañana,Estaba solo,Viajó en coche/colectivo/moto,"Viajó a algún lado (coche, caminando, bicicleta)",6,7,2,2,4,2,7,"Viajó a algún lado (coche, caminando, bicicleta)",FZ,30,10:00:00,,180,210,60,60,120,60,210,
Claudia10107José8,Claudia10107José,Claudia10107José8,Mañana,Destinatario de nuestra actividad laboral (Cliente / paciente / alumno),Habló con alguien,"Relaciones sociales (Charlar, cuidar, actividad religiosa, otras relaciones)",7,8,2,2,4,4,8,Casa de cliente,FZ,120,12:00:00,9,840,960,240,240,480,480,960,1080
Claudia10107José9,Claudia10107José,Claudia10107José9,Tarde,Estaba solo,Viajó en coche/colectivo/moto,"Viajó a algún lado (coche, caminando, bicicleta)",6,6,1,1,5,5,8,"Viajó a algún lado (coche, caminando, bicicleta)",10,30,13:00:00,,180,180,30,30,150,150,240,
Claudia10107José10,Claudia10107José,Claudia10107José10,Tarde,Estaba solo,Comió,"Dedicación personal (comió, bañó, descansó)",5,6,3,1,1,6,9,Casa donde vive,10,30,13:00:00,,150,180,90,30,30,180,270,
Claudia10107José11,Claudia10107José,Claudia10107José11,Tarde,Estaba solo,"Descansó (siesta,tomar mate, té o café)","Dedicación personal (comió, bañó, descansó)",3,1,1,1,1,8,9,Casa donde vive,10,30,14:00:00,,90,30,30,30,30,240,270,
Claudia10107José12,Claudia10107José,Claudia10107José12,Tarde,Estaba solo,Trabajó,Trabajó,8,8,1,1,6,3,7,Casa donde vive,10,120,15:00:00,,960,960,120,120,720,360,840,
Claudia10107José13,Claudia10107José,Claudia10107José13,Tarde,Estaba solo,Comió,"Dedicación personal (comió, bañó, descansó)",7,7,2,1,7,4,8,Casa donde vive,10,30,16:00:00,,210,210,60,30,210,120,240,
Claudia10107José14,Claudia10107José,Claudia10107José14,Tarde,Estaba solo,Trabajó,Trabajó,8,8,1,1,3,4,7,Casa donde vive,10,65,17:00:00,,520,520,65,65,195,260,455,
Claudia10107José15,Claudia10107José,Claudia10107José15,Noche,Estaba solo,Viajó en coche/colectivo/moto,"Viajó a algún lado (coche, caminando, bicicleta)",8,8,1,1,4,4,7,"Viajó a algún lado (coche, caminando, bicicleta)",13,20,18:00:00,,160,160,20,20,80,80,140,
Claudia10107José16,Claudia10107José,Claudia10107José16,Noche,Destinatario de nuestra actividad laboral (Cliente / paciente / alumno),Habló con alguien,"Relaciones sociales (Charlar, cuidar, actividad religiosa, otras relaciones)",8,8,1,1,5,5,8,Estación de ómnibus/trenes,13,20,18:00:00,8,160,160,20,20,100,100,160,160
Claudia10107José17,Claudia10107José,Claudia10107José17,Noche,Estaba solo,Viajó en coche/colectivo/moto,"Viajó a algún lado (coche, caminando, bicicleta)",7,7,2,1,1,5,7,"Viajó a algún lado (coche, caminando, bicicleta)",10,15,19:00:00,,105,105,30,15,15,75,105,
Claudia10107José18,Claudia10107José,Claudia10107José18,Noche,Con amigos,Habló con alguien,"Relaciones sociales (Charlar, cuidar, actividad religiosa, otras relaciones)",6,3,1,1,5,6,9,Casa donde vive,10,90,19:00:00,9,540,270,90,90,450,540,810,810
Claudia10107José19,Claudia10107José,Claudia10107José19,Noche,Estaba solo,Viajó en coche/colectivo/moto,"Viajó a algún lado (coche, caminando, bicicleta)",2,2,1,1,1,8,7,"Viajó a algún lado (coche, caminando, bicicleta)",10,20,20:00:00,,40,40,20,20,20,160,140,
Claudia10107José20,Claudia10107José,Claudia10107José20,Noche,Estaba solo,Comió,"Dedicación personal (comió, bañó, descansó)",2,2,1,1,1,9,9,Casa donde vive,10,30,21:00:00,,60,60,30,30,30,270,270,
Claudia10108Guillermo1,Claudia10108Guillermo,Claudia10108Guillermo1,Mañana,Estaba solo,Comió,"Dedicación personal (comió, bañó, descansó)",6,9,1,1,7,6,3,Casa donde vive,10,10,7:00:00,,60,90,10,10,70,60,30,
Claudia10108Guillermo2,Claudia10108Guillermo,Claudia10108Guillermo2,Mañana,Estaba solo,Se baño o arregló,"Dedicación personal (comió, bañó, descansó)",6,9,1,1,7,6,5,Casa donde vive,10,10,7:00:00,,60,90,10,10,70,60,50,
Claudia10108Guillermo3,Claudia10108Guillermo,Claudia10108Guillermo3,Mañana,Con amigos,Viajó en coche/colectivo/moto,"Viajó a algún lado (coche, caminando, bicicleta)",6,6,1,1,5,"7,29674537332483",6,"Viajó a algún lado (coche, caminando, bicicleta)",12,10,8:00:00,8,60,60,10,10,50,"72,9674537332483",60,80
Claudia10108Guillermo4,Claudia10108Guillermo,Claudia10108Guillermo4,Mañana,Destinatario de nuestra actividad laboral (Cliente / paciente / alumno),Trabajó,Trabajó,3,1,3,1,4,6,9,Lugar de trabajo,12,280,10:00:00,9,840,280,840,280,1120,1680,2520,2520
Claudia10108Guillermo5,Claudia10108Guillermo,Claudia10108Guillermo5,Tarde,Estaba solo,Viajó en coche/colectivo/moto,"Viajó a algún lado (coche, caminando, bicicleta)",2,3,1,1,3,9,6,"Viajó a algún lado (coche, caminando, bicicleta)",10,10,12:00:00,,20,30,10,10,30,90,60,
Claudia10108Guillermo6,Claudia10108Guillermo,Claudia10108Guillermo6,Tarde,Estaba solo,Comió,"Dedicación personal (comió, bañó, descansó)",1,1,1,1,1,10,9,Casa donde vive,10,30,13:00:00,,30,30,30,30,30,300,270,
Claudia10108Guillermo7,Claudia10108Guillermo,Claudia10108Guillermo7,Tarde,Estaba solo,Hizo tareas domésticas,"Tareas domésticas (comida, cuida a los hijos, mascotas)",1,2,1,1,1,9,6,Casa donde vive,10,15,13:00:00,,15,30,15,15,15,135,90,
Claudia10108Guillermo8,Claudia10108Guillermo,Claudia10108Guillermo8,Tarde,Estaba solo,"Descansó (siesta,tomar mate, té o café)","Dedicación personal (comió, bañó, descansó)",1,1,1,1,1,10,10,Casa donde vive,10,75,14:00:00,,75,75,75,75,75,750,750,
Claudia10108Guillermo9,Claudia10108Guillermo,Claudia10108Guillermo9,Tarde,Estaba solo,Se baño o arregló,"Dedicación personal (comió, bañó, descansó)",1,3,1,1,1,8,9,Casa donde vive,10,10,15:00:00,,10,30,10,10,10,80,90,
Claudia10108Guillermo10,Claudia10108Guillermo,Claudia10108Guillermo10,Tarde,Estaba solo,Comió,"Dedicación personal (comió, bañó, descansó)",1,4,1,1,1,8,8,Casa donde vive,10,15,15:00:00,,15,60,15,15,15,120,120,
Claudia10108Guillermo11,Claudia10108Guillermo,Claudia10108Guillermo11,Tarde,Estaba solo,Viajó en coche/colectivo/moto,"Viajó a algún lado (coche, caminando, bicicleta)",1,4,1,1,1,7,8,"Viajó a algún lado (coche, caminando, bicicleta)",12,10,15:00:00,,10,40,10,10,10,70,80,
Claudia10108Guillermo12,Claudia10108Guillermo,Claudia10108Guillermo12,Tarde,Destinatario de nuestra actividad laboral (Cliente / paciente / alumno),Trabajó,Trabajó,3,1,1,1,1,9,9,Lugar de trabajo,12,300,18:00:00,9,900,300,300,300,300,2700,2700,2700
Claudia10108Guillermo13,Claudia10108Guillermo,Claudia10108Guillermo13,Noche,Con amigos,Viajó en coche/colectivo/moto,"Viajó a algún lado (coche, caminando, bicicleta)",1,1,1,1,1,9,9,"Viajó a algún lado (coche, caminando, bicicleta)",10,10,20:00:00,9,10,10,10,10,10,90,90,90
Claudia10108Guillermo14,Claudia10108Guillermo,Claudia10108Guillermo14,Noche,Con amigos,Preparó comida,"Tareas domésticas (comida, cuida a los hijos, mascotas)",1,1,1,1,1,9,9,Casa donde vive,10,30,21:00:00,9,30,30,30,30,30,270,270,270
Claudia10108Guillermo15,Claudia10108Guillermo,Claudia10108Guillermo15,Noche,Con amigos,Comió,"Dedicación personal (comió, bañó, descansó)",1,1,2,1,1,9,9,Casa donde vive,10,60,21:00:00,9,60,60,120,60,60,540,540,540
Claudia10108Guillermo16,Claudia10108Guillermo,Claudia10108Guillermo16,Noche,Con amigos,Vió televisión,"Entretenimiento (radio, televisión, computadora, juego en casa)",9,1,1,1,1,9,9,Casa donde vive,10,60,22:00:00,9,540,60,60,60,60,540,540,540
Claudia11109Marcela1,Claudia11109Marcela,Claudia11109Marcela1,Mañana,Estaba solo,Se baño o arregló,"Dedicación personal (comió, bañó, descansó)",2,5,1,1,2,9,9,Casa donde vive,11,15,7:00:00,,30,75,15,15,30,135,135,
Claudia11109Marcela2,Claudia11109Marcela,Claudia11109Marcela2,Mañana,Con sus hijos jóvenes o nietos,Comió,"Dedicación personal (comió, bañó, descansó)",2,4,1,1,2,9,9,Casa donde vive,11,10,7:00:00,10,20,40,10,10,20,90,90,100
Claudia11109Marcela3,Claudia11109Marcela,Claudia11109Marcela3,Mañana,Con sus hijos jóvenes o nietos,Caminó a algún lado,"Viajó a algún lado (coche, caminando, bicicleta)",7,7,2,1,3,9,7,"Viajó a algún lado (coche, caminando, bicicleta)",12,15,7:00:00,9,105,105,30,15,45,135,105,135
Claudia11109Marcela4,Claudia11109Marcela,Claudia11109Marcela4,Mañana,Con compañeros de trabajo / escuela / club,Trabajó,Trabajó,7,5,7,1,7,5,7,Lugar de trabajo,12,420,11:00:00,7,2940,2100,2940,420,2940,2100,2940,2940
Claudia11109Marcela5,Claudia11109Marcela,Claudia11109Marcela5,Tarde,Estaba solo,Caminó a algún lado,"Viajó a algún lado (coche, caminando, bicicleta)",5,5,2,1,5,5,8,"Viajó a algún lado (coche, caminando, bicicleta)",11,15,14:00:00,,75,75,30,15,75,75,120,
Claudia11109Marcela6,Claudia11109Marcela,Claudia11109Marcela6,Tarde,Con sus hijos jóvenes o nietos,Comió,"Dedicación personal (comió, bañó, descansó)",5,7,5,1,5,7,7,Casa donde vive,11,10,14:00:00,9,50,70,50,10,50,70,70,90
Claudia11109Marcela7,Claudia11109Marcela,Claudia11109Marcela7,Tarde,Con compañeros de trabajo / escuela / club,Hizo ejercicio o dio paseo,Hizo ejercicio o dio paseo,2,2,2,1,2,9,9,Casa donde vive,11,75,15:00:00,9,150,150,150,75,150,675,675,675
Claudia11109Marcela8,Claudia11109Marcela,Claudia11109Marcela8,Tarde,Estaba solo,Se baño o arregló,"Dedicación personal (comió, bañó, descansó)",3,5,2,1,5,9,9,Casa donde vive,11,20,16:00:00,,60,100,40,20,100,180,180,
Claudia11109Marcela9,Claudia11109Marcela,Claudia11109Marcela9,Tarde,Con pareja e hijos,Comió,"Dedicación personal (comió, bañó, descansó)",3,2,2,1,2,9,9,Casa donde vive,11,30,16:00:00,9,90,60,60,30,60,270,270,270
Claudia11109Marcela10,Claudia11109Marcela,Claudia11109Marcela10,Noche,Con pareja e hijos,Hizo tareas domésticas,"Tareas domésticas (comida, cuida a los hijos, mascotas)",3,8,3,1,3,9,9,Casa donde vive,11,120,18:00:00,9,360,960,360,120,360,1080,1080,1080
Claudia11109Marcela11,Claudia11109Marcela,Claudia11109Marcela11,Noche,Con pareja e hijos,Preparó comida,"Tareas domésticas (comida, cuida a los hijos, mascotas)",5,7,3,1,3,8,9,Casa donde vive,11,90,19:00:00,9,450,630,270,90,270,720,810,810
Claudia11109Marcela12,Claudia11109Marcela,Claudia11109Marcela12,Noche,Con pareja e hijos,Comió,"Dedicación personal (comió, bañó, descansó)",3,5,3,1,2,9,9,Casa donde vive,11,30,20:00:00,9,90,150,90,30,60,270,270,270
Claudia11109Marcela13,Claudia11109Marcela,Claudia11109Marcela13,Noche,Con pareja e hijos,Cuidó a los niños,"Tareas domésticas (comida, cuida a los hijos, mascotas)",3,7,5,1,5,8,7,Casa donde vive,11,60,21:00:00,9,180,420,300,60,300,480,420,540
Claudia11111Juan Pablo1,Claudia11111Juan Pablo,Claudia11111Juan Pablo1,Mañana,Con su pareja,Comió,"Dedicación personal (comió, bañó, descansó)",1,1,1,1,7,6,9,Casa donde vive,11,30,6:00:00,7,30,30,30,30,210,180,270,210
Claudia11111Juan Pablo2,Claudia11111Juan Pablo,Claudia11111Juan Pablo2,Mañana,Estaba solo,Se baño o arregló,"Dedicación personal (comió, bañó, descansó)",6,6,1,1,4,6,8,Casa donde vive,11,10,7:00:00,,60,60,10,10,40,60,80,
Claudia11111Juan Pablo3,Claudia11111Juan Pablo,Claudia11111Juan Pablo3,Mañana,Estaba solo,Viajó en coche/colectivo/moto,"Viajó a algún lado (coche, caminando, bicicleta)",3,6,1,1,1,6,8,"Viajó a algún lado (coche, caminando, bicicleta)",13,15,7:00:00,,45,90,15,15,15,90,120,
Claudia11111Juan Pablo4,Claudia11111Juan Pablo,Claudia11111Juan Pablo4,Mañana,Con compañeros de trabajo / escuela / club,Trabajó,Trabajó,1,1,1,1,1,8,10,Lugar de trabajo,13,480,11:00:00,10,480,480,480,480,480,3840,4800,4800
Claudia11111Juan Pablo5,Claudia11111Juan Pablo,Claudia11111Juan Pablo5,Tarde,Estaba solo,Viajó en coche/colectivo/moto,"Viajó a algún lado (coche, caminando, bicicleta)",1,1,1,1,1,7,8,"Viajó a algún lado (coche, caminando, bicicleta)",11,15,15:00:00,,15,15,15,15,15,105,120,
Claudia11111Juan Pablo6,Claudia11111Juan Pablo,Claudia11111Juan Pablo6,Tarde,Con su pareja,Comió,"Dedicación personal (comió, bañó, descansó)",1,1,1,1,1,8,10,Casa donde vive,11,30,15:00:00,9,30,30,30,30,30,240,300,270
Claudia11111Juan Pablo7,Claudia11111Juan Pablo,Claudia11111Juan Pablo7,Tarde,Estaba solo,"Descansó (siesta,tomar mate, té o café)","Dedicación personal (comió, bañó, descansó)",1,1,1,1,1,8,10,Casa donde vive,11,120,17:00:00,,120,120,120,120,120,960,1200,
Claudia11111Juan Pablo8,Claudia11111Juan Pablo,Claudia11111Juan Pablo8,Tarde,Estaba solo,Comió,"Dedicación personal (comió, bañó, descansó)",1,1,1,1,2,8,9,Casa donde vive,11,10,18:00:00,,10,10,10,10,20,80,90,
Claudia11111Juan Pablo9,Claudia11111Juan Pablo,Claudia11111Juan Pablo9,Noche,Estaba solo,Hizo tareas domésticas,"Tareas domésticas (comida, cuida a los hijos, mascotas)",1,1,1,1,1,8,8,Casa donde vive,11,60,18:00:00,,60,60,60,60,60,480,480,
Claudia11111Juan Pablo10,Claudia11111Juan Pablo,Claudia11111Juan Pablo10,Noche,Con su pareja,Trabajó,Trabajó,1,1,1,1,1,8,9,Casa donde vive,11,120,20:00:00,10,120,120,120,120,120,960,1080,1200
Claudia11111Juan Pablo11,Claudia11111Juan Pablo,Claudia11111Juan Pablo11,Noche,Estaba solo,Vió televisión,"Entretenimiento (radio, televisión, computadora, juego en casa)",1,1,1,1,1,7,8,Casa donde vive,11,60,21:00:00,,60,60,60,60,60,420,480,
Claudia11111Juan Pablo12,Claudia11111Juan Pablo,Claudia11111Juan Pablo12,Noche,Con su pareja,Comió,"Dedicación personal (comió, bañó, descansó)",1,1,1,1,1,8,9,Casa donde vive,11,30,22:00:00,10,30,30,30,30,30,240,270,300
Claudia11111Juan Pablo13,Claudia11111Juan Pablo,Claudia11111Juan Pablo13,Noche,Estaba solo,Se baño o arregló,"Dedicación personal (comió, bañó, descansó)",1,1,1,1,1,8,9,Casa donde vive,11,15,22:00:00,,15,15,15,15,15,120,135,
Claudia11111Rosa1,Claudia11111Rosa,Claudia11111Rosa1,Mañana,Estaba solo,Comió,"Dedicación personal (comió, bañó, descansó)",1,2,2,2,2,8,9,Casa donde vive,11,60,7:00:00,,60,120,120,120,120,480,540,
Claudia11111Rosa2,Claudia11111Rosa,Claudia11111Rosa2,Mañana,Estaba solo,Se baño o arregló,"Dedicación personal (comió, bañó, descansó)",2,2,2,2,2,8,9,Casa donde vive,11,30,8:00:00,,60,60,60,60,60,240,270,
Claudia11111Rosa3,Claudia11111Rosa,Claudia11111Rosa3,Mañana,Estaba solo,Caminó a algún lado,"Viajó a algún lado (coche, caminando, bicicleta)",2,2,1,1,1,1,9,"Viajó a algún lado (coche, caminando, bicicleta)",11,15,8:00:00,,30,30,15,15,15,15,135,
Claudia11111Rosa4,Claudia11111Rosa,Claudia11111Rosa4,Mañana,Con otros familiares,Cuidó a los niños,"Tareas domésticas (comida, cuida a los hijos, mascotas)",1,1,1,1,1,8,10,Casa de parientes,11,300,11:00:00,10,300,300,300,300,300,2400,3000,3000
Claudia11111Rosa5,Claudia11111Rosa,Claudia11111Rosa5,Tarde,Estaba solo,Caminó a algún lado,"Viajó a algún lado (coche, caminando, bicicleta)",1,2,2,1,1,8,8,"Viajó a algún lado (coche, caminando, bicicleta)",11,15,14:00:00,,15,30,30,15,15,120,120,
Claudia11111Rosa6,Claudia11111Rosa,Claudia11111Rosa6,Tarde,Estaba solo,Hizo tareas domésticas,"Tareas domésticas (comida, cuida a los hijos, mascotas)",3,4,1,2,3,6,8,Casa donde vive,11,180,15:00:00,,540,720,180,360,540,1080,1440,
Claudia11111Rosa7,Claudia11111Rosa,Claudia11111Rosa7,Tarde,Estaba solo,Se baño o arregló,"Dedicación personal (comió, bañó, descansó)",3,2,2,2,2,7,9,Casa donde vive,11,30,17:00:00,,90,60,60,60,60,210,270,
Claudia11111Rosa8,Claudia11111Rosa,Claudia11111Rosa8,Noche,Estaba solo,Caminó a algún lado,"Viajó a algún lado (coche, caminando, bicicleta)",3,2,2,2,2,7,8,"Viajó a algún lado (coche, caminando, bicicleta)",12,25,17:00:00,,75,50,50,50,50,175,200,
Claudia11111Rosa9,Claudia11111Rosa,Claudia11111Rosa9,Noche,Estaba solo,Fue de compras,Compras,3,1,1,1,2,6,7,Comercio de ropa u otro tipo de comercio de compras,12,70,18:00:00,,210,70,70,70,140,420,490,
Claudia11111Rosa10,Claudia11111Rosa,Claudia11111Rosa10,Noche,Estaba solo,Caminó a algún lado,"Viajó a algún lado (coche, caminando, bicicleta)",3,2,1,1,2,6,7,"Viajó a algún lado (coche, caminando, bicicleta)",11,25,19:00:00,,75,50,25,25,50,150,175,
Claudia11111Rosa11,Claudia11111Rosa,Claudia11111Rosa11,Noche,Con sus hijos adultos,Habló con alguien,"Relaciones sociales (Charlar, cuidar, actividad religiosa, otras relaciones)",8,2,7,1,7,5,7,Casa donde vive,11,20,19:00:00,10,160,40,140,20,140,100,140,200
Claudia11111Rosa12,Claudia11111Rosa,Claudia11111Rosa12,Noche,Estaba solo,Comió,"Dedicación personal (comió, bañó, descansó)",6,1,3,1,3,7,8,Casa donde vive,11,30,20:00:00,,180,30,90,30,90,210,240,
Claudia11111Rosa13,Claudia11111Rosa,Claudia11111Rosa13,Noche,Estaba solo,Vió televisión,"Entretenimiento (radio, televisión, computadora, juego en casa)",1,1,1,1,1,8,9,Casa donde vive,11,90,21:00:00,,90,90,90,90,90,720,810,
Claudia11113Angélica1,Claudia11113Angélica,Claudia11113Angélica1,Mañana,Estaba solo,Comió,"Dedicación personal (comió, bañó, descansó)",2,1,6,1,1,8,9,Casa donde vive,11,20,9:00:00,,40,20,120,20,20,160,180,
Claudia11113Angélica2,Claudia11113Angélica,Claudia11113Angélica2,Mañana,Estaba solo,Se baño o arregló,"Dedicación personal (comió, bañó, descansó)",1,1,1,1,1,7,9,Casa donde vive,11,15,10:00:00,,15,15,15,15,15,105,135,
Claudia11113Angélica3,Claudia11113Angélica,Claudia11113Angélica3,Mañana,Estaba solo,Caminó a algún lado,"Viajó a algún lado (coche, caminando, bicicleta)",1,1,1,1,1,6,9,"Viajó a algún lado (coche, caminando, bicicleta)",12,25,10:00:00,,25,25,25,25,25,150,225,
Claudia11113Angélica4,Claudia11113Angélica,Claudia11113Angélica4,Mañana,Estaba solo,Comió,"Dedicación personal (comió, bañó, descansó)",1,1,1,1,1,7,9,Bar o café,12,60,11:00:00,,60,60,60,60,60,420,540,
Claudia11113Angélica5,Claudia11113Angélica,Claudia11113Angélica5,Mañana,Estaba solo,Caminó a algún lado,"Viajó a algún lado (coche, caminando, bicicleta)",1,1,1,1,1,8,9,"Viajó a algún lado (coche, caminando, bicicleta)",11,25,11:00:00,,25,25,25,25,25,200,225,
Claudia11113Angélica6,Claudia11113Angélica,Claudia11113Angélica6,Tarde,Estaba solo,Preparó comida,"Tareas domésticas (comida, cuida a los hijos, mascotas)",1,1,1,1,2,8,8,Casa donde vive,11,30,12:00:00,,30,30,30,30,60,240,240,
Claudia11113Angélica7,Claudia11113Angélica,Claudia11113Angélica7,Tarde,Estaba solo,Vió televisión,"Entretenimiento (radio, televisión, computadora, juego en casa)",1,3,1,1,1,8,9,Casa donde vive,11,120,13:00:00,,120,360,120,120,120,960,1080,
Claudia11113Angélica8,Claudia11113Angélica,Claudia11113Angélica8,Tarde,Estaba solo,"Descansó (siesta,tomar mate, té o café)","Dedicación personal (comió, bañó, descansó)",1,1,"1,82854406130268",1,1,8,9,Casa donde vive,11,105,15:00:00,,105,105,"191,997126436782",105,105,840,945,
Claudia11113Angélica9,Claudia11113Angélica,Claudia11113Angélica9,Tarde,Estaba solo,Leyó / Estudió,Leyó o estudió,2,2,2,1,1,8,9,Casa donde vive,11,120,17:00:00,,240,240,240,120,120,960,1080,
Claudia11113Angélica10,Claudia11113Angélica,Claudia11113Angélica10,Noche,Estaba solo,Hizo tareas domésticas,"Tareas domésticas (comida, cuida a los hijos, mascotas)",1,1,1,1,1,8,9,Casa donde vive,11,75,18:00:00,,75,75,75,75,75,600,675,
Claudia11113Angélica11,Claudia11113Angélica,Claudia11113Angélica11,Noche,Estaba solo,Vió televisión,"Entretenimiento (radio, televisión, computadora, juego en casa)",1,1,1,1,1,8,9,Casa donde vive,11,60,20:00:00,,60,60,60,60,60,480,540,
Claudia11113Angélica12,Claudia11113Angélica,Claudia11113Angélica12,Noche,Estaba solo,Comió,"Dedicación personal (comió, bañó, descansó)",1,1,1,1,1,8,9,Casa donde vive,11,30,20:00:00,,30,30,30,30,30,240,270,
Claudia11113Julia1,Claudia11113Julia,Claudia11113Julia1,Mañana,Con sus hijos adultos,Comió,"Dedicación personal (comió, bañó, descansó)",4,9,2,2,4,4,7,Casa donde vive,11,15,7:00:00,9,60,135,30,30,60,60,105,135
Claudia11113Julia2,Claudia11113Julia,Claudia11113Julia2,Mañana,Estaba solo,Se baño o arregló,"Dedicación personal (comió, bañó, descansó)",7,9,2,2,5,3,10,Casa donde vive,11,15,7:00:00,,105,135,30,30,75,45,150,
Claudia11113Julia3,Claudia11113Julia,Claudia11113Julia3,Mañana,Con sus hijos jóvenes o nietos,Viajó en coche/colectivo/moto,"Viajó a algún lado (coche, caminando, bicicleta)",10,10,2,2,8,3,9,"Viajó a algún lado (coche, caminando, bicicleta)",13,15,7:00:00,10,150,150,30,30,120,45,135,150
Claudia11113Julia4,Claudia11113Julia,Claudia11113Julia4,Mañana,Estaba solo,Caminó a algún lado,"Viajó a algún lado (coche, caminando, bicicleta)",8,3,3,2,7,3,10,"Viajó a algún lado (coche, caminando, bicicleta)",13,50,8:00:00,,400,150,150,100,350,150,500,
Claudia11113Julia5,Claudia11113Julia,Claudia11113Julia5,Mañana,Con compañeros de trabajo / escuela / club,Trabajó,Trabajó,5,1,1,1,7,4,8,Lugar de trabajo,13,240,10:00:00,9,1200,240,240,240,1680,960,1920,2160
Claudia11113Julia6,Claudia11113Julia,Claudia11113Julia6,Tarde,Estaba solo,Caminó a algún lado,"Viajó a algún lado (coche, caminando, bicicleta)",7,8,1,1,8,3,9,"Viajó a algún lado (coche, caminando, bicicleta)",13,10,12:00:00,,70,80,10,10,80,30,90,
Claudia11113Julia7,Claudia11113Julia,Claudia11113Julia7,Tarde,Con sus hijos jóvenes o nietos,Viajó en coche/colectivo/moto,"Viajó a algún lado (coche, caminando, bicicleta)",8,8,2,2,8,4,10,"Viajó a algún lado (coche, caminando, bicicleta)",11,15,12:00:00,10,120,120,30,30,120,60,150,150
Claudia11113Julia8,Claudia11113Julia,Claudia11113Julia8,Tarde,Con sus hijos jóvenes o nietos,Preparó comida,"Tareas domésticas (comida, cuida a los hijos, mascotas)",7,3,1,1,4,4,7,Casa donde vive,11,30,13:00:00,8,210,90,30,30,120,120,210,240
Claudia11113Julia9,Claudia11113Julia,Claudia11113Julia9,Tarde,Con sus hijos jóvenes o nietos,Comió,"Dedicación personal (comió, bañó, descansó)",3,2,1,1,4,2,10,Casa donde vive,11,20,13:00:00,9,60,40,20,20,80,40,200,180
Claudia11113Julia10,Claudia11113Julia,Claudia11113Julia10,Tarde,Con sus hijos jóvenes o nietos,Hizo tareas domésticas,"Tareas domésticas (comida, cuida a los hijos, mascotas)",3,8,2,2,8,3,8,Casa donde vive,11,20,14:00:00,8,60,160,40,40,160,60,160,160
Claudia11113Julia11,Claudia11113Julia,Claudia11113Julia11,Tarde,Con sus hijos jóvenes o nietos,"Descansó (siesta,tomar mate, té o café)","Dedicación personal (comió, bañó, descansó)",2,1,1,1,1,9,10,Casa donde vive,11,120,15:00:00,10,240,120,120,120,120,1080,1200,1200
Claudia11113Julia12,Claudia11113Julia,Claudia11113Julia12,Tarde,Con sus hijos jóvenes o nietos,"Descansó (siesta,tomar mate, té o café)","Dedicación personal (comió, bañó, descansó)",5,4,1,1,6,6,9,Casa donde vive,11,90,16:00:00,9,450,360,90,90,540,540,810,810
Claudia11113Julia13,Claudia11113Julia,Claudia11113Julia13,Noche,Estaba solo,Caminó a algún lado,"Viajó a algún lado (coche, caminando, bicicleta)",7,8,1,1,6,4,7,"Viajó a algún lado (coche, caminando, bicicleta)",12,10,17:00:00,,70,80,10,10,60,40,70,
Claudia11113Julia14,Claudia11113Julia,Claudia11113Julia14,Noche,Estaba solo,Fue de compras,Compras,8,1,1,1,7,5,8,"Supermercado, despensa, verdulería, carnicería, dietética",12,40,18:00:00,,320,40,40,40,280,200,320,
Claudia11113Julia15,Claudia11113Julia,Claudia11113Julia15,Noche,Estaba solo,Caminó a algún lado,"Viajó a algún lado (coche, caminando, bicicleta)",7,8,1,1,6,4,7,"Viajó a algún lado (coche, caminando, bicicleta)",11,15,18:00:00,,105,120,15,15,90,60,105,
Claudia11113Julia16,Claudia11113Julia,Claudia11113Julia16,Noche,Con sus hijos jóvenes o nietos,Hizo tareas domésticas,"Tareas domésticas (comida, cuida a los hijos, mascotas)",7,6,1,1,8,4,8,Casa donde vive,11,120,19:00:00,9,840,720,120,120,960,480,960,1080
Claudia11113Julia17,Claudia11113Julia,Claudia11113Julia17,Noche,Con sus hijos jóvenes o nietos,Preparó comida,"Tareas domésticas (comida, cuida a los hijos, mascotas)",6,5,1,7,7,4,8,Casa donde vive,11,30,21:00:00,10,180,150,30,210,210,120,240,300
Claudia11113Julia18,Claudia11113Julia,Claudia11113Julia18,Noche,Con sus hijos jóvenes o nietos,Comió,"Dedicación personal (comió, bañó, descansó)",4,3,1,1,5,5,9,Casa donde vive,11,30,21:00:00,9,120,90,30,30,150,150,270,270
Claudia11113Julia19,Claudia11113Julia,Claudia11113Julia19,Noche,Con sus hijos jóvenes o nietos,Hizo tareas domésticas,"Tareas domésticas (comida, cuida a los hijos, mascotas)",1,1,1,1,5,7,7,Casa donde vive,11,15,21:00:00,9,15,15,15,15,75,105,105,135
Claudia11113Julia20,Claudia11113Julia,Claudia11113Julia20,Noche,Estaba solo,Vió televisión,"Entretenimiento (radio, televisión, computadora, juego en casa)",1,1,1,1,2,8,9,Casa donde vive,11,45,22:00:00,,45,45,45,45,90,360,405,
Claudia11113Raúl1,Claudia11113Raúl,Claudia11113Raúl1,Mañana,Estaba solo,Se baño o arregló,"Dedicación personal (comió, bañó, descansó)",1,1,1,1,1,9,10,Casa donde vive,11,15,6:00:00,,15,15,15,15,15,135,150,
Claudia11113Raúl2,Claudia11113Raúl,Claudia11113Raúl2,Mañana,Estaba solo,Comió,"Dedicación personal (comió, bañó, descansó)",1,1,1,1,1,9,10,Casa donde vive,11,300,9:00:00,,300,300,300,300,300,2700,3000,
Claudia11113Raúl3,Claudia11113Raúl,Claudia11113Raúl3,Mañana,Estaba solo,Se baño o arregló,"Dedicación personal (comió, bañó, descansó)",1,1,1,1,1,9,9,Casa donde vive,11,10,12:00:00,,10,10,10,10,10,90,90,
Claudia11113Raúl4,Claudia11113Raúl,Claudia11113Raúl4,Mañana,Estaba solo,Caminó a algún lado,"Viajó a algún lado (coche, caminando, bicicleta)",1,1,1,1,1,8,7,"Viajó a algún lado (coche, caminando, bicicleta)",12,5,12:00:00,,5,5,5,5,5,40,35,
Claudia11113Raúl5,Claudia11113Raúl,Claudia11113Raúl5,Mañana,Con compañeros de trabajo / escuela / club,Comió,"Dedicación personal (comió, bañó, descansó)",1,1,1,1,1,10,10,Lugar de trabajo,12,60,12:00:00,,60,60,60,60,60,600,600,
Claudia11113Raúl6,Claudia11113Raúl,Claudia11113Raúl6,Mañana,Con compañeros de trabajo / escuela / club,Trabajó,Trabajó,1,1,1,1,1,7,10,Lugar de trabajo,12,360,16:00:00,9,360,360,360,360,360,2520,3600,3240
Claudia11113Raúl7,Claudia11113Raúl,Claudia11113Raúl7,Tarde,Estaba solo,Caminó a algún lado,"Viajó a algún lado (coche, caminando, bicicleta)",1,1,1,1,1,8,9,"Viajó a algún lado (coche, caminando, bicicleta)",11,5,19:00:00,,5,5,5,5,5,40,45,
Claudia11113Raúl8,Claudia11113Raúl,Claudia11113Raúl8,Tarde,Estaba solo,Hizo tareas domésticas,"Tareas domésticas (comida, cuida a los hijos, mascotas)",1,1,1,1,1,9,9,Casa donde vive,11,20,19:00:00,,20,20,20,20,20,180,180,
Claudia11113Raúl9,Claudia11113Raúl,Claudia11113Raúl9,Tarde,Estaba solo,Comió,"Dedicación personal (comió, bañó, descansó)",1,1,1,1,1,1,9,Casa donde vive,11,30,19:00:00,,30,30,30,30,30,30,270,
Claudia11113Raúl10,Claudia11113Raúl,Claudia11113Raúl10,Tarde,Estaba solo,"Descansó (siesta,tomar mate, té o café)","Dedicación personal (comió, bañó, descansó)","2,65732484076433",1,1,5,1,5,2,Casa donde vive,11,300,22:00:00,,"797,197452229299",300,300,1500,300,1500,600,
Claudia11113Raúl11,Claudia11113Raúl,Claudia11113Raúl11,Tarde,Con compañeros de trabajo / escuela / club,Cuidó a los niños,"Tareas domésticas (comida, cuida a los hijos, mascotas)",1,5,5,1,5,2,3,Casa donde vive,11,240,0:00:00,5,240,1200,1200,240,1200,480,720,1200
Claudia11113Raúl12,Claudia11113Raúl,Claudia11113Raúl12,Noche,Estaba solo,Caminó a algún lado,"Viajó a algún lado (coche, caminando, bicicleta)",1,1,1,1,1,5,10,"Viajó a algún lado (coche, caminando, bicicleta)",11,5,0:00:00,,5,5,5,5,5,25,50,
Claudia11113Raúl13,Claudia11113Raúl,Claudia11113Raúl13,Noche,Estaba solo,Se baño o arregló,"Dedicación personal (comió, bañó, descansó)",1,1,1,1,1,9,10,Casa donde vive,11,20,0:00:00,,20,20,20,20,20,180,200,
Claudia11113Raúl14,Claudia11113Raúl,Claudia11113Raúl14,Noche,Estaba solo,"Descansó (siesta,tomar mate, té o café)","Dedicación personal (comió, bañó, descansó)",1,1,1,1,1,10,10,Casa donde vive,11,60,0:00:00,,60,60,60,60,60,600,600,
Claudia11113Raúl15,Claudia11113Raúl,Claudia11113Raúl15,Noche,Estaba solo,Comió,"Dedicación personal (comió, bañó, descansó)",1,1,1,1,1,9,10,Casa donde vive,11,30,0:00:00,,30,30,30,30,30,270,300,
Claudia11113Raúl16,Claudia11113Raúl,Claudia11113Raúl16,Noche,Estaba solo,"Descansó (siesta,tomar mate, té o café)","Dedicación personal (comió, bañó, descansó)",1,1,1,1,1,10,10,Casa donde vive,11,60,0:00:00,,60,60,60,60,60,600,600,
Claudia11114Santiago1,Claudia11114Santiago,Claudia11114Santiago1,Mañana,Estaba solo,Comió,"Dedicación personal (comió, bañó, descansó)",5,6,1,1,1,7,10,Casa donde vive,11,20,7:00:00,,100,120,20,20,20,140,200,
Claudia11114Santiago2,Claudia11114Santiago,Claudia11114Santiago2,Mañana,Estaba solo,Se baño o arregló,"Dedicación personal (comió, bañó, descansó)",4,4,1,1,1,7,8,Casa donde vive,11,10,7:00:00,,40,40,10,10,10,70,80,
Claudia11114Santiago3,Claudia11114Santiago,Claudia11114Santiago3,Mañana,Con otros familiares,Trabajó,Trabajó,6,6,1,1,1,6,9,Casa donde vive,11,240,9:00:00,10,1440,1440,240,240,240,1440,2160,2400
Claudia11114Santiago4,Claudia11114Santiago,Claudia11114Santiago4,Mañana,Con otros familiares,Preparó comida,"Tareas domésticas (comida, cuida a los hijos, mascotas)",2,4,1,1,1,7,9,Casa donde vive,11,60,12:00:00,9,120,240,60,60,60,420,540,540
Claudia11114Santiago5,Claudia11114Santiago,Claudia11114Santiago5,Tarde,Con otros familiares,Comió,"Dedicación personal (comió, bañó, descansó)",1,3,1,1,1,7,8,Casa donde vive,11,30,13:00:00,9,30,90,30,30,30,210,240,270
Claudia11114Santiago6,Claudia11114Santiago,Claudia11114Santiago6,Tarde,Estaba solo,Hizo tareas domésticas,"Tareas domésticas (comida, cuida a los hijos, mascotas)",1,4,1,1,1,7,7,Casa donde vive,11,30,13:00:00,,30,120,30,30,30,210,210,
Claudia11114Santiago7,Claudia11114Santiago,Claudia11114Santiago7,Tarde,Estaba solo,"Descansó (siesta,tomar mate, té o café)","Dedicación personal (comió, bañó, descansó)",1,1,1,1,1,7,9,Casa donde vive,11,135,15:00:00,,135,135,135,135,135,945,1215,
Claudia11114Santiago8,Claudia11114Santiago,Claudia11114Santiago8,Tarde,Estaba solo,Se baño o arregló,"Dedicación personal (comió, bañó, descansó)",3,3,1,1,1,7,8,Casa donde vive,11,10,16:00:00,,30,30,10,10,10,70,80,
Claudia11114Santiago9,Claudia11114Santiago,Claudia11114Santiago9,Tarde,Con otros familiares,Trabajó,Trabajó,3,3,3,1,1,7,8,Casa donde vive,11,120,17:00:00,9,360,360,360,120,120,840,960,1080
Claudia11114Santiago10,Claudia11114Santiago,Claudia11114Santiago10,Noche,Estaba solo,Comió,"Dedicación personal (comió, bañó, descansó)",3,1,1,1,1,8,8,Casa donde vive,11,15,18:00:00,,45,15,15,15,15,120,120,
Claudia11114Santiago11,Claudia11114Santiago,Claudia11114Santiago11,Noche,Con otros familiares,Trabajó,Trabajó,1,1,1,1,1,7,8,Casa donde vive,11,120,19:00:00,9,120,120,120,120,120,840,960,1080
Claudia11114Santiago12,Claudia11114Santiago,Claudia11114Santiago12,Noche,Estaba solo,Leyó / Estudió,Leyó o estudió,1,1,1,1,1,8,10,Casa donde vive,11,90,21:00:00,,90,90,90,90,90,720,900,
Claudia11114Santiago13,Claudia11114Santiago,Claudia11114Santiago13,Noche,Estaba solo,Comió,"Dedicación personal (comió, bañó, descansó)",1,1,1,1,1,8,10,Casa donde vive,11,30,22:00:00,,30,30,30,30,30,240,300,
Claudia11114Santiago14,Claudia11114Santiago,Claudia11114Santiago14,Noche,Con otros familiares,Comió,"Dedicación personal (comió, bañó, descansó)",1,1,1,1,1,7,9,Casa donde vive,11,30,22:00:00,10,30,30,30,30,30,210,270,300
Claudia11114Santiago15,Claudia11114Santiago,Claudia11114Santiago15,Noche,Estaba solo,Vió televisión,"Entretenimiento (radio, televisión, computadora, juego en casa)",1,1,1,1,1,8,9,Casa donde vive,11,120,0:00:00,,120,120,120,120,120,960,1080,
Claudia11118Salvador1,Claudia11118Salvador,Claudia11118Salvador1,Mañana,Estaba solo,Se baño o arregló,"Dedicación personal (comió, bañó, descansó)",1,1,1,1,3,8,8,Casa donde vive,11,15,9:00:00,,15,15,15,15,45,120,120,
Claudia11118Salvador2,Claudia11118Salvador,Claudia11118Salvador2,Mañana,Con su pareja,Comió,"Dedicación personal (comió, bañó, descansó)",1,1,1,1,1,8,8,Casa donde vive,11,60,9:00:00,9,60,60,60,60,60,480,480,540
Claudia11118Salvador3,Claudia11118Salvador,Claudia11118Salvador3,Mañana,Estaba solo,Trabajó,Trabajó,1,1,1,1,3,7,8,Casa donde vive,11,180,11:00:00,,180,180,180,180,540,1260,1440,
Claudia11118Salvador4,Claudia11118Salvador,Claudia11118Salvador4,Tarde,Con su pareja,Comió,"Dedicación personal (comió, bañó, descansó)",1,1,1,1,1,7,8,Casa donde vive,11,60,13:00:00,10,60,60,60,60,60,420,480,600
Claudia11118Salvador5,Claudia11118Salvador,Claudia11118Salvador5,Tarde,Estaba solo,"Descansó (siesta,tomar mate, té o café)","Dedicación personal (comió, bañó, descansó)",1,1,1,1,1,8,9,Casa donde vive,11,60,14:00:00,,60,60,60,60,60,480,540,
Claudia11118Salvador6,Claudia11118Salvador,Claudia11118Salvador6,Tarde,Con su pareja,Comió,"Dedicación personal (comió, bañó, descansó)",1,1,1,1,1,8,8,Casa donde vive,11,30,15:00:00,10,30,30,30,30,30,240,240,300
Claudia11118Salvador7,Claudia11118Salvador,Claudia11118Salvador7,Tarde,Estaba solo,Trabajó,Trabajó,1,1,1,1,3,7,8,Casa donde vive,11,240,17:00:00,,240,240,240,240,720,1680,1920,
Claudia11118Salvador8,Claudia11118Salvador,Claudia11118Salvador8,Noche,Estaba solo,Se baño o arregló,"Dedicación personal (comió, bañó, descansó)",1,1,1,1,1,8,8,Casa donde vive,11,15,19:00:00,,15,15,15,15,15,120,120,
Claudia11118Salvador9,Claudia11118Salvador,Claudia11118Salvador9,Noche,Con su pareja,Vió televisión,"Entretenimiento (radio, televisión, computadora, juego en casa)",1,1,5,1,1,8,8,Casa donde vive,11,60,20:00:00,10,60,60,300,60,60,480,480,600
Claudia11118Salvador10,Claudia11118Salvador,Claudia11118Salvador10,Noche,Con su pareja,Comió,"Dedicación personal (comió, bañó, descansó)",1,1,1,1,1,8,8,Casa donde vive,11,30,21:00:00,10,30,30,30,30,30,240,240,300
Claudia11118Salvador11,Claudia11118Salvador,Claudia11118Salvador11,Noche,Con su pareja,Vió televisión,"Entretenimiento (radio, televisión, computadora, juego en casa)",1,1,1,1,1,8,8,Casa donde vive,11,60,21:00:00,10,60,60,60,60,60,480,480,600
Claudia11402Juan Manuel1,Claudia11402Juan Manuel,Claudia11402Juan Manuel1,Mañana,Con su pareja,Comió,"Dedicación personal (comió, bañó, descansó)",7,1,1,5,1,8,9,Casa donde vive,11,60,8:00:00,8,420,60,60,300,60,480,540,480
Claudia11402Juan Manuel2,Claudia11402Juan Manuel,Claudia11402Juan Manuel2,Mañana,Con su pareja,Hizo tareas domésticas,"Tareas domésticas (comida, cuida a los hijos, mascotas)",1,1,1,1,2,7,9,Casa donde vive,11,60,9:00:00,8,60,60,60,60,120,420,540,480
Claudia11402Juan Manuel3,Claudia11402Juan Manuel,Claudia11402Juan Manuel3,Tarde,Con su pareja,Comió,"Dedicación personal (comió, bañó, descansó)",1,1,3,1,1,7,8,Casa donde vive,11,60,10:00:00,8,60,60,180,60,60,420,480,480
Claudia11402Juan Manuel4,Claudia11402Juan Manuel,Claudia11402Juan Manuel4,Tarde,Estaba solo,Leyó / Estudió,Leyó o estudió,8,1,3,1,1,7,8,Casa donde vive,11,60,11:00:00,,480,60,180,60,60,420,480,
Claudia11402Juan Manuel5,Claudia11402Juan Manuel,Claudia11402Juan Manuel5,Tarde,Con su pareja,Trabajó,Trabajó,3,1,3,1,1,7,8,Casa donde vive,11,150,12:00:00,8,450,150,450,150,150,1050,1200,1200
Claudia11402Juan Manuel6,Claudia11402Juan Manuel,Claudia11402Juan Manuel6,Noche,Con su pareja,Comió,"Dedicación personal (comió, bañó, descansó)",3,1,3,1,1,7,8,Casa donde vive,11,30,14:00:00,8,90,30,90,30,30,210,240,240
Claudia11402Juan Manuel7,Claudia11402Juan Manuel,Claudia11402Juan Manuel7,Noche,Con su pareja,"Descansó (siesta,tomar mate, té o café)","Dedicación personal (comió, bañó, descansó)",1,1,1,1,1,7,8,Casa donde vive,11,60,15:00:00,9,60,60,60,60,60,420,480,540
Claudia11402Juan Manuel8,Claudia11402Juan Manuel,Claudia11402Juan Manuel8,Noche,Estaba solo,Se baño o arregló,"Dedicación personal (comió, bañó, descansó)",1,1,1,1,1,7,9,Casa donde vive,11,10,15:00:00,,10,10,10,10,10,70,90,
Claudia11402Juan Manuel9,Claudia11402Juan Manuel,Claudia11402Juan Manuel9,Noche,Con su pareja,Preparó comida,"Tareas domésticas (comida, cuida a los hijos, mascotas)",1,1,1,1,1,6,8,Casa donde vive,11,40,16:00:00,9,40,40,40,40,40,240,320,360
Claudia11402Juan Manuel10,Claudia11402Juan Manuel,Claudia11402Juan Manuel10,Noche,Con su pareja,Comió,"Dedicación personal (comió, bañó, descansó)",1,1,1,1,1,6,8,Casa donde vive,11,30,16:00:00,9,30,30,30,30,30,180,240,270
Claudia11402Juan Manuel11,Claudia11402Juan Manuel,Claudia11402Juan Manuel11,Noche,Con su pareja,Hizo tareas domésticas,"Tareas domésticas (comida, cuida a los hijos, mascotas)",1,1,1,3,1,6,8,Casa donde vive,11,30,17:00:00,9,30,30,30,90,30,180,240,270
Claudia11402Juan Manuel12,Claudia11402Juan Manuel,Claudia11402Juan Manuel12,Noche,Con su pareja,Vió televisión,"Entretenimiento (radio, televisión, computadora, juego en casa)",1,1,1,"1,62559846792212",1,7,8,Casa donde vive,11,120,18:00:00,9,120,120,120,"195,071816150654",120,840,960,1080
Claudia12302Sergio1,Claudia12302Sergio,Claudia12302Sergio1,Mañana,Estaba solo,Se baño o arregló,"Dedicación personal (comió, bañó, descansó)",8,1,1,1,6,4,8,Casa donde vive,12,20,10:00:00,,160,20,20,20,120,80,160,
Claudia12302Sergio2,Claudia12302Sergio,Claudia12302Sergio2,Mañana,Estaba solo,Comió,"Dedicación personal (comió, bañó, descansó)",6,1,1,1,6,4,8,Casa donde vive,12,10,10:00:00,,60,10,10,10,60,40,80,
Claudia12302Sergio3,Claudia12302Sergio,Claudia12302Sergio3,Mañana,Con amigos,Viajó en coche/colectivo/moto,"Viajó a algún lado (coche, caminando, bicicleta)",8,1,1,1,7,4,8,"Viajó a algún lado (coche, caminando, bicicleta)",10,10,11:00:00,10,80,10,10,10,70,40,80,100
Claudia12302Sergio4,Claudia12302Sergio,Claudia12302Sergio4,Mañana,Con amigos,Habló con alguien,"Relaciones sociales (Charlar, cuidar, actividad religiosa, otras relaciones)",8,1,6,1,6,4,8,Organismos de servicios privado ,10,80,11:00:00,10,640,80,480,80,480,320,640,800
Claudia12302Sergio5,Claudia12302Sergio,Claudia12302Sergio5,Tarde,Con amigos,Viajó en coche/colectivo/moto,"Viajó a algún lado (coche, caminando, bicicleta)",6,1,1,1,6,4,8,"Viajó a algún lado (coche, caminando, bicicleta)",12,15,12:00:00,10,90,15,15,15,90,60,120,150
Claudia12302Sergio6,Claudia12302Sergio,Claudia12302Sergio6,Tarde,Con amigos,Habló con alguien,"Relaciones sociales (Charlar, cuidar, actividad religiosa, otras relaciones)",7,1,1,1,6,4,8,Organismos de servicios privado ,12,120,13:00:00,10,840,120,120,120,720,480,960,1200
Claudia12302Sergio7,Claudia12302Sergio,Claudia12302Sergio7,Tarde,Estaba solo,Viajó en coche/colectivo/moto,"Viajó a algún lado (coche, caminando, bicicleta)",6,1,1,1,7,4,8,"Viajó a algún lado (coche, caminando, bicicleta)",12,5,14:00:00,,30,5,5,5,35,20,40,
Claudia12302Sergio8,Claudia12302Sergio,Claudia12302Sergio8,Tarde,Estaba solo,Comió,"Dedicación personal (comió, bañó, descansó)",7,1,1,1,6,4,8,Casa donde vive,12,45,15:00:00,,315,45,45,45,270,180,360,
Claudia12302Sergio9,Claudia12302Sergio,Claudia12302Sergio9,Tarde,Estaba solo,Hizo tareas domésticas,"Tareas domésticas (comida, cuida a los hijos, mascotas)",7,1,1,1,7,4,8,Casa donde vive,12,60,16:00:00,,420,60,60,60,420,240,480,
Claudia12302Sergio10,Claudia12302Sergio,Claudia12302Sergio10,Tarde,Con amigos,Caminó a algún lado,"Viajó a algún lado (coche, caminando, bicicleta)",6,1,1,1,7,4,8,"Viajó a algún lado (coche, caminando, bicicleta)",12,5,16:00:00,10,30,5,5,5,35,20,40,50
Claudia12302Sergio11,Claudia12302Sergio,Claudia12302Sergio11,Tarde,Con amigos,Habló con alguien,"Relaciones sociales (Charlar, cuidar, actividad religiosa, otras relaciones)",6,1,1,1,6,3,8,Bar o café,12,105,17:00:00,10,630,105,105,105,630,315,840,1050
Claudia12302Sergio12,Claudia12302Sergio,Claudia12302Sergio12,Noche,Estaba solo,Caminó a algún lado,"Viajó a algún lado (coche, caminando, bicicleta)",7,1,1,1,7,4,8,"Viajó a algún lado (coche, caminando, bicicleta)",12,5,18:00:00,,35,5,5,5,35,20,40,
Claudia12302Sergio13,Claudia12302Sergio,Claudia12302Sergio13,Noche,Estaba solo,Leyó / Estudió,Leyó o estudió,6,1,1,5,7,4,8,Casa donde vive,12,60,18:00:00,,360,60,60,300,420,240,480,
Claudia12302Sergio14,Claudia12302Sergio,Claudia12302Sergio14,Noche,Estaba solo,Preparó comida,"Tareas domésticas (comida, cuida a los hijos, mascotas)",8,2,1,1,6,4,8,Casa donde vive,12,60,19:00:00,,480,120,60,60,360,240,480,
Claudia12302Sergio15,Claudia12302Sergio,Claudia12302Sergio15,Noche,Estaba solo,Comió,"Dedicación personal (comió, bañó, descansó)",6,1,1,1,6,6,8,Casa donde vive,12,60,20:00:00,,360,60,60,60,360,360,480,
Claudia12302Sergio16,Claudia12302Sergio,Claudia12302Sergio16,Noche,Estaba solo,Vió televisión,"Entretenimiento (radio, televisión, computadora, juego en casa)",6,1,1,1,4,4,7,Casa donde vive,12,120,22:00:00,,720,120,120,120,480,480,840,
Claudia12303Elvira1,Claudia12303Elvira,Claudia12303Elvira1,Mañana,Estaba solo,Hizo tareas domésticas,"Tareas domésticas (comida, cuida a los hijos, mascotas)",1,1,1,1,1,8,7,Casa donde vive,12,40,7:00:00,,40,40,40,40,40,320,280,
Claudia12303Elvira2,Claudia12303Elvira,Claudia12303Elvira2,Mañana,Estaba solo,Comió,"Dedicación personal (comió, bañó, descansó)",1,1,1,1,7,8,8,Casa donde vive,12,30,8:00:00,,30,30,30,30,210,240,240,
Claudia12303Elvira3,Claudia12303Elvira,Claudia12303Elvira3,Mañana,Estaba solo,Caminó a algún lado,"Viajó a algún lado (coche, caminando, bicicleta)",1,1,1,1,1,8,8,"Viajó a algún lado (coche, caminando, bicicleta)",12,5,8:00:00,,5,5,5,5,5,40,40,
Claudia12303Elvira4,Claudia12303Elvira,Claudia12303Elvira4,Mañana,Destinatario de nuestra actividad laboral (Cliente / paciente / alumno),Trabajó,Trabajó,8,1,1,1,1,8,7,Lugar de trabajo,12,180,10:00:00,9,1440,180,180,180,180,1440,1260,1620
Claudia12303Elvira5,Claudia12303Elvira,Claudia12303Elvira5,Tarde,Estaba solo,Caminó a algún lado,"Viajó a algún lado (coche, caminando, bicicleta)",3,1,1,1,1,8,8,"Viajó a algún lado (coche, caminando, bicicleta)",12,5,11:00:00,,15,5,5,5,5,40,40,
Claudia12303Elvira6,Claudia12303Elvira,Claudia12303Elvira6,Tarde,Estaba solo,Preparó comida,"Tareas domésticas (comida, cuida a los hijos, mascotas)",1,1,1,1,1,8,8,Casa donde vive,12,40,12:00:00,,40,40,40,40,40,320,320,
Claudia12303Elvira7,Claudia12303Elvira,Claudia12303Elvira7,Tarde,Estaba solo,Comió,"Dedicación personal (comió, bañó, descansó)",3,1,1,1,1,8,8,Casa donde vive,12,20,12:00:00,,60,20,20,20,20,160,160,
Claudia12303Elvira8,Claudia12303Elvira,Claudia12303Elvira8,Tarde,Estaba solo,Hizo tareas domésticas,"Tareas domésticas (comida, cuida a los hijos, mascotas)",4,1,1,1,2,7,8,Casa donde vive,12,30,13:00:00,,120,30,30,30,60,210,240,
Claudia12303Elvira9,Claudia12303Elvira,Claudia12303Elvira9,Tarde,Estaba solo,"Descansó (siesta,tomar mate, té o café)","Dedicación personal (comió, bañó, descansó)",6,1,1,1,1,8,8,Casa donde vive,12,90,14:00:00,,540,90,90,90,90,720,720,
Claudia12303Elvira10,Claudia12303Elvira,Claudia12303Elvira10,Tarde,Estaba solo,Comió,"Dedicación personal (comió, bañó, descansó)",6,1,1,1,1,8,8,Casa donde vive,12,15,15:00:00,,90,15,15,15,15,120,120,
Claudia12303Elvira11,Claudia12303Elvira,Claudia12303Elvira11,Tarde,Estaba solo,Caminó a algún lado,"Viajó a algún lado (coche, caminando, bicicleta)",5,1,1,1,1,8,8,"Viajó a algún lado (coche, caminando, bicicleta)",12,5,15:00:00,,25,5,5,5,5,40,40,
Claudia12303Elvira12,Claudia12303Elvira,Claudia12303Elvira12,Tarde,Destinatario de nuestra actividad laboral (Cliente / paciente / alumno),Trabajó,Trabajó,1,1,1,1,1,8,8,Lugar de trabajo,12,240,17:00:00,9,240,240,240,240,240,1920,1920,2160
Claudia12303Elvira13,Claudia12303Elvira,Claudia12303Elvira13,Noche,Estaba solo,Caminó a algún lado,"Viajó a algún lado (coche, caminando, bicicleta)",1,1,1,1,1,8,9,"Viajó a algún lado (coche, caminando, bicicleta)",12,10,19:00:00,,10,10,10,10,10,80,90,
Claudia12303Elvira14,Claudia12303Elvira,Claudia12303Elvira14,Noche,Estaba solo,Fue de compras,Compras,5,1,1,1,1,9,9,"Supermercado, despensa, verdulería, carnicería, dietética",12,40,19:00:00,,200,40,40,40,40,360,360,
Claudia12303Elvira15,Claudia12303Elvira,Claudia12303Elvira15,Noche,Estaba solo,Caminó a algún lado,"Viajó a algún lado (coche, caminando, bicicleta)",1,1,1,1,1,7,8,"Viajó a algún lado (coche, caminando, bicicleta)",12,10,20:00:00,,10,10,10,10,10,70,80,
Claudia12303Elvira16,Claudia12303Elvira,Claudia12303Elvira16,Noche,Estaba solo,Comió,"Dedicación personal (comió, bañó, descansó)",5,1,1,1,1,8,8,Casa donde vive,12,20,20:00:00,,100,20,20,20,20,160,160,
Claudia12303Elvira17,Claudia12303Elvira,Claudia12303Elvira17,Noche,Estaba solo,Leyó / Estudió,Leyó o estudió,5,1,1,1,1,8,8,Casa donde vive,12,60,21:00:00,,300,60,60,60,60,480,480,
Claudia12408Marcelo1,Claudia12408Marcelo,Claudia12408Marcelo1,Mañana,Estaba solo,Comió,"Dedicación personal (comió, bañó, descansó)",7,6,4,4,4,6,6,Casa donde vive,12,60,5:00:00,,420,360,240,240,240,360,360,
Claudia12408Marcelo2,Claudia12408Marcelo,Claudia12408Marcelo2,Mañana,Estaba solo,Se baño o arregló,"Dedicación personal (comió, bañó, descansó)",6,6,3,4,3,6,6,Casa donde vive,12,15,6:00:00,,90,90,45,60,45,90,90,
Claudia12408Marcelo3,Claudia12408Marcelo,Claudia12408Marcelo3,Mañana,Estaba solo,Vió televisión,"Entretenimiento (radio, televisión, computadora, juego en casa)",6,5,4,4,5,6,7,Casa donde vive,12,40,7:00:00,,240,200,160,160,200,240,280,
Claudia12408Marcelo4,Claudia12408Marcelo,Claudia12408Marcelo4,Mañana,Estaba solo,Caminó a algún lado,"Viajó a algún lado (coche, caminando, bicicleta)",4,5,1,1,3,6,8,"Viajó a algún lado (coche, caminando, bicicleta)",2,60,7:00:00,,240,300,60,60,180,360,480,
Claudia12408Marcelo5,Claudia12408Marcelo,Claudia12408Marcelo5,Mañana,Estaba solo,Caminó a algún lado,"Viajó a algún lado (coche, caminando, bicicleta)",5,5,1,1,3,7,8,"Viajó a algún lado (coche, caminando, bicicleta)",12,60,8:00:00,,300,300,60,60,180,420,480,
Claudia12408Marcelo6,Claudia12408Marcelo,Claudia12408Marcelo6,Mañana,Estaba solo,Se baño o arregló,"Dedicación personal (comió, bañó, descansó)",3,4,1,1,3,6,8,Casa donde vive,12,15,9:00:00,,45,60,15,15,45,90,120,
Claudia12408Marcelo7,Claudia12408Marcelo,Claudia12408Marcelo7,Mañana,Estaba solo,Trabajó,Trabajó,6,5,6,1,4,5,6,Casa donde vive,12,150,10:00:00,,900,750,900,150,600,750,900,
Claudia12408Marcelo8,Claudia12408Marcelo,Claudia12408Marcelo8,Tarde,Con su pareja,Preparó comida,"Tareas domésticas (comida, cuida a los hijos, mascotas)",6,3,1,1,4,7,8,Casa donde vive,12,30,12:00:00,10,180,90,30,30,120,210,240,300
Claudia12408Marcelo9,Claudia12408Marcelo,Claudia12408Marcelo9,Tarde,Con su pareja,Comió,"Dedicación personal (comió, bañó, descansó)",6,3,1,2,4,7,9,Casa donde vive,12,30,12:00:00,10,180,90,30,60,120,210,270,300
Claudia12408Marcelo10,Claudia12408Marcelo,Claudia12408Marcelo10,Tarde,Con su pareja,"Descansó (siesta,tomar mate, té o café)","Dedicación personal (comió, bañó, descansó)",4,1,2,2,4,6,7,Casa donde vive,12,60,13:00:00,10,240,60,120,120,240,360,420,600
Claudia12408Marcelo11,Claudia12408Marcelo,Claudia12408Marcelo11,Tarde,Estaba solo,Trabajó,Trabajó,6,3,3,1,3,7,6,Casa donde vive,12,240,16:00:00,,1440,720,720,240,720,1680,1440,
Claudia12408Marcelo12,Claudia12408Marcelo,Claudia12408Marcelo12,Noche,Con su pareja,Comió,"Dedicación personal (comió, bañó, descansó)",5,2,2,2,2,6,8,Casa donde vive,12,60,18:00:00,10,300,120,120,120,120,360,480,600
Claudia12408Marcelo13,Claudia12408Marcelo,Claudia12408Marcelo13,Noche,Con su pareja,Vió televisión,"Entretenimiento (radio, televisión, computadora, juego en casa)",6,4,4,2,4,6,8,Casa donde vive,12,60,19:00:00,8,360,240,240,120,240,360,480,480
Claudia12408Marcelo14,Claudia12408Marcelo,Claudia12408Marcelo14,Noche,Con su pareja,Comió,"Dedicación personal (comió, bañó, descansó)",4,4,4,2,4,4,8,Casa donde vive,12,30,20:00:00,9,120,120,120,60,120,120,240,270
Claudia12408Marcelo15,Claudia12408Marcelo,Claudia12408Marcelo15,Noche,Estaba solo,Leyó / Estudió,Leyó o estudió,5,3,1,1,2,6,8,Casa donde vive,12,60,21:00:00,,300,180,60,60,120,360,480,
Claudia131314Victor1,Claudia131314Victor,Claudia131314Victor1,Mañana,Estaba solo,Se baño o arregló,"Dedicación personal (comió, bañó, descansó)",3,6,1,"1,62559846792212",1,7,9,Casa donde vive,13,30,11:00:00,,90,180,30,"48,7679540376636",30,210,270,
Claudia131314Victor2,Claudia131314Victor,Claudia131314Victor2,Mañana,Estaba solo,Comió,"Dedicación personal (comió, bañó, descansó)",5,5,4,1,5,6,7,Casa donde vive,13,15,11:00:00,,75,75,60,15,75,90,105,
Claudia131314Victor3,Claudia131314Victor,Claudia131314Victor3,Mañana,Estaba solo,Hizo tareas domésticas,"Tareas domésticas (comida, cuida a los hijos, mascotas)",3,4,1,1,6,7,8,Casa donde vive,13,120,12:00:00,,360,480,120,120,720,840,960,
Claudia131314Victor4,Claudia131314Victor,Claudia131314Victor4,Tarde,Estaba solo,Comió,"Dedicación personal (comió, bañó, descansó)",2,2,1,1,1,8,9,Casa donde vive,13,30,13:00:00,,60,60,30,30,30,240,270,
Claudia131314Victor5,Claudia131314Victor,Claudia131314Victor5,Tarde,Estaba solo,"Descansó (siesta,tomar mate, té o café)","Dedicación personal (comió, bañó, descansó)",2,1,1,1,1,8,8,Casa donde vive,13,90,14:00:00,,180,90,90,90,90,720,720,
Claudia131314Victor6,Claudia131314Victor,Claudia131314Victor6,Tarde,Destinatario de nuestra actividad laboral (Cliente / paciente / alumno),Trabajó,Trabajó,5,6,1,1,5,8,8,Casa donde vive,13,240,17:00:00,8,1200,1440,240,240,1200,1920,1920,1920
Claudia131314Victor7,Claudia131314Victor,Claudia131314Victor7,Noche,Destinatario de nuestra actividad laboral (Cliente / paciente / alumno),Comió,"Dedicación personal (comió, bañó, descansó)",5,5,1,1,4,7,9,Casa donde vive,13,10,19:00:00,10,50,50,10,10,40,70,90,100
Claudia131314Victor8,Claudia131314Victor,Claudia131314Victor8,Noche,Destinatario de nuestra actividad laboral (Cliente / paciente / alumno),Trabajó,Trabajó,6,6,1,1,5,8,8,Casa donde vive,13,90,20:00:00,10,540,540,90,90,450,720,720,900
Claudia131314Victor9,Claudia131314Victor,Claudia131314Victor9,Noche,Estaba solo,Preparó comida,"Tareas domésticas (comida, cuida a los hijos, mascotas)",5,5,1,1,6,8,8,Casa donde vive,13,30,21:00:00,,150,150,30,30,180,240,240,
Claudia131314Victor10,Claudia131314Victor,Claudia131314Victor10,Noche,Estaba solo,Comió,"Dedicación personal (comió, bañó, descansó)",1,1,1,1,1,8,9,Casa donde vive,13,60,22:00:00,,60,60,60,60,60,480,540,
Claudia131314Victor11,Claudia131314Victor,Claudia131314Victor11,Noche,Estaba solo,Vió televisión,"Entretenimiento (radio, televisión, computadora, juego en casa)",4,3,1,1,5,8,9,Casa donde vive,13,150,0:00:00,,600,450,150,150,750,1200,1350,
Claudia131314Victor12,Claudia131314Victor,Claudia131314Victor12,Noche,Estaba solo,Hizo tareas domésticas,"Tareas domésticas (comida, cuida a los hijos, mascotas)",3,4,1,1,6,8,8,Casa donde vive,13,30,0:00:00,,90,120,30,30,180,240,240,
Claudia13206Mariana1,Claudia13206Mariana,Claudia13206Mariana1,Mañana,Con pareja e hijos,"Descansó (siesta,tomar mate, té o café)","Dedicación personal (comió, bañó, descansó)",2,6,1,1,3,8,9,Casa donde vive,13,40,11:00:00,10,80,240,40,40,120,320,360,400
Claudia13206Mariana2,Claudia13206Mariana,Claudia13206Mariana2,Mañana,Con pareja e hijos,Hizo tareas domésticas,"Tareas domésticas (comida, cuida a los hijos, mascotas)",3,9,3,1,7,3,6,Casa donde vive,13,90,12:00:00,6,270,810,270,90,630,270,540,540
Claudia13206Mariana3,Claudia13206Mariana,Claudia13206Mariana3,Tarde,Estaba solo,Jugó (cartas /juegos),"Entretenimiento (radio, televisión, computadora, juego en casa)",1,1,1,1,2,9,9,Casa donde vive,13,30,13:00:00,,30,30,30,30,60,270,270,
Claudia13206Mariana4,Claudia13206Mariana,Claudia13206Mariana4,Tarde,Estaba solo,Se baño o arregló,"Dedicación personal (comió, bañó, descansó)",1,3,1,1,1,10,8,Casa donde vive,13,25,14:00:00,,25,75,25,25,25,250,200,
Claudia13206Mariana5,Claudia13206Mariana,Claudia13206Mariana5,Tarde,Con pareja e hijos,Comió,"Dedicación personal (comió, bañó, descansó)",5,6,5,1,6,5,6,Casa donde vive,13,35,14:00:00,8,175,210,175,35,210,175,210,280
Claudia13206Mariana6,Claudia13206Mariana,Claudia13206Mariana6,Tarde,Estaba solo,Hizo tareas domésticas,"Tareas domésticas (comida, cuida a los hijos, mascotas)",3,6,3,1,3,6,6,Casa donde vive,13,20,14:00:00,,60,120,60,20,60,120,120,
Claudia13206Mariana7,Claudia13206Mariana,Claudia13206Mariana7,Tarde,Con pareja e hijos,Viajó en coche/colectivo/moto,"Viajó a algún lado (coche, caminando, bicicleta)",6,8,6,5,7,4,6,"Viajó a algún lado (coche, caminando, bicicleta)",13,15,15:00:00,9,90,120,90,75,105,60,90,135
Claudia13206Mariana8,Claudia13206Mariana,Claudia13206Mariana8,Tarde,Con pareja e hijos,Fue de compras,Compras,5,7,"1,82854406130268","1,62559846792212",4,6,8,Comercio de ropa u otro tipo de comercio de compras,13,180,16:00:00,9,900,1260,"329,137931034483","292,607724225982",720,1080,1440,1620
Claudia13206Mariana9,Claudia13206Mariana,Claudia13206Mariana9,Noche,Con pareja e hijos,Viajó en coche/colectivo/moto,"Viajó a algún lado (coche, caminando, bicicleta)",5,6,5,1,8,5,5,"Viajó a algún lado (coche, caminando, bicicleta)",13,15,18:00:00,9,75,90,75,15,120,75,75,135
Claudia13206Mariana10,Claudia13206Mariana,Claudia13206Mariana10,Noche,Con su pareja,Hizo tareas domésticas,"Tareas domésticas (comida, cuida a los hijos, mascotas)",3,9,5,1,8,3,4,Casa donde vive,13,45,19:00:00,9,135,405,225,45,360,135,180,405
Claudia13206Mariana11,Claudia13206Mariana,Claudia13206Mariana11,Noche,Con pareja e hijos,Comió,"Dedicación personal (comió, bañó, descansó)",2,2,1,1,2,9,9,Casa donde vive,13,60,19:00:00,9,120,120,60,60,120,540,540,540
Claudia13206Mariana12,Claudia13206Mariana,Claudia13206Mariana12,Noche,Estaba solo,Hizo tareas domésticas,"Tareas domésticas (comida, cuida a los hijos, mascotas)",2,2,2,1,2,9,6,Casa donde vive,13,20,20:00:00,,40,40,40,20,40,180,120,
Claudia13206Mariana13,Claudia13206Mariana,Claudia13206Mariana13,Noche,Con su pareja,Jugó (cartas /juegos),"Entretenimiento (radio, televisión, computadora, juego en casa)",1,1,1,1,1,10,10,Casa donde vive,13,120,21:00:00,10,120,120,120,120,120,1200,1200,1200
Claudia13206Mariana14,Claudia13206Mariana,Claudia13206Mariana14,Noche,Con su pareja,Vió televisión,"Entretenimiento (radio, televisión, computadora, juego en casa)",1,1,1,1,1,10,10,Casa donde vive,13,120,23:00:00,10,120,120,120,120,120,1200,1200,1200
Claudia13215Mauricio1,Claudia13215Mauricio,Claudia13215Mauricio1,Mañana,Estaba solo,Se baño o arregló,"Dedicación personal (comió, bañó, descansó)",1,1,1,1,1,5,1,Casa donde vive,13,10,7:00:00,,10,10,10,10,10,50,10,
Claudia13215Mauricio2,Claudia13215Mauricio,Claudia13215Mauricio2,Mañana,Estaba solo,Comió,"Dedicación personal (comió, bañó, descansó)",1,1,1,1,1,5,1,Casa donde vive,13,10,7:00:00,,10,10,10,10,10,50,10,
Claudia13215Mauricio3,Claudia13215Mauricio,Claudia13215Mauricio3,Mañana,Destinatario de nuestra actividad laboral (Cliente / paciente / alumno),Viajó en coche/colectivo/moto,"Viajó a algún lado (coche, caminando, bicicleta)",1,1,1,1,1,6,7,"Viajó a algún lado (coche, caminando, bicicleta)",12,10,7:00:00,9,10,10,10,10,10,60,70,90
Claudia13215Mauricio4,Claudia13215Mauricio,Claudia13215Mauricio4,Mañana,Estaba solo,Trabajó,Trabajó,1,1,3,1,1,7,8,Lugar de trabajo,12,390,11:00:00,,390,390,1170,390,390,2730,3120,
Claudia13215Mauricio5,Claudia13215Mauricio,Claudia13215Mauricio5,Tarde,Estaba solo,Viajó en coche/colectivo/moto,"Viajó a algún lado (coche, caminando, bicicleta)",1,1,1,1,1,7,8,"Viajó a algún lado (coche, caminando, bicicleta)",13,10,14:00:00,,10,10,10,10,10,70,80,
Claudia13215Mauricio6,Claudia13215Mauricio,Claudia13215Mauricio6,Tarde,Estaba solo,Comió,"Dedicación personal (comió, bañó, descansó)",1,1,1,1,1,7,8,Casa donde vive,13,15,14:00:00,,15,15,15,15,15,105,120,
Claudia13215Mauricio7,Claudia13215Mauricio,Claudia13215Mauricio7,Tarde,Estaba solo,"Descansó (siesta,tomar mate, té o café)","Dedicación personal (comió, bañó, descansó)",1,1,1,1,1,7,9,Casa donde vive,13,90,15:00:00,,90,90,90,90,90,630,810,
Claudia13215Mauricio8,Claudia13215Mauricio,Claudia13215Mauricio8,Tarde,Estaba solo,Comió,"Dedicación personal (comió, bañó, descansó)",1,1,1,1,1,8,8,Casa donde vive,13,10,16:00:00,,10,10,10,10,10,80,80,
Claudia13215Mauricio9,Claudia13215Mauricio,Claudia13215Mauricio9,Tarde,Estaba solo,Se baño o arregló,"Dedicación personal (comió, bañó, descansó)",1,1,1,1,1,7,8,Casa donde vive,13,10,16:00:00,,10,10,10,10,10,70,80,
Claudia13215Mauricio10,Claudia13215Mauricio,Claudia13215Mauricio10,Tarde,Estaba solo,Viajó en coche/colectivo/moto,"Viajó a algún lado (coche, caminando, bicicleta)",1,5,1,1,1,7,7,"Viajó a algún lado (coche, caminando, bicicleta)",12,10,16:00:00,,10,50,10,10,10,70,70,
Claudia13215Mauricio11,Claudia13215Mauricio,Claudia13215Mauricio11,Tarde,Destinatario de nuestra actividad laboral (Cliente / paciente / alumno),Trabajó,Trabajó,1,4,1,1,1,1,1,Lugar de trabajo,12,210,18:00:00,9,210,840,210,210,210,210,210,1890
Claudia13215Mauricio12,Claudia13215Mauricio,Claudia13215Mauricio12,Noche,Estaba solo,Viajó en coche/colectivo/moto,"Viajó a algún lado (coche, caminando, bicicleta)",1,1,1,1,1,8,8,"Viajó a algún lado (coche, caminando, bicicleta)",13,10,20:00:00,,10,10,10,10,10,80,80,
Claudia13215Mauricio13,Claudia13215Mauricio,Claudia13215Mauricio13,Noche,Con amigos,Comió,"Dedicación personal (comió, bañó, descansó)",1,1,1,1,1,8,10,Casa de amigos,13,120,21:00:00,10,120,120,120,120,120,960,1200,1200
Claudia13215Mauricio14,Claudia13215Mauricio,Claudia13215Mauricio14,Noche,Estaba solo,Viajó en coche/colectivo/moto,"Viajó a algún lado (coche, caminando, bicicleta)",1,1,1,1,1,8,8,"Viajó a algún lado (coche, caminando, bicicleta)",13,10,22:00:00,,10,10,10,10,10,80,80,
Claudia13215Mauricio15,Claudia13215Mauricio,Claudia13215Mauricio15,Noche,Estaba solo,Vió televisión,"Entretenimiento (radio, televisión, computadora, juego en casa)",1,1,1,1,1,8,9,Casa donde vive,13,90,23:00:00,,90,90,90,90,90,720,810,
Claudia1401Florencia1,Claudia1401Florencia,Claudia1401Florencia1,Mañana,Con su pareja,Comió,"Dedicación personal (comió, bañó, descansó)",1,1,1,1,1,7,10,Casa donde vive,1,25,8:00:00,9,25,25,25,25,25,175,250,225
Claudia1401Florencia2,Claudia1401Florencia,Claudia1401Florencia2,Mañana,Con su pareja,Se baño o arregló,"Dedicación personal (comió, bañó, descansó)",1,1,1,1,1,7,9,Casa donde vive,1,5,9:00:00,9,5,5,5,5,5,35,45,45
Claudia1401Florencia3,Claudia1401Florencia,Claudia1401Florencia3,Mañana,Con su pareja,Viajó en coche/colectivo/moto,"Viajó a algún lado (coche, caminando, bicicleta)",1,1,1,1,1,8,10,"Viajó a algún lado (coche, caminando, bicicleta)",1,10,9:00:00,10,10,10,10,10,10,80,100,100
Claudia1401Florencia4,Claudia1401Florencia,Claudia1401Florencia4,Mañana,Destinatario de nuestra actividad laboral (Cliente / paciente / alumno),Trabajó,Trabajó,1,1,1,1,2,7,9,Lugar de trabajo,1,240,11:00:00,10,240,240,240,240,480,1680,2160,2400
Claudia1401Florencia5,Claudia1401Florencia,Claudia1401Florencia5,Tarde,Con su pareja,Viajó en coche/colectivo/moto,"Viajó a algún lado (coche, caminando, bicicleta)",1,4,1,1,1,6,9,"Viajó a algún lado (coche, caminando, bicicleta)",1,10,13:00:00,10,10,40,10,10,10,60,90,100
Claudia1401Florencia6,Claudia1401Florencia,Claudia1401Florencia6,Tarde,Con su pareja,Comió,"Dedicación personal (comió, bañó, descansó)",1,1,1,1,1,8,10,Casa donde vive,1,20,13:00:00,10,20,20,20,20,20,160,200,200
Claudia1401Florencia7,Claudia1401Florencia,Claudia1401Florencia7,Tarde,Con su pareja,Hizo tareas domésticas,"Tareas domésticas (comida, cuida a los hijos, mascotas)",1,3,1,1,1,7,8,Casa donde vive,1,60,14:00:00,9,60,180,60,60,60,420,480,540
Claudia1401Florencia8,Claudia1401Florencia,Claudia1401Florencia8,Tarde,Con su pareja,"Descansó (siesta,tomar mate, té o café)","Dedicación personal (comió, bañó, descansó)",1,1,1,1,1,9,10,Casa donde vive,1,120,15:00:00,10,120,120,120,120,120,1080,1200,1200
Claudia1401Florencia9,Claudia1401Florencia,Claudia1401Florencia9,Tarde,Con su pareja,Se baño o arregló,"Dedicación personal (comió, bañó, descansó)",3,4,1,1,1,7,8,Casa donde vive,1,10,16:00:00,9,30,40,10,10,10,70,80,90
Claudia1401Florencia10,Claudia1401Florencia,Claudia1401Florencia10,Tarde,Con su pareja,Viajó en coche/colectivo/moto,"Viajó a algún lado (coche, caminando, bicicleta)",1,4,1,1,1,7,8,"Viajó a algún lado (coche, caminando, bicicleta)",1,10,16:00:00,10,10,40,10,10,10,70,80,100
Claudia1401Florencia11,Claudia1401Florencia,Claudia1401Florencia11,Tarde,Destinatario de nuestra actividad laboral (Cliente / paciente / alumno),Trabajó,Trabajó,1,1,1,1,2,7,9,Lugar de trabajo,1,300,19:00:00,10,300,300,300,300,600,2100,2700,3000
Claudia1401Florencia12,Claudia1401Florencia,Claudia1401Florencia12,Noche,Con su pareja,Viajó en coche/colectivo/moto,"Viajó a algún lado (coche, caminando, bicicleta)",1,1,1,1,1,7,9,"Viajó a algún lado (coche, caminando, bicicleta)",1,10,22:00:00,9,10,10,10,10,10,70,90,90
Claudia1401Florencia13,Claudia1401Florencia,Claudia1401Florencia13,Noche,Con su pareja,Comió,"Dedicación personal (comió, bañó, descansó)",1,1,1,1,1,8,10,Casa donde vive,1,60,22:00:00,10,60,60,60,60,60,480,600,600
Claudia1401Florencia14,Claudia1401Florencia,Claudia1401Florencia14,Noche,Con su pareja,Hizo tareas domésticas,"Tareas domésticas (comida, cuida a los hijos, mascotas)",1,1,1,1,3,8,8,Casa donde vive,1,30,23:00:00,9,30,30,30,30,90,240,240,270
Claudia1401Florencia15,Claudia1401Florencia,Claudia1401Florencia15,Noche,Con su pareja,Vió televisión,"Entretenimiento (radio, televisión, computadora, juego en casa)",1,1,1,1,1,8,10,Casa donde vive,1,60,0:00:00,10,60,60,60,60,60,480,600,600
Claudia1402Alejandro1,Claudia1402Alejandro,Claudia1402Alejandro1,Mañana,Estaba solo,Se baño o arregló,"Dedicación personal (comió, bañó, descansó)",6,1,1,1,1,7,8,Casa donde vive,1,10,7:00:00,,60,10,10,10,10,70,80,
Claudia1402Alejandro2,Claudia1402Alejandro,Claudia1402Alejandro2,Mañana,Estaba solo,Comió,"Dedicación personal (comió, bañó, descansó)",6,6,1,1,1,6,9,Casa donde vive,1,10,7:00:00,,60,60,10,10,10,60,90,
Claudia1402Alejandro3,Claudia1402Alejandro,Claudia1402Alejandro3,Mañana,Estaba solo,Viajó en coche/colectivo/moto,"Viajó a algún lado (coche, caminando, bicicleta)",6,6,1,1,1,6,8,"Viajó a algún lado (coche, caminando, bicicleta)",15,15,7:00:00,,90,90,15,15,15,90,120,
Claudia1402Alejandro4,Claudia1402Alejandro,Claudia1402Alejandro4,Mañana,Con compañeros de trabajo / escuela / club,Trabajó,Trabajó,5,3,1,1,1,6,8,Lugar de trabajo,15,360,10:00:00,9,1800,1080,360,360,360,2160,2880,3240
Claudia1402Alejandro5,Claudia1402Alejandro,Claudia1402Alejandro5,Tarde,Con compañeros de trabajo / escuela / club,Comió,"Dedicación personal (comió, bañó, descansó)",3,2,1,1,1,6,9,Lugar de trabajo,15,20,13:00:00,9,60,40,20,20,20,120,180,180
Claudia1402Alejandro6,Claudia1402Alejandro,Claudia1402Alejandro6,Tarde,Con compañeros de trabajo / escuela / club,Trabajó,Trabajó,3,5,1,1,1,7,8,Lugar de trabajo,15,320,16:00:00,9,960,1600,320,320,320,2240,2560,2880
Claudia1402Alejandro7,Claudia1402Alejandro,Claudia1402Alejandro7,Noche,Estaba solo,Viajó en coche/colectivo/moto,"Viajó a algún lado (coche, caminando, bicicleta)",1,1,1,1,1,7,8,"Viajó a algún lado (coche, caminando, bicicleta)",1,15,19:00:00,,15,15,15,15,15,105,120,
Claudia1402Alejandro8,Claudia1402Alejandro,Claudia1402Alejandro8,Noche,Con su pareja,Comió,"Dedicación personal (comió, bañó, descansó)",1,1,1,1,1,8,9,Casa donde vive,1,20,19:00:00,9,20,20,20,20,20,160,180,180
Claudia1402Alejandro9,Claudia1402Alejandro,Claudia1402Alejandro9,Noche,Con su pareja,Se baño o arregló,"Dedicación personal (comió, bañó, descansó)",1,1,1,1,1,8,9,Casa donde vive,1,10,19:00:00,9,10,10,10,10,10,80,90,90
Claudia1402Alejandro10,Claudia1402Alejandro,Claudia1402Alejandro10,Noche,Estaba solo,Viajó en coche/colectivo/moto,"Viajó a algún lado (coche, caminando, bicicleta)",1,3,1,1,1,7,8,"Viajó a algún lado (coche, caminando, bicicleta)",11,15,20:00:00,,15,45,15,15,15,105,120,
Claudia1402Alejandro11,Claudia1402Alejandro,Claudia1402Alejandro11,Noche,Destinatario de nuestra actividad laboral (Cliente / paciente / alumno),Hizo ejercicio o dio paseo,Hizo ejercicio o dio paseo,1,1,1,1,1,8,9,Gimnasio y spa,11,60,20:00:00,10,60,60,60,60,60,480,540,600
Claudia1402Alejandro12,Claudia1402Alejandro,Claudia1402Alejandro12,Noche,Estaba solo,Viajó en coche/colectivo/moto,"Viajó a algún lado (coche, caminando, bicicleta)",1,1,1,1,1,8,8,"Viajó a algún lado (coche, caminando, bicicleta)",1,15,21:00:00,,15,15,15,15,15,120,120,
Claudia1402Alejandro13,Claudia1402Alejandro,Claudia1402Alejandro13,Noche,Estaba solo,Se baño o arregló,"Dedicación personal (comió, bañó, descansó)",1,1,1,1,1,8,9,Casa donde vive,1,15,21:00:00,,15,15,15,15,15,120,135,
Claudia1417Esteban1,Claudia1417Esteban,Claudia1417Esteban1,Mañana,Estaba solo,Comió,"Dedicación personal (comió, bañó, descansó)",5,1,8,5,7,6,8,Casa donde vive,1,15,8:00:00,,75,15,120,75,105,90,120,
Claudia1417Esteban2,Claudia1417Esteban,Claudia1417Esteban2,Mañana,Con sus hijos jóvenes o nietos,Viajó en coche/colectivo/moto,"Viajó a algún lado (coche, caminando, bicicleta)",7,8,3,4,1,8,8,"Viajó a algún lado (coche, caminando, bicicleta)",1,15,8:00:00,9,105,120,45,60,15,120,120,135
Claudia1417Esteban3,Claudia1417Esteban,Claudia1417Esteban3,Mañana,Estaba solo,Viajó en coche/colectivo/moto,"Viajó a algún lado (coche, caminando, bicicleta)",1,5,5,5,6,7,8,"Viajó a algún lado (coche, caminando, bicicleta)",11,10,8:00:00,,10,50,50,50,60,70,80,
Claudia1417Esteban4,Claudia1417Esteban,Claudia1417Esteban4,Mañana,Destinatario de nuestra actividad laboral (Cliente / paciente / alumno),Trabajó,Trabajó,1,3,1,1,1,7,8,Lugar de trabajo,11,255,10:00:00,8,255,765,255,255,255,1785,2040,2040
Claudia1417Esteban5,Claudia1417Esteban,Claudia1417Esteban5,Tarde,Estaba solo,Viajó en coche/colectivo/moto,"Viajó a algún lado (coche, caminando, bicicleta)",1,6,1,1,1,8,9,"Viajó a algún lado (coche, caminando, bicicleta)",1,15,13:00:00,,15,90,15,15,15,120,135,
Claudia1417Esteban6,Claudia1417Esteban,Claudia1417Esteban6,Tarde,Con su pareja,Comió,"Dedicación personal (comió, bañó, descansó)",1,1,1,1,1,7,9,Casa donde vive,1,30,13:00:00,9,30,30,30,30,30,210,270,270
Claudia1417Esteban7,Claudia1417Esteban,Claudia1417Esteban7,Tarde,Estaba solo,"Descansó (siesta,tomar mate, té o café)","Dedicación personal (comió, bañó, descansó)",1,1,1,1,1,8,9,Casa donde vive,1,120,14:00:00,,120,120,120,120,120,960,1080,
Claudia1417Esteban8,Claudia1417Esteban,Claudia1417Esteban8,Tarde,Estaba solo,Se baño o arregló,"Dedicación personal (comió, bañó, descansó)",1,1,1,1,1,8,9,Casa donde vive,1,15,15:00:00,,15,15,15,15,15,120,135,
Claudia1417Esteban9,Claudia1417Esteban,Claudia1417Esteban9,Tarde,Con su pareja,Comió,"Dedicación personal (comió, bañó, descansó)",3,4,1,1,1,8,9,Casa donde vive,1,30,16:00:00,10,90,120,30,30,30,240,270,300
Claudia1417Esteban10,Claudia1417Esteban,Claudia1417Esteban10,Tarde,Estaba solo,Viajó en coche/colectivo/moto,"Viajó a algún lado (coche, caminando, bicicleta)",1,6,1,1,1,7,8,"Viajó a algún lado (coche, caminando, bicicleta)",11,15,16:00:00,,15,90,15,15,15,105,120,
Claudia1417Esteban11,Claudia1417Esteban,Claudia1417Esteban11,Tarde,Destinatario de nuestra actividad laboral (Cliente / paciente / alumno),Trabajó,Trabajó,1,1,1,1,1,8,9,Lugar de trabajo,11,240,18:00:00,8,240,240,240,240,240,1920,2160,1920
Claudia1417Esteban12,Claudia1417Esteban,Claudia1417Esteban12,Noche,Estaba solo,Viajó en coche/colectivo/moto,"Viajó a algún lado (coche, caminando, bicicleta)",1,5,1,1,1,7,8,"Viajó a algún lado (coche, caminando, bicicleta)",1,15,20:00:00,,15,75,15,15,15,105,120,
Claudia1417Esteban13,Claudia1417Esteban,Claudia1417Esteban13,Noche,Con sus hijos jóvenes o nietos,Vió televisión,"Entretenimiento (radio, televisión, computadora, juego en casa)",1,1,1,1,1,7,9,Casa donde vive,1,60,21:00:00,9,60,60,60,60,60,420,540,540
Claudia1417Esteban14,Claudia1417Esteban,Claudia1417Esteban14,Noche,Con sus hijos jóvenes o nietos,Comió,"Dedicación personal (comió, bañó, descansó)",1,1,3,1,1,8,9,Casa donde vive,1,30,22:00:00,9,30,30,90,30,30,240,270,270
Claudia1417Esteban15,Claudia1417Esteban,Claudia1417Esteban15,Noche,Con pareja e hijos,Vió televisión,"Entretenimiento (radio, televisión, computadora, juego en casa)",1,1,1,1,1,8,9,Casa donde vive,1,30,22:00:00,10,30,30,30,30,30,240,270,300
Claudia151203Gabriela1,Claudia151203Gabriela,Claudia151203Gabriela1,Mañana,Estaba solo,Se baño o arregló,"Dedicación personal (comió, bañó, descansó)",7,1,1,7,7,1,3,Casa donde vive,15,10,6:00:00,,70,10,10,70,70,10,30,
Claudia151203Gabriela2,Claudia151203Gabriela,Claudia151203Gabriela2,Mañana,Con su pareja,Se baño o arregló,"Dedicación personal (comió, bañó, descansó)",6,6,1,6,6,3,8,Casa donde vive,15,10,6:00:00,9,60,60,10,60,60,30,80,90
Claudia151203Gabriela3,Claudia151203Gabriela,Claudia151203Gabriela3,Mañana,Con su pareja,Comió,"Dedicación personal (comió, bañó, descansó)",6,6,1,6,6,3,8,Casa donde vive,15,20,7:00:00,9,120,120,20,120,120,60,160,180
Claudia151203Gabriela4,Claudia151203Gabriela,Claudia151203Gabriela4,Mañana,Con su pareja,Hizo tareas domésticas,"Tareas domésticas (comida, cuida a los hijos, mascotas)",7,6,2,6,6,3,8,Casa donde vive,15,30,7:00:00,8,210,180,60,180,180,90,240,240
Claudia151203Gabriela5,Claudia151203Gabriela,Claudia151203Gabriela5,Mañana,Estaba solo,Viajó en coche/colectivo/moto,"Viajó a algún lado (coche, caminando, bicicleta)",7,7,1,7,6,1,7,"Viajó a algún lado (coche, caminando, bicicleta)",12,30,7:00:00,,210,210,30,210,180,30,210,
Claudia151203Gabriela6,Claudia151203Gabriela,Claudia151203Gabriela6,Mañana,Con compañeros de trabajo / escuela / club,Trabajó,Trabajó,8,7,2,7,7,4,8,"Escuela, Campus, u otro establecimiento educativo",12,240,10:00:00,8,1920,1680,480,1680,1680,960,1920,1920
Claudia151203Gabriela7,Claudia151203Gabriela,Claudia151203Gabriela7,Tarde,Con sus hijos jóvenes o nietos,Caminó a algún lado,"Viajó a algún lado (coche, caminando, bicicleta)",8,8,1,7,7,4,8,"Viajó a algún lado (coche, caminando, bicicleta)",13,15,12:00:00,9,120,120,15,105,105,60,120,135
Claudia151203Gabriela8,Claudia151203Gabriela,Claudia151203Gabriela8,Tarde,Con sus hijos jóvenes o nietos,Viajó en coche/colectivo/moto,"Viajó a algún lado (coche, caminando, bicicleta)",6,8,"1,82854406130268",6,7,4,8,"Viajó a algún lado (coche, caminando, bicicleta)",15,15,12:00:00,9,90,120,"27,4281609195402",90,105,60,120,135
Claudia151203Gabriela9,Claudia151203Gabriela,Claudia151203Gabriela9,Tarde,Con sus hijos jóvenes o nietos,Preparó comida,"Tareas domésticas (comida, cuida a los hijos, mascotas)",6,6,1,6,6,3,8,Casa donde vive,15,20,12:00:00,8,120,120,20,120,120,60,160,160
Claudia151203Gabriela10,Claudia151203Gabriela,Claudia151203Gabriela10,Tarde,Con sus hijos jóvenes o nietos,Comió,"Dedicación personal (comió, bañó, descansó)",6,6,1,7,6,2,8,Casa donde vive,15,40,13:00:00,8,240,240,40,280,240,80,320,320
Claudia151203Gabriela11,Claudia151203Gabriela,Claudia151203Gabriela11,Tarde,Estaba solo,Hizo tareas domésticas,"Tareas domésticas (comida, cuida a los hijos, mascotas)",5,5,2,4,6,4,8,Casa donde vive,15,60,14:00:00,,300,300,120,240,360,240,480,
Claudia151203Gabriela12,Claudia151203Gabriela,Claudia151203Gabriela12,Tarde,Estaba solo,Trabajó,Trabajó,7,7,1,8,7,2,4,Casa donde vive,15,90,15:00:00,,630,630,90,720,630,180,360,
Claudia151203Gabriela13,Claudia151203Gabriela,Claudia151203Gabriela13,Tarde,Con sus hijos jóvenes o nietos,Viajó en coche/colectivo/moto,"Viajó a algún lado (coche, caminando, bicicleta)",6,6,1,7,7,1,8,"Viajó a algún lado (coche, caminando, bicicleta)",13,20,16:00:00,8,120,120,20,140,140,20,160,160
Claudia151203Gabriela14,Claudia151203Gabriela,Claudia151203Gabriela14,Tarde,Con sus hijos jóvenes o nietos,Fue de compras,Compras,7,6,1,7,7,3,7,"Escuela, Campus, u otro establecimiento educativo",13,10,16:00:00,8,70,60,10,70,70,30,70,80
Claudia151203Gabriela15,Claudia151203Gabriela,Claudia151203Gabriela15,Tarde,Con sus hijos jóvenes o nietos,Viajó en coche/colectivo/moto,"Viajó a algún lado (coche, caminando, bicicleta)",6,6,2,8,7,3,8,"Viajó a algún lado (coche, caminando, bicicleta)",15,15,16:00:00,8,90,90,30,120,105,45,120,120
Claudia151203Gabriela16,Claudia151203Gabriela,Claudia151203Gabriela16,Noche,Con sus hijos jóvenes o nietos,Comió,"Dedicación personal (comió, bañó, descansó)",6,7,1,6,7,3,8,Casa donde vive,15,30,17:00:00,9,180,210,30,180,210,90,240,270
Claudia151203Gabriela17,Claudia151203Gabriela,Claudia151203Gabriela17,Noche,Estaba solo,Caminó a algún lado,"Viajó a algún lado (coche, caminando, bicicleta)",7,6,1,5,6,2,8,"Viajó a algún lado (coche, caminando, bicicleta)",15,5,17:00:00,,35,30,5,25,30,10,40,
Claudia151203Gabriela18,Claudia151203Gabriela,Claudia151203Gabriela18,Noche,Estaba solo,Fue de compras,Compras,7,7,1,6,6,2,8,"Supermercado, despensa, verdulería, carnicería, dietética",15,20,17:00:00,,140,140,20,120,120,40,160,
Claudia151203Gabriela19,Claudia151203Gabriela,Claudia151203Gabriela19,Noche,Estaba solo,Caminó a algún lado,"Viajó a algún lado (coche, caminando, bicicleta)",8,7,1,6,6,3,8,"Viajó a algún lado (coche, caminando, bicicleta)",15,5,17:00:00,,40,35,5,30,30,15,40,
Claudia151203Gabriela20,Claudia151203Gabriela,Claudia151203Gabriela20,Noche,Con sus hijos jóvenes o nietos,Preparó comida,"Tareas domésticas (comida, cuida a los hijos, mascotas)",4,4,1,5,"2,55303514376997",6,8,Casa donde vive,15,60,18:00:00,9,240,240,60,300,"153,182108626198",360,480,540
Claudia151209Martín1,Claudia151209Martín,Claudia151209Martín1,Mañana,Estaba solo,Comió,"Dedicación personal (comió, bañó, descansó)",1,1,1,1,1,10,9,Casa donde vive,15,15,7:00:00,,15,15,15,15,15,150,135,
Claudia151209Martín2,Claudia151209Martín,Claudia151209Martín2,Mañana,Estaba solo,Caminó a algún lado,"Viajó a algún lado (coche, caminando, bicicleta)",1,1,1,1,1,8,5,"Viajó a algún lado (coche, caminando, bicicleta)",15,15,8:00:00,,15,15,15,15,15,120,75,
Claudia151209Martín3,Claudia151209Martín,Claudia151209Martín3,Mañana,Con sus hijos jóvenes o nietos,Caminó a algún lado,"Viajó a algún lado (coche, caminando, bicicleta)",1,1,1,1,1,8,9,"Viajó a algún lado (coche, caminando, bicicleta)",15,15,8:00:00,9,15,15,15,15,15,120,135,135
Claudia151209Martín4,Claudia151209Martín,Claudia151209Martín4,Mañana,Estaba solo,Viajó en bicicleta,"Viajó a algún lado (coche, caminando, bicicleta)",1,1,1,1,1,7,9,"Viajó a algún lado (coche, caminando, bicicleta)",15,30,8:00:00,,30,30,30,30,30,210,270,
Claudia151209Martín5,Claudia151209Martín,Claudia151209Martín5,Mañana,Con sus hijos jóvenes o nietos,Viajó en bicicleta,"Viajó a algún lado (coche, caminando, bicicleta)",1,1,1,1,3,8,8,"Viajó a algún lado (coche, caminando, bicicleta)",15,15,9:00:00,9,15,15,15,15,45,120,120,135
Claudia151209Martín6,Claudia151209Martín,Claudia151209Martín6,Mañana,Con sus hijos jóvenes o nietos,Viajó en bicicleta,"Viajó a algún lado (coche, caminando, bicicleta)",1,1,1,1,3,8,8,"Viajó a algún lado (coche, caminando, bicicleta)",15,15,9:00:00,9,15,15,15,15,45,120,120,135
Claudia151209Martín7,Claudia151209Martín,Claudia151209Martín7,Mañana,Con sus hijos jóvenes o nietos,Viajó en bicicleta,"Viajó a algún lado (coche, caminando, bicicleta)",1,1,1,1,1,8,9,"Viajó a algún lado (coche, caminando, bicicleta)",15,15,9:00:00,9,15,15,15,15,15,120,135,135
Claudia151209Martín8,Claudia151209Martín,Claudia151209Martín8,Mañana,Con sus hijos jóvenes o nietos,Preparó comida,"Tareas domésticas (comida, cuida a los hijos, mascotas)",1,1,2,1,1,7,9,Casa donde vive,15,20,9:00:00,9,20,20,40,20,20,140,180,180
Claudia151209Martín9,Claudia151209Martín,Claudia151209Martín9,Tarde,Con sus hijos jóvenes o nietos,Comió,"Dedicación personal (comió, bañó, descansó)",1,1,1,1,1,6,9,Casa donde vive,15,25,10:00:00,9,25,25,25,25,25,150,225,225
Claudia151209Martín10,Claudia151209Martín,Claudia151209Martín10,Tarde,Con sus hijos jóvenes o nietos,Viajó en bicicleta,"Viajó a algún lado (coche, caminando, bicicleta)",4,4,1,1,1,7,9,"Viajó a algún lado (coche, caminando, bicicleta)",11,15,10:00:00,9,60,60,15,15,15,105,135,135
Claudia151209Martín11,Claudia151209Martín,Claudia151209Martín11,Tarde,Estaba solo,Viajó en bicicleta,"Viajó a algún lado (coche, caminando, bicicleta)",1,1,1,1,1,8,9,"Viajó a algún lado (coche, caminando, bicicleta)",15,15,10:00:00,,15,15,15,15,15,120,135,
Claudia151209Martín12,Claudia151209Martín,Claudia151209Martín12,Tarde,Estaba solo,Trabajó,Trabajó,3,1,1,1,1,8,8,Casa donde vive,15,300,13:00:00,,900,300,300,300,300,2400,2400,
Claudia151209Martín13,Claudia151209Martín,Claudia151209Martín13,Noche,Estaba solo,Caminó a algún lado,"Viajó a algún lado (coche, caminando, bicicleta)",1,1,1,1,1,7,8,"Viajó a algún lado (coche, caminando, bicicleta)",2,40,16:00:00,,40,40,40,40,40,280,320,
Claudia151209Martín14,Claudia151209Martín,Claudia151209Martín14,Noche,Con amigos,Habló con alguien,"Relaciones sociales (Charlar, cuidar, actividad religiosa, otras relaciones)",1,3,1,1,1,8,8,Casa de amigos,2,35,16:00:00,10,35,105,35,35,35,280,280,350
Claudia151209Martín15,Claudia151209Martín,Claudia151209Martín15,Noche,Estaba solo,Caminó a algún lado,"Viajó a algún lado (coche, caminando, bicicleta)",1,3,1,1,1,8,8,"Viajó a algún lado (coche, caminando, bicicleta)",11,40,17:00:00,,40,120,40,40,40,320,320,
Claudia151209Martín16,Claudia151209Martín,Claudia151209Martín16,Noche,Estaba solo,Se baño o arregló,"Dedicación personal (comió, bañó, descansó)",1,1,1,1,1,7,9,Casa donde vive,11,10,17:00:00,,10,10,10,10,10,70,90,
Claudia151209Martín17,Claudia151209Martín,Claudia151209Martín17,Noche,Estaba solo,Comió,"Dedicación personal (comió, bañó, descansó)",1,2,1,1,1,9,9,Casa donde vive,11,30,18:00:00,,30,60,30,30,30,270,270,
Claudia151209Martín18,Claudia151209Martín,Claudia151209Martín18,Noche,Estaba solo,Leyó / Estudió,Leyó o estudió,1,1,1,1,1,9,9,Casa donde vive,11,75,19:00:00,,75,75,75,75,75,675,675,
Claudia151210José Luis1,Claudia151210José Luis,Claudia151210José Luis1,Mañana,Estaba solo,Comió,"Dedicación personal (comió, bañó, descansó)",9,1,1,1,1,5,8,Casa donde vive,15,30,9:00:00,,270,30,30,30,30,150,240,
Claudia151210José Luis2,Claudia151210José Luis,Claudia151210José Luis2,Mañana,Estaba solo,Se baño o arregló,"Dedicación personal (comió, bañó, descansó)",9,1,1,1,5,6,6,Casa donde vive,15,10,9:00:00,,90,10,10,10,50,60,60,
Claudia151210José Luis3,Claudia151210José Luis,Claudia151210José Luis3,Mañana,Con otros familiares,Cuidó a alguien,"Relaciones sociales (Charlar, cuidar, actividad religiosa, otras relaciones)",8,1,4,1,1,6,5,Casa donde vive,15,90,10:00:00,9,720,90,360,90,90,540,450,810
Claudia151210José Luis4,Claudia151210José Luis,Claudia151210José Luis4,Mañana,Estaba solo,Caminó a algún lado,"Viajó a algún lado (coche, caminando, bicicleta)",6,1,1,1,1,6,8,"Viajó a algún lado (coche, caminando, bicicleta)",15,5,11:00:00,,30,5,5,5,5,30,40,
Claudia151210José Luis5,Claudia151210José Luis,Claudia151210José Luis5,Mañana,Estaba solo,Fue de compras,Compras,7,1,1,1,5,6,8,"Supermercado, despensa, verdulería, carnicería, dietética",15,15,11:00:00,,105,15,15,15,75,90,120,
Claudia151210José Luis6,Claudia151210José Luis,Claudia151210José Luis6,Mañana,Estaba solo,Caminó a algún lado,"Viajó a algún lado (coche, caminando, bicicleta)",6,2,1,1,4,6,8,"Viajó a algún lado (coche, caminando, bicicleta)",15,5,11:00:00,,30,10,5,5,20,30,40,
Claudia151210José Luis7,Claudia151210José Luis,Claudia151210José Luis7,Mañana,Estaba solo,Preparó comida,"Tareas domésticas (comida, cuida a los hijos, mascotas)",5,3,1,1,3,7,7,Casa donde vive,15,90,12:00:00,,450,270,90,90,270,630,630,
Claudia151210José Luis8,Claudia151210José Luis,Claudia151210José Luis8,Tarde,Estaba solo,Comió,"Dedicación personal (comió, bañó, descansó)",5,1,1,1,1,7,8,Casa donde vive,15,20,13:00:00,,100,20,20,20,20,140,160,
Claudia151210José Luis9,Claudia151210José Luis,Claudia151210José Luis9,Tarde,Estaba solo,Hizo tareas domésticas,"Tareas domésticas (comida, cuida a los hijos, mascotas)",6,1,1,1,1,7,8,Casa donde vive,15,60,13:00:00,,360,60,60,60,60,420,480,
Claudia151210José Luis10,Claudia151210José Luis,Claudia151210José Luis10,Tarde,Con otros familiares,Cuidó a alguien,"Relaciones sociales (Charlar, cuidar, actividad religiosa, otras relaciones)",6,1,1,1,1,4,5,Casa donde vive,15,90,14:00:00,9,540,90,90,90,90,360,450,810
Claudia151210José Luis11,Claudia151210José Luis,Claudia151210José Luis11,Tarde,Estaba solo,"Descansó (siesta,tomar mate, té o café)","Dedicación personal (comió, bañó, descansó)",4,1,1,1,1,6,9,Casa donde vive,15,60,16:00:00,,240,60,60,60,60,360,540,
Claudia151210José Luis12,Claudia151210José Luis,Claudia151210José Luis12,Tarde,Con amigos,Comió,"Dedicación personal (comió, bañó, descansó)",6,1,1,1,1,6,8,Casa donde vive,15,60,17:00:00,9,360,60,60,60,60,360,480,540
Claudia151210José Luis13,Claudia151210José Luis,Claudia151210José Luis13,Tarde,Estaba solo,Trabajó,Trabajó,6,3,1,1,1,5,8,Casa donde vive,15,180,19:00:00,,1080,540,180,180,180,900,1440,
Claudia151210José Luis14,Claudia151210José Luis,Claudia151210José Luis14,Noche,Con otros familiares,Cuidó a alguien,"Relaciones sociales (Charlar, cuidar, actividad religiosa, otras relaciones)",6,1,1,3,3,5,5,Casa donde vive,15,90,21:00:00,9,540,90,90,270,270,450,450,810
Claudia151210José Luis15,Claudia151210José Luis,Claudia151210José Luis15,Noche,Estaba solo,Comió,"Dedicación personal (comió, bañó, descansó)",5,1,1,1,1,6,8,Casa donde vive,15,30,22:00:00,,150,30,30,30,30,180,240,
Claudia151210José Luis16,Claudia151210José Luis,Claudia151210José Luis16,Noche,Estaba solo,Vió televisión,"Entretenimiento (radio, televisión, computadora, juego en casa)",6,1,1,1,1,8,8,Casa donde vive,15,60,23:00:00,,360,60,60,60,60,480,480,
Claudia151210Mónica1,Claudia151210Mónica,Claudia151210Mónica1,Mañana,Estaba solo,Se baño o arregló,"Dedicación personal (comió, bañó, descansó)",10,8,1,6,1,1,8,Casa donde vive,15,15,7:00:00,,150,120,15,90,15,15,120,
Claudia151210Mónica2,Claudia151210Mónica,Claudia151210Mónica2,Mañana,Estaba solo,Comió,"Dedicación personal (comió, bañó, descansó)",10,8,1,6,1,1,8,Casa donde vive,15,60,7:00:00,,600,480,60,360,60,60,480,
Claudia151210Mónica3,Claudia151210Mónica,Claudia151210Mónica3,Mañana,Con compañeros de trabajo / escuela / club,Trabajó,Trabajó,1,9,1,1,1,1,8,Casa donde vive,15,420,11:00:00,8,420,3780,420,420,420,420,3360,3360
Claudia151210Mónica4,Claudia151210Mónica,Claudia151210Mónica4,Tarde,Estaba solo,Viajó en coche/colectivo/moto,"Viajó a algún lado (coche, caminando, bicicleta)",2,8,1,3,1,1,8,"Viajó a algún lado (coche, caminando, bicicleta)",15,15,15:00:00,,30,120,15,45,15,15,120,
Claudia151210Mónica5,Claudia151210Mónica,Claudia151210Mónica5,Tarde,Estaba solo,Comió,"Dedicación personal (comió, bañó, descansó)",1,8,1,1,1,1,8,Casa donde vive,15,20,15:00:00,,20,160,20,20,20,20,160,
Claudia151210Mónica6,Claudia151210Mónica,Claudia151210Mónica6,Tarde,Estaba solo,Hizo tareas domésticas,"Tareas domésticas (comida, cuida a los hijos, mascotas)",1,8,1,4,1,1,6,Casa donde vive,15,20,15:00:00,,20,160,20,80,20,20,120,
Claudia151210Mónica7,Claudia151210Mónica,Claudia151210Mónica7,Tarde,Estaba solo,"Descansó (siesta,tomar mate, té o café)","Dedicación personal (comió, bañó, descansó)",1,4,1,1,1,1,8,Casa donde vive,15,90,16:00:00,,90,360,90,90,90,90,720,
Claudia151210Mónica8,Claudia151210Mónica,Claudia151210Mónica8,Tarde,Estaba solo,Comió,"Dedicación personal (comió, bañó, descansó)",1,8,1,1,1,2,8,Casa donde vive,15,30,17:00:00,,30,240,30,30,30,60,240,
Claudia151210Mónica9,Claudia151210Mónica,Claudia151210Mónica9,Tarde,Estaba solo,Se baño o arregló,"Dedicación personal (comió, bañó, descansó)",2,9,1,4,1,1,7,Casa donde vive,15,20,18:00:00,,40,180,20,80,20,20,140,
Claudia151210Mónica10,Claudia151210Mónica,Claudia151210Mónica10,Noche,Estaba solo,Viajó en coche/colectivo/moto,"Viajó a algún lado (coche, caminando, bicicleta)",1,10,1,4,1,1,7,"Viajó a algún lado (coche, caminando, bicicleta)",12,15,18:00:00,,15,150,15,60,15,15,105,
Claudia151210Mónica11,Claudia151210Mónica,Claudia151210Mónica11,Noche,Con compañeros de trabajo / escuela / club,Trabajó,Trabajó,1,10,1,1,1,1,8,Lugar de trabajo,12,120,19:00:00,8,120,1200,120,120,120,120,960,960
Claudia151210Mónica12,Claudia151210Mónica,Claudia151210Mónica12,Noche,Estaba solo,Viajó en coche/colectivo/moto,"Viajó a algún lado (coche, caminando, bicicleta)",1,8,1,3,1,1,8,"Viajó a algún lado (coche, caminando, bicicleta)",15,15,20:00:00,,15,120,15,45,15,15,120,
Claudia151210Mónica13,Claudia151210Mónica,Claudia151210Mónica13,Noche,Con amigos,Preparó comida,"Tareas domésticas (comida, cuida a los hijos, mascotas)",1,8,1,1,1,1,8,Casa donde vive,15,45,21:00:00,9,45,360,45,45,45,45,360,405
Claudia151210Mónica14,Claudia151210Mónica,Claudia151210Mónica14,Noche,Estaba solo,Comió,"Dedicación personal (comió, bañó, descansó)",1,7,1,1,1,1,8,Casa donde vive,15,40,22:00:00,,40,280,40,40,40,40,320,
Claudia151210Mónica15,Claudia151210Mónica,Claudia151210Mónica15,Noche,Con amigos,"Descansó (siesta,tomar mate, té o café)","Dedicación personal (comió, bañó, descansó)",1,7,1,1,1,1,8,Casa donde vive,15,30,22:00:00,9,30,210,30,30,30,30,240,270
Claudia151210Mónica16,Claudia151210Mónica,Claudia151210Mónica16,Noche,Con amigos,Vió televisión,"Entretenimiento (radio, televisión, computadora, juego en casa)",1,7,1,1,1,1,8,Casa donde vive,15,60,23:00:00,9,60,420,60,60,60,60,480,540
Claudia151211Rocío1,Claudia151211Rocío,Claudia151211Rocío1,Mañana,Estaba solo,Se baño o arregló,"Dedicación personal (comió, bañó, descansó)",7,4,1,1,8,3,8,Casa donde vive,15,15,9:00:00,,105,60,15,15,120,45,120,
Claudia151211Rocío2,Claudia151211Rocío,Claudia151211Rocío2,Mañana,Con sus hijos jóvenes o nietos,Comió,"Dedicación personal (comió, bañó, descansó)",8,5,1,1,7,2,8,Casa donde vive,15,15,9:00:00,9,120,75,15,15,105,30,120,135
Claudia151211Rocío3,Claudia151211Rocío,Claudia151211Rocío3,Mañana,Con sus hijos jóvenes o nietos,Leyó / Estudió,Leyó o estudió,8,6,1,1,6,1,9,Casa donde vive,15,180,11:00:00,8,1440,1080,180,180,1080,180,1620,1440
Claudia151211Rocío4,Claudia151211Rocío,Claudia151211Rocío4,Tarde,Con pareja e hijos,Preparó comida,"Tareas domésticas (comida, cuida a los hijos, mascotas)",7,5,1,1,8,3,8,Casa donde vive,15,60,13:00:00,9,420,300,60,60,480,180,480,540
Claudia151211Rocío5,Claudia151211Rocío,Claudia151211Rocío5,Tarde,Con pareja e hijos,Comió,"Dedicación personal (comió, bañó, descansó)",7,5,1,1,7,1,6,Casa donde vive,15,30,14:00:00,9,210,150,30,30,210,30,180,270
Claudia151211Rocío6,Claudia151211Rocío,Claudia151211Rocío6,Tarde,Con pareja e hijos,Hizo tareas domésticas,"Tareas domésticas (comida, cuida a los hijos, mascotas)",7,5,1,1,7,1,8,Casa donde vive,15,60,14:00:00,8,420,300,60,60,420,60,480,480
Claudia151211Rocío7,Claudia151211Rocío,Claudia151211Rocío7,Tarde,Estaba solo,Leyó / Estudió,Leyó o estudió,7,6,1,1,7,1,9,Casa donde vive,15,120,16:00:00,,840,720,120,120,840,120,1080,
Claudia151211Rocío8,Claudia151211Rocío,Claudia151211Rocío8,Tarde,Con pareja e hijos,Comió,"Dedicación personal (comió, bañó, descansó)",8,5,1,1,7,1,6,Casa donde vive,15,20,17:00:00,9,160,100,20,20,140,20,120,180
Claudia151211Rocío9,Claudia151211Rocío,Claudia151211Rocío9,Tarde,Con pareja e hijos,Viajó en coche/colectivo/moto,"Viajó a algún lado (coche, caminando, bicicleta)",7,6,1,1,7,4,7,"Viajó a algún lado (coche, caminando, bicicleta)",13,15,17:00:00,9,105,90,15,15,105,60,105,135
Claudia151211Rocío10,Claudia151211Rocío,Claudia151211Rocío10,Tarde,Con compañeros de trabajo / escuela / club,Estudio,Leyó o estudió,8,2,1,1,7,3,10,"Escuela, Campus, u otro establecimiento educativo",13,180,19:00:00,9,1440,360,180,180,1260,540,1800,1620
Claudia151211Rocío11,Claudia151211Rocío,Claudia151211Rocío11,Noche,Con pareja e hijos,Viajó en coche/colectivo/moto,"Viajó a algún lado (coche, caminando, bicicleta)",1,1,1,1,4,9,9,"Viajó a algún lado (coche, caminando, bicicleta)",15,15,21:00:00,9,15,15,15,15,60,135,135,135
Claudia151211Rocío12,Claudia151211Rocío,Claudia151211Rocío12,Noche,Con pareja e hijos,Comió,"Dedicación personal (comió, bañó, descansó)",1,1,1,1,4,7,8,Casa donde vive,15,30,21:00:00,10,30,30,30,30,120,210,240,300
Claudia151211Rocío13,Claudia151211Rocío,Claudia151211Rocío13,Noche,Con pareja e hijos,Hizo tareas domésticas,"Tareas domésticas (comida, cuida a los hijos, mascotas)",1,1,1,1,3,7,8,Casa donde vive,15,15,21:00:00,9,15,15,15,15,45,105,120,135
Claudia151211Rocío14,Claudia151211Rocío,Claudia151211Rocío14,Noche,Con pareja e hijos,Vió televisión,"Entretenimiento (radio, televisión, computadora, juego en casa)",1,1,1,1,1,6,9,Casa donde vive,15,75,22:00:00,10,75,75,75,75,75,450,675,750
Claudia2414Cecilia1,Claudia2414Cecilia,Claudia2414Cecilia1,Mañana,Estaba solo,Se baño o arregló,"Dedicación personal (comió, bañó, descansó)",1,1,1,1,1,8,10,Casa donde vive,2,15,8:00:00,,15,15,15,15,15,120,150,
Claudia2414Cecilia2,Claudia2414Cecilia,Claudia2414Cecilia2,Mañana,Con sus hijos jóvenes o nietos,Comió,"Dedicación personal (comió, bañó, descansó)",1,3,1,1,1,7,9,Casa donde vive,2,30,8:00:00,9,30,90,30,30,30,210,270,270
Claudia2414Cecilia3,Claudia2414Cecilia,Claudia2414Cecilia3,Mañana,Con sus hijos jóvenes o nietos,Cuidó a los niños,"Tareas domésticas (comida, cuida a los hijos, mascotas)",4,4,1,1,1,6,10,Casa donde vive,2,120,9:00:00,10,480,480,120,120,120,720,1200,1200
Claudia2414Cecilia4,Claudia2414Cecilia,Claudia2414Cecilia4,Mañana,Con sus hijos jóvenes o nietos,Preparó comida,"Tareas domésticas (comida, cuida a los hijos, mascotas)",4,4,1,1,1,7,9,Casa donde vive,2,30,11:00:00,10,120,120,30,30,30,210,270,300
Claudia2414Cecilia5,Claudia2414Cecilia,Claudia2414Cecilia5,Mañana,Con sus hijos jóvenes o nietos,Vió televisión,"Entretenimiento (radio, televisión, computadora, juego en casa)",1,1,1,1,1,7,9,Casa donde vive,2,40,11:00:00,10,40,40,40,40,40,280,360,400
Claudia2414Cecilia6,Claudia2414Cecilia,Claudia2414Cecilia6,Mañana,Con sus hijos jóvenes o nietos,Comió,"Dedicación personal (comió, bañó, descansó)",4,7,1,1,1,6,10,Casa donde vive,2,25,12:00:00,10,100,175,25,25,25,150,250,250
Claudia2414Cecilia7,Claudia2414Cecilia,Claudia2414Cecilia7,Tarde,Con sus hijos jóvenes o nietos,Viajó en coche/colectivo/moto,"Viajó a algún lado (coche, caminando, bicicleta)",1,6,1,1,1,7,10,"Viajó a algún lado (coche, caminando, bicicleta)",12,15,12:00:00,10,15,90,15,15,15,105,150,150
Claudia2414Cecilia8,Claudia2414Cecilia,Claudia2414Cecilia8,Tarde,Estaba solo,Caminó a algún lado,"Viajó a algún lado (coche, caminando, bicicleta)",1,1,1,1,1,7,9,"Viajó a algún lado (coche, caminando, bicicleta)",2,40,13:00:00,,40,40,40,40,40,280,360,
Claudia2414Cecilia9,Claudia2414Cecilia,Claudia2414Cecilia9,Tarde,Estaba solo,Hizo tareas domésticas,"Tareas domésticas (comida, cuida a los hijos, mascotas)",1,1,1,1,1,8,6,Casa donde vive,2,120,14:00:00,,120,120,120,120,120,960,720,
Claudia2414Cecilia10,Claudia2414Cecilia,Claudia2414Cecilia10,Tarde,Estaba solo,Leyó / Estudió,Leyó o estudió,1,1,1,1,1,8,10,Casa donde vive,2,70,15:00:00,,70,70,70,70,70,560,700,
Claudia2414Cecilia11,Claudia2414Cecilia,Claudia2414Cecilia11,Tarde,Estaba solo,Viajó en coche/colectivo/moto,"Viajó a algún lado (coche, caminando, bicicleta)",1,1,1,1,1,8,8,"Viajó a algún lado (coche, caminando, bicicleta)",12,15,16:00:00,,15,15,15,15,15,120,120,
Claudia2414Cecilia12,Claudia2414Cecilia,Claudia2414Cecilia12,Tarde,Con sus hijos adultos,Caminó a algún lado,"Viajó a algún lado (coche, caminando, bicicleta)",1,1,1,1,1,7,9,"Viajó a algún lado (coche, caminando, bicicleta)",12,10,16:00:00,10,10,10,10,10,10,70,90,100
Claudia2414Cecilia13,Claudia2414Cecilia,Claudia2414Cecilia13,Tarde,Con sus hijos jóvenes o nietos,Fue de compras,Compras,1,3,1,1,1,7,9,"Supermercado, despensa, verdulería, carnicería, dietética",12,40,17:00:00,10,40,120,40,40,40,280,360,400
Claudia2414Cecilia14,Claudia2414Cecilia,Claudia2414Cecilia14,Noche,Con sus hijos jóvenes o nietos,Viajó en coche/colectivo/moto,"Viajó a algún lado (coche, caminando, bicicleta)",1,5,1,1,1,8,10,"Viajó a algún lado (coche, caminando, bicicleta)",2,15,17:00:00,10,15,75,15,15,15,120,150,150
Claudia2414Cecilia15,Claudia2414Cecilia,Claudia2414Cecilia15,Noche,Con sus hijos jóvenes o nietos,Comió,"Dedicación personal (comió, bañó, descansó)",1,1,1,1,1,8,10,Casa donde vive,2,30,18:00:00,9,30,30,30,30,30,240,300,270
Claudia2414Cecilia16,Claudia2414Cecilia,Claudia2414Cecilia16,Noche,Con sus hijos jóvenes o nietos,Cuidó a los niños,"Tareas domésticas (comida, cuida a los hijos, mascotas)",1,1,1,1,3,8,9,Casa donde vive,2,75,19:00:00,10,75,75,75,75,225,600,675,750
Claudia2414Cecilia17,Claudia2414Cecilia,Claudia2414Cecilia17,Noche,Con sus hijos jóvenes o nietos,Jugó (cartas /juegos),"Entretenimiento (radio, televisión, computadora, juego en casa)",1,1,1,1,1,6,9,Casa donde vive,2,60,20:00:00,10,60,60,60,60,60,360,540,600
Claudia2414Cecilia18,Claudia2414Cecilia,Claudia2414Cecilia18,Noche,Con sus hijos jóvenes o nietos,Preparó comida,"Tareas domésticas (comida, cuida a los hijos, mascotas)",1,1,1,1,1,7,9,Casa donde vive,2,15,20:00:00,10,15,15,15,15,15,105,135,150
Claudia2414Cecilia19,Claudia2414Cecilia,Claudia2414Cecilia19,Noche,Con sus hijos jóvenes o nietos,Comió,"Dedicación personal (comió, bañó, descansó)",1,1,1,1,1,8,9,Casa donde vive,2,30,21:00:00,10,30,30,30,30,30,240,270,300
Claudia2414Cecilia20,Claudia2414Cecilia,Claudia2414Cecilia20,Noche,Con su pareja,Vió televisión,"Entretenimiento (radio, televisión, computadora, juego en casa)",1,1,1,1,1,8,10,Casa donde vive,2,75,22:00:00,10,75,75,75,75,75,600,750,750
Claudia3308Pablo1,Claudia3308Pablo,Claudia3308Pablo1,Mañana,Estaba solo,Se baño o arregló,"Dedicación personal (comió, bañó, descansó)",1,7,1,1,1,5,8,Casa donde vive,3,10,7:00:00,,10,70,10,10,10,50,80,
Claudia3308Pablo2,Claudia3308Pablo,Claudia3308Pablo2,Mañana,Con sus hijos jóvenes o nietos,Comió,"Dedicación personal (comió, bañó, descansó)",4,8,1,1,"2,55303514376997",6,8,Casa donde vive,3,20,7:00:00,9,80,160,20,20,"51,0607028753994",120,160,180
Claudia3308Pablo3,Claudia3308Pablo,Claudia3308Pablo3,Mañana,Con sus hijos jóvenes o nietos,Viajó en coche/colectivo/moto,"Viajó a algún lado (coche, caminando, bicicleta)",1,6,1,1,1,7,9,"Viajó a algún lado (coche, caminando, bicicleta)",3,5,7:00:00,9,5,30,5,5,5,35,45,45
Claudia3308Pablo4,Claudia3308Pablo,Claudia3308Pablo4,Mañana,Estaba solo,Viajó en coche/colectivo/moto,"Viajó a algún lado (coche, caminando, bicicleta)",1,7,1,1,1,7,8,"Viajó a algún lado (coche, caminando, bicicleta)",10,15,7:00:00,,15,105,15,15,15,105,120,
Claudia3308Pablo5,Claudia3308Pablo,Claudia3308Pablo5,Mañana,Con compañeros de trabajo / escuela / club,Trabajó,Trabajó,4,1,1,1,1,8,9,Lugar de trabajo,10,270,10:00:00,9,1080,270,270,270,270,2160,2430,2430
Claudia3308Pablo6,Claudia3308Pablo,Claudia3308Pablo6,Tarde,Estaba solo,Viajó en coche/colectivo/moto,"Viajó a algún lado (coche, caminando, bicicleta)",1,5,1,1,1,8,9,"Viajó a algún lado (coche, caminando, bicicleta)",3,15,12:00:00,,15,75,15,15,15,120,135,
Claudia3308Pablo7,Claudia3308Pablo,Claudia3308Pablo7,Tarde,Con su pareja,Comió,"Dedicación personal (comió, bañó, descansó)",1,1,1,1,1,8,9,Casa donde vive,3,30,12:00:00,9,30,30,30,30,30,240,270,270
Claudia3308Pablo8,Claudia3308Pablo,Claudia3308Pablo8,Tarde,Estaba solo,"Descansó (siesta,tomar mate, té o café)","Dedicación personal (comió, bañó, descansó)",1,1,1,1,1,7,8,Casa donde vive,3,60,13:00:00,,60,60,60,60,60,420,480,
Claudia3308Pablo9,Claudia3308Pablo,Claudia3308Pablo9,Tarde,Con su pareja,Comió,"Dedicación personal (comió, bañó, descansó)",4,4,1,1,1,8,9,Casa donde vive,3,15,14:00:00,9,60,60,15,15,15,120,135,135
Claudia3308Pablo10,Claudia3308Pablo,Claudia3308Pablo10,Tarde,Estaba solo,Viajó en coche/colectivo/moto,"Viajó a algún lado (coche, caminando, bicicleta)",9,1,1,1,1,8,8,"Viajó a algún lado (coche, caminando, bicicleta)",12,15,14:00:00,,135,15,15,15,15,120,120,
Claudia3308Pablo11,Claudia3308Pablo,Claudia3308Pablo11,Tarde,Con compañeros de trabajo / escuela / club,Trabajó,Trabajó,1,3,1,1,1,8,8,Lugar de trabajo,12,240,16:00:00,8,240,720,240,240,240,1920,1920,1920
Claudia3308Pablo12,Claudia3308Pablo,Claudia3308Pablo12,Noche,Estaba solo,Viajó en coche/colectivo/moto,"Viajó a algún lado (coche, caminando, bicicleta)",1,1,1,1,1,6,8,"Viajó a algún lado (coche, caminando, bicicleta)",13,15,18:00:00,,15,15,15,15,15,90,120,
Claudia3308Pablo13,Claudia3308Pablo,Claudia3308Pablo13,Noche,Estaba solo,Fue de compras,Compras,1,6,1,1,1,7,8,"Supermercado, despensa, verdulería, carnicería, dietética",13,45,19:00:00,,45,270,45,45,45,315,360,
Claudia3308Pablo14,Claudia3308Pablo,Claudia3308Pablo14,Noche,Estaba solo,Viajó en coche/colectivo/moto,"Viajó a algún lado (coche, caminando, bicicleta)",1,1,1,1,1,8,8,"Viajó a algún lado (coche, caminando, bicicleta)",3,10,19:00:00,,10,10,10,10,10,80,80,
Claudia3308Pablo15,Claudia3308Pablo,Claudia3308Pablo15,Noche,Estaba solo,Preparó comida,"Tareas domésticas (comida, cuida a los hijos, mascotas)",1,1,1,1,1,8,9,Casa donde vive,3,15,19:00:00,,15,15,15,15,15,120,135,
Claudia3308Pablo16,Claudia3308Pablo,Claudia3308Pablo16,Noche,Con sus hijos jóvenes o nietos,Comió,"Dedicación personal (comió, bañó, descansó)",1,1,1,1,1,8,9,Casa donde vive,3,30,20:00:00,9,30,30,30,30,30,240,270,270
Claudia3308Pablo17,Claudia3308Pablo,Claudia3308Pablo17,Noche,Con sus hijos jóvenes o nietos,Vió televisión,"Entretenimiento (radio, televisión, computadora, juego en casa)",1,1,1,1,1,8,9,Casa donde vive,3,60,21:00:00,9,60,60,60,60,60,480,540,540
Claudia3313Orlando1,Claudia3313Orlando,Claudia3313Orlando1,Mañana,Estaba solo,Comió,"Dedicación personal (comió, bañó, descansó)",1,5,1,1,1,7,8,Casa donde vive,3,30,6:00:00,,30,150,30,30,30,210,240,
Claudia3313Orlando2,Claudia3313Orlando,Claudia3313Orlando2,Mañana,Estaba solo,Se baño o arregló,"Dedicación personal (comió, bañó, descansó)",5,1,1,1,4,6,8,Casa donde vive,3,15,6:00:00,,75,15,15,15,60,90,120,
Claudia3313Orlando3,Claudia3313Orlando,Claudia3313Orlando3,Mañana,Estaba solo,Trabajó,Trabajó,6,6,1,1,3,7,8,Casa donde vive,3,60,7:00:00,,360,360,60,60,180,420,480,
Claudia3313Orlando4,Claudia3313Orlando,Claudia3313Orlando4,Mañana,Estaba solo,Viajó en coche/colectivo/moto,"Viajó a algún lado (coche, caminando, bicicleta)",5,6,1,1,6,5,7,"Viajó a algún lado (coche, caminando, bicicleta)",10,15,7:00:00,,75,90,15,15,90,75,105,
Claudia3313Orlando5,Claudia3313Orlando,Claudia3313Orlando5,Mañana,Con compañeros de trabajo / escuela / club,Trabajó,Trabajó,4,4,4,1,5,4,8,Lugar de trabajo,10,300,10:00:00,9,1200,1200,1200,300,1500,1200,2400,2700
Claudia3313Orlando6,Claudia3313Orlando,Claudia3313Orlando6,Tarde,Estaba solo,Viajó en coche/colectivo/moto,"Viajó a algún lado (coche, caminando, bicicleta)",4,4,1,1,5,7,8,"Viajó a algún lado (coche, caminando, bicicleta)",3,15,13:00:00,,60,60,15,15,75,105,120,
Claudia3313Orlando7,Claudia3313Orlando,Claudia3313Orlando7,Tarde,Con pareja e hijos,Comió,"Dedicación personal (comió, bañó, descansó)",3,1,3,1,4,6,8,Casa donde vive,3,60,13:00:00,9,180,60,180,60,240,360,480,540
Claudia3313Orlando8,Claudia3313Orlando,Claudia3313Orlando8,Tarde,Estaba solo,"Descansó (siesta,tomar mate, té o café)","Dedicación personal (comió, bañó, descansó)",1,1,1,1,1,8,8,Casa donde vive,3,60,14:00:00,,60,60,60,60,60,480,480,
Claudia3313Orlando9,Claudia3313Orlando,Claudia3313Orlando9,Tarde,Con su pareja,Comió,"Dedicación personal (comió, bañó, descansó)",4,6,1,1,1,7,8,Casa donde vive,3,30,15:00:00,9,120,180,30,30,30,210,240,270
Claudia3313Orlando10,Claudia3313Orlando,Claudia3313Orlando10,Tarde,Estaba solo,Viajó en coche/colectivo/moto,"Viajó a algún lado (coche, caminando, bicicleta)",5,6,1,1,1,7,8,"Viajó a algún lado (coche, caminando, bicicleta)",10,15,15:00:00,,75,90,15,15,15,105,120,
Claudia3313Orlando11,Claudia3313Orlando,Claudia3313Orlando11,Tarde,Con compañeros de trabajo / escuela / club,Trabajó,Trabajó,5,4,5,1,5,4,8,Lugar de trabajo,10,240,17:00:00,9,1200,960,1200,240,1200,960,1920,2160
Claudia3313Orlando12,Claudia3313Orlando,Claudia3313Orlando12,Noche,Estaba solo,Viajó en coche/colectivo/moto,"Viajó a algún lado (coche, caminando, bicicleta)",4,3,4,1,3,6,8,"Viajó a algún lado (coche, caminando, bicicleta)",3,15,20:00:00,,60,45,60,15,45,90,120,
Claudia3313Orlando13,Claudia3313Orlando,Claudia3313Orlando13,Noche,Con pareja e hijos,Comió,"Dedicación personal (comió, bañó, descansó)",3,1,4,1,1,8,8,Casa donde vive,3,60,20:00:00,10,180,60,240,60,60,480,480,600
Claudia3313Orlando14,Claudia3313Orlando,Claudia3313Orlando14,Noche,Con su pareja,Vió televisión,"Entretenimiento (radio, televisión, computadora, juego en casa)",1,1,1,1,1,8,8,Casa donde vive,3,90,21:00:00,9,90,90,90,90,90,720,720,810
Claudia41313Gaston1,Claudia41313Gaston,Claudia41313Gaston1,Mañana,Estaba solo,Se baño o arregló,"Dedicación personal (comió, bañó, descansó)",1,1,1,1,1,5,2,Casa donde vive,4,15,8:00:00,,15,15,15,15,15,75,30,
Claudia41313Gaston2,Claudia41313Gaston,Claudia41313Gaston2,Mañana,Estaba solo,Comió,"Dedicación personal (comió, bañó, descansó)",1,1,1,1,1,7,8,Casa donde vive,4,30,8:00:00,,30,30,30,30,30,210,240,
Claudia41313Gaston3,Claudia41313Gaston,Claudia41313Gaston3,Mañana,Estaba solo,Viajó en coche/colectivo/moto,"Viajó a algún lado (coche, caminando, bicicleta)",1,1,1,1,1,7,9,"Viajó a algún lado (coche, caminando, bicicleta)",12,20,9:00:00,,20,20,20,20,20,140,180,
Claudia41313Gaston4,Claudia41313Gaston,Claudia41313Gaston4,Mañana,Con compañeros de trabajo / escuela / club,Trabajó,Trabajó,1,1,1,1,1,7,9,Lugar de trabajo,12,240,11:00:00,9,240,240,240,240,240,1680,2160,2160
Claudia41313Gaston5,Claudia41313Gaston,Claudia41313Gaston5,Tarde,Estaba solo,Viajó en coche/colectivo/moto,"Viajó a algún lado (coche, caminando, bicicleta)",1,1,1,1,1,8,8,"Viajó a algún lado (coche, caminando, bicicleta)",12,10,13:00:00,,10,10,10,10,10,80,80,
Claudia41313Gaston6,Claudia41313Gaston,Claudia41313Gaston6,Tarde,Estaba solo,Trámites,Trámites o Salud,1,5,1,1,1,8,6,"Bancos, u otra entidad financiera ",12,55,13:00:00,,55,275,55,55,55,440,330,
Claudia41313Gaston7,Claudia41313Gaston,Claudia41313Gaston7,Tarde,Estaba solo,Viajó en coche/colectivo/moto,"Viajó a algún lado (coche, caminando, bicicleta)",1,1,1,1,1,7,9,"Viajó a algún lado (coche, caminando, bicicleta)",4,20,14:00:00,,20,20,20,20,20,140,180,
Claudia41313Gaston8,Claudia41313Gaston,Claudia41313Gaston8,Tarde,Estaba solo,Comió,"Dedicación personal (comió, bañó, descansó)",1,1,1,1,1,7,9,Casa donde vive,4,30,14:00:00,,30,30,30,30,30,210,270,
Claudia41313Gaston9,Claudia41313Gaston,Claudia41313Gaston9,Tarde,Con compañeros de trabajo / escuela / club,Habló con alguien,"Relaciones sociales (Charlar, cuidar, actividad religiosa, otras relaciones)",1,1,1,1,2,6,8,Casa donde vive,4,20,15:00:00,8,20,20,20,20,40,120,160,160
Claudia41313Gaston10,Claudia41313Gaston,Claudia41313Gaston10,Tarde,Con sus hijos adultos,Trabajó,Trabajó,1,1,1,1,1,7,9,Casa donde vive,4,120,16:00:00,9,120,120,120,120,120,840,1080,1080
Claudia41313Gaston11,Claudia41313Gaston,Claudia41313Gaston11,Tarde,Con sus hijos adultos,"Descansó (siesta,tomar mate, té o café)","Dedicación personal (comió, bañó, descansó)",1,1,1,1,1,8,9,Casa donde vive,4,40,17:00:00,9,40,40,40,40,40,320,360,360
Claudia41313Gaston12,Claudia41313Gaston,Claudia41313Gaston12,Noche,Estaba solo,Viajó en coche/colectivo/moto,"Viajó a algún lado (coche, caminando, bicicleta)",1,1,1,1,1,8,9,"Viajó a algún lado (coche, caminando, bicicleta)",13,20,18:00:00,,20,20,20,20,20,160,180,
Claudia41313Gaston13,Claudia41313Gaston,Claudia41313Gaston13,Noche,Con sus hijos adultos,Habló con alguien,"Relaciones sociales (Charlar, cuidar, actividad religiosa, otras relaciones)",1,1,1,1,1,8,10,Casa de amigos,13,60,19:00:00,10,60,60,60,60,60,480,600,600
Claudia41313Gaston14,Claudia41313Gaston,Claudia41313Gaston14,Noche,Estaba solo,Viajó en coche/colectivo/moto,"Viajó a algún lado (coche, caminando, bicicleta)",1,1,1,1,1,7,9,"Viajó a algún lado (coche, caminando, bicicleta)",4,20,19:00:00,,20,20,20,20,20,140,180,
Claudia41313Gaston15,Claudia41313Gaston,Claudia41313Gaston15,Noche,Estaba solo,Vió televisión,"Entretenimiento (radio, televisión, computadora, juego en casa)",1,1,1,1,1,8,9,Casa donde vive,4,50,20:00:00,,50,50,50,50,50,400,450,
Claudia41313Gaston16,Claudia41313Gaston,Claudia41313Gaston16,Noche,Estaba solo,Comió,"Dedicación personal (comió, bañó, descansó)",1,1,1,1,1,8,9,Casa donde vive,4,30,20:00:00,,30,30,30,30,30,240,270,
Claudia41313Guillermo1,Claudia41313Guillermo,Claudia41313Guillermo1,Mañana,Estaba solo,Comió,"Dedicación personal (comió, bañó, descansó)",4,1,1,1,5,5,8,Casa donde vive,4,20,7:00:00,,80,20,20,20,100,100,160,
Claudia41313Guillermo2,Claudia41313Guillermo,Claudia41313Guillermo2,Mañana,Estaba solo,Viajó en coche/colectivo/moto,"Viajó a algún lado (coche, caminando, bicicleta)",1,1,1,1,1,8,10,"Viajó a algún lado (coche, caminando, bicicleta)",4,10,8:00:00,,10,10,10,10,10,80,100,
Claudia41313Guillermo3,Claudia41313Guillermo,Claudia41313Guillermo3,Mañana,Destinatario de nuestra actividad laboral (Cliente / paciente / alumno),Trabajó,Trabajó,1,1,1,1,1,8,8,Lugar de trabajo,4,300,10:00:00,9,300,300,300,300,300,2400,2400,2700
Claudia41313Guillermo4,Claudia41313Guillermo,Claudia41313Guillermo4,Tarde,Estaba solo,Comió,"Dedicación personal (comió, bañó, descansó)",1,1,1,1,1,8,9,Lugar de trabajo,4,15,13:00:00,,15,15,15,15,15,120,135,
Claudia41313Guillermo5,Claudia41313Guillermo,Claudia41313Guillermo5,Tarde,Estaba solo,Trabajó,Trabajó,1,1,1,1,1,7,8,Lugar de trabajo,4,195,15:00:00,,195,195,195,195,195,1365,1560,
Claudia41313Guillermo6,Claudia41313Guillermo,Claudia41313Guillermo6,Tarde,Estaba solo,Viajó en coche/colectivo/moto,"Viajó a algún lado (coche, caminando, bicicleta)",1,1,1,1,1,7,8,"Viajó a algún lado (coche, caminando, bicicleta)",4,15,16:00:00,,15,15,15,15,15,105,120,
Claudia41313Guillermo7,Claudia41313Guillermo,Claudia41313Guillermo7,Tarde,Estaba solo,Viajó en coche/colectivo/moto,"Viajó a algún lado (coche, caminando, bicicleta)",1,1,1,1,1,8,9,"Viajó a algún lado (coche, caminando, bicicleta)",4,15,17:00:00,,15,15,15,15,15,120,135,
Claudia41313Guillermo8,Claudia41313Guillermo,Claudia41313Guillermo8,Tarde,Estaba solo,Se baño o arregló,"Dedicación personal (comió, bañó, descansó)",1,1,1,1,1,8,9,Casa donde vive,4,15,17:00:00,,15,15,15,15,15,120,135,
Claudia41313Guillermo9,Claudia41313Guillermo,Claudia41313Guillermo9,Tarde,Estaba solo,Leyó / Estudió,Leyó o estudió,1,1,1,1,1,8,10,Casa donde vive,4,75,18:00:00,,75,75,75,75,75,600,750,
Claudia41313Guillermo10,Claudia41313Guillermo,Claudia41313Guillermo10,Noche,Con otros familiares,Viajó en coche/colectivo/moto,"Viajó a algún lado (coche, caminando, bicicleta)",1,1,1,1,1,8,9,"Viajó a algún lado (coche, caminando, bicicleta)",13,10,18:00:00,9,10,10,10,10,10,80,90,90
Claudia41313Guillermo11,Claudia41313Guillermo,Claudia41313Guillermo11,Noche,Estaba solo,Viajó en coche/colectivo/moto,"Viajó a algún lado (coche, caminando, bicicleta)",1,1,1,1,1,8,9,"Viajó a algún lado (coche, caminando, bicicleta)",13,10,18:00:00,,10,10,10,10,10,80,90,
Claudia41313Guillermo12,Claudia41313Guillermo,Claudia41313Guillermo12,Noche,Estaba solo,Fue de compras,Compras,1,1,1,1,1,8,9,Comercio de ropa u otro tipo de comercio de compras,13,20,19:00:00,,20,20,20,20,20,160,180,
Claudia41313Guillermo13,Claudia41313Guillermo,Claudia41313Guillermo13,Noche,Estaba solo,Viajó en coche/colectivo/moto,"Viajó a algún lado (coche, caminando, bicicleta)",1,1,1,1,1,9,9,"Viajó a algún lado (coche, caminando, bicicleta)",4,15,19:00:00,,15,15,15,15,15,135,135,
Claudia41313Guillermo14,Claudia41313Guillermo,Claudia41313Guillermo14,Noche,Con sus hijos jóvenes o nietos,Hizo tareas domésticas,"Tareas domésticas (comida, cuida a los hijos, mascotas)",1,1,1,1,1,8,9,Casa donde vive,4,30,19:00:00,10,30,30,30,30,30,240,270,300
Claudia41313Guillermo15,Claudia41313Guillermo,Claudia41313Guillermo15,Noche,Con su pareja,Vió televisión,"Entretenimiento (radio, televisión, computadora, juego en casa)",1,1,1,1,1,9,10,Casa donde vive,4,90,20:00:00,10,90,90,90,90,90,810,900,900
Claudia41313Guillermo16,Claudia41313Guillermo,Claudia41313Guillermo16,Noche,Con su pareja,Comió,"Dedicación personal (comió, bañó, descansó)",1,1,1,1,1,8,10,Casa donde vive,4,40,21:00:00,10,40,40,40,40,40,320,400,400
Claudia51309Fernando1,Claudia51309Fernando,Claudia51309Fernando1,Mañana,Estaba solo,Comió,"Dedicación personal (comió, bañó, descansó)",5,2,2,"1,62559846792212",2,7,7,Casa donde vive,5,20,7:00:00,,100,40,40,"32,5119693584424",40,140,140,
Claudia51309Fernando2,Claudia51309Fernando,Claudia51309Fernando2,Mañana,Estaba solo,Se baño o arregló,"Dedicación personal (comió, bañó, descansó)",2,7,2,2,6,6,9,Casa donde vive,5,10,7:00:00,,20,70,20,20,60,60,90,
Claudia51309Fernando3,Claudia51309Fernando,Claudia51309Fernando3,Mañana,Con sus hijos jóvenes o nietos,Viajó en coche/colectivo/moto,"Viajó a algún lado (coche, caminando, bicicleta)",5,7,2,2,2,7,9,"Viajó a algún lado (coche, caminando, bicicleta)",12,30,7:00:00,9,150,210,60,60,60,210,270,270
Claudia51309Fernando4,Claudia51309Fernando,Claudia51309Fernando4,Mañana,Con otros familiares,Viajó en coche/colectivo/moto,"Viajó a algún lado (coche, caminando, bicicleta)",2,2,2,2,2,7,8,"Viajó a algún lado (coche, caminando, bicicleta)",5,30,8:00:00,7,60,60,60,60,60,210,240,210
Claudia51309Fernando5,Claudia51309Fernando,Claudia51309Fernando5,Mañana,Con otros familiares,"Descansó (siesta,tomar mate, té o café)","Dedicación personal (comió, bañó, descansó)",2,2,2,2,2,8,8,Casa donde vive,5,120,9:00:00,8,240,240,240,240,240,960,960,960
Claudia51309Fernando6,Claudia51309Fernando,Claudia51309Fernando6,Mañana,Con su pareja,Hizo tareas domésticas,"Tareas domésticas (comida, cuida a los hijos, mascotas)",2,2,2,2,2,8,8,Casa donde vive,5,60,11:00:00,8,120,120,120,120,120,480,480,480
Claudia51309Fernando7,Claudia51309Fernando,Claudia51309Fernando7,Mañana,Con su pareja,Vió televisión,"Entretenimiento (radio, televisión, computadora, juego en casa)",2,2,1,1,1,8,9,Casa donde vive,5,30,11:00:00,9,60,60,30,30,30,240,270,270
Claudia51309Fernando8,Claudia51309Fernando,Claudia51309Fernando8,Tarde,Con su pareja,Comió,"Dedicación personal (comió, bañó, descansó)",2,2,2,2,2,9,10,Casa donde vive,5,40,12:00:00,9,80,80,80,80,80,360,400,360
Claudia51309Fernando9,Claudia51309Fernando,Claudia51309Fernando9,Tarde,Estaba solo,Viajó en coche/colectivo/moto,"Viajó a algún lado (coche, caminando, bicicleta)",2,2,2,2,3,6,7,"Viajó a algún lado (coche, caminando, bicicleta)",6,20,12:00:00,,40,40,40,40,60,120,140,
Claudia51309Fernando10,Claudia51309Fernando,Claudia51309Fernando10,Tarde,Con compañeros de trabajo / escuela / club,Trabajó,Trabajó,2,7,2,1,1,5,7,Lugar de trabajo,6,195,14:00:00,8,390,1365,390,195,195,975,1365,1560
Claudia51309Fernando11,Claudia51309Fernando,Claudia51309Fernando11,Tarde,Estaba solo,Viajó en coche/colectivo/moto,"Viajó a algún lado (coche, caminando, bicicleta)",2,2,2,2,3,8,9,"Viajó a algún lado (coche, caminando, bicicleta)",5,20,16:00:00,,40,40,40,40,60,160,180,
Claudia51309Fernando12,Claudia51309Fernando,Claudia51309Fernando12,Tarde,Estaba solo,Se baño o arregló,"Dedicación personal (comió, bañó, descansó)",2,1,1,1,2,8,10,Casa donde vive,5,15,16:00:00,,30,15,15,15,30,120,150,
Claudia51309Fernando13,Claudia51309Fernando,Claudia51309Fernando13,Noche,Con su pareja,Comió,"Dedicación personal (comió, bañó, descansó)",1,1,1,1,5,6,9,Casa donde vive,5,20,17:00:00,9,20,20,20,20,100,120,180,180
Claudia51309Fernando14,Claudia51309Fernando,Claudia51309Fernando14,Noche,Con sus hijos jóvenes o nietos,Viajó en coche/colectivo/moto,"Viajó a algún lado (coche, caminando, bicicleta)",1,2,1,2,3,9,10,"Viajó a algún lado (coche, caminando, bicicleta)",11,15,17:00:00,9,15,30,15,30,45,135,150,135
Claudia51309Fernando15,Claudia51309Fernando,Claudia51309Fernando15,Noche,Estaba solo,Viajó en coche/colectivo/moto,"Viajó a algún lado (coche, caminando, bicicleta)",1,1,1,1,1,8,9,"Viajó a algún lado (coche, caminando, bicicleta)",5,15,17:00:00,,15,15,15,15,15,120,135,
Claudia51309Fernando16,Claudia51309Fernando,Claudia51309Fernando16,Noche,Con su pareja,"Descansó (siesta,tomar mate, té o café)","Dedicación personal (comió, bañó, descansó)",1,1,1,1,1,8,9,Casa donde vive,5,50,18:00:00,10,50,50,50,50,50,400,450,500
Claudia51309Fernando17,Claudia51309Fernando,Claudia51309Fernando17,Noche,Con su pareja,Viajó en coche/colectivo/moto,"Viajó a algún lado (coche, caminando, bicicleta)",2,1,2,1,4,6,9,"Viajó a algún lado (coche, caminando, bicicleta)",11,15,18:00:00,10,30,15,30,15,60,90,135,150
Claudia51309Fernando18,Claudia51309Fernando,Claudia51309Fernando18,Noche,Con otros familiares,Viajó en coche/colectivo/moto,"Viajó a algún lado (coche, caminando, bicicleta)",2,2,2,2,5,7,9,"Viajó a algún lado (coche, caminando, bicicleta)",5,15,18:00:00,10,30,30,30,30,75,105,135,150
Claudia51309Fernando19,Claudia51309Fernando,Claudia51309Fernando19,Noche,Con otros familiares,Comió,"Dedicación personal (comió, bañó, descansó)",5,2,1,1,5,9,10,Casa donde vive,5,60,19:00:00,10,300,120,60,60,300,540,600,600
Claudia61301Mariana1,Claudia61301Mariana,Claudia61301Mariana1,Mañana,Estaba solo,Se baño o arregló,"Dedicación personal (comió, bañó, descansó)",1,1,1,1,1,7,8,Casa donde vive,6,15,8:00:00,,15,15,15,15,15,105,120,
Claudia61301Mariana2,Claudia61301Mariana,Claudia61301Mariana2,Mañana,Estaba solo,Comió,"Dedicación personal (comió, bañó, descansó)",1,1,1,1,1,8,8,Casa donde vive,6,15,8:00:00,,15,15,15,15,15,120,120,
Claudia61301Mariana3,Claudia61301Mariana,Claudia61301Mariana3,Mañana,Estaba solo,Hizo tareas domésticas,"Tareas domésticas (comida, cuida a los hijos, mascotas)",1,1,1,1,1,8,8,Casa donde vive,6,120,9:00:00,,120,120,120,120,120,960,960,
Claudia61301Mariana4,Claudia61301Mariana,Claudia61301Mariana4,Mañana,Con sus hijos jóvenes o nietos,Preparó comida,"Tareas domésticas (comida, cuida a los hijos, mascotas)",1,5,1,1,6,4,8,Casa donde vive,6,90,11:00:00,,90,450,90,90,540,360,720,
Claudia61301Mariana5,Claudia61301Mariana,Claudia61301Mariana5,Mañana,Con sus hijos jóvenes o nietos,Comió,"Dedicación personal (comió, bañó, descansó)",1,7,1,1,5,6,8,Casa donde vive,6,30,12:00:00,9,30,210,30,30,150,180,240,270
Claudia61301Mariana6,Claudia61301Mariana,Claudia61301Mariana6,Tarde,Con sus hijos jóvenes o nietos,Viajó en coche/colectivo/moto,"Viajó a algún lado (coche, caminando, bicicleta)",1,6,1,1,5,6,8,"Viajó a algún lado (coche, caminando, bicicleta)",12,15,12:00:00,10,15,90,15,15,75,90,120,150
Claudia61301Mariana7,Claudia61301Mariana,Claudia61301Mariana7,Tarde,Estaba solo,Viajó en coche/colectivo/moto,"Viajó a algún lado (coche, caminando, bicicleta)",1,6,1,1,6,5,8,"Viajó a algún lado (coche, caminando, bicicleta)",6,15,12:00:00,,15,90,15,15,90,75,120,
Claudia61301Mariana8,Claudia61301Mariana,Claudia61301Mariana8,Tarde,Estaba solo,Comió,"Dedicación personal (comió, bañó, descansó)",1,6,1,1,4,3,8,Casa donde vive,6,30,13:00:00,,30,180,30,30,120,90,240,
Claudia61301Mariana9,Claudia61301Mariana,Claudia61301Mariana9,Tarde,Estaba solo,Trabajó,Trabajó,1,6,1,1,5,5,8,Casa donde vive,6,190,15:00:00,,190,1140,190,190,950,950,1520,
Claudia61301Mariana10,Claudia61301Mariana,Claudia61301Mariana10,Tarde,Estaba solo,Viajó en coche/colectivo/moto,"Viajó a algún lado (coche, caminando, bicicleta)",1,5,1,1,5,5,8,"Viajó a algún lado (coche, caminando, bicicleta)",12,15,16:00:00,,15,75,15,15,75,75,120,
Claudia61301Mariana11,Claudia61301Mariana,Claudia61301Mariana11,Tarde,Con sus hijos jóvenes o nietos,Viajó en coche/colectivo/moto,"Viajó a algún lado (coche, caminando, bicicleta)",1,3,1,1,6,5,8,"Viajó a algún lado (coche, caminando, bicicleta)",6,15,17:00:00,10,15,45,15,15,90,75,120,150
Claudia61301Mariana12,Claudia61301Mariana,Claudia61301Mariana12,Tarde,Con sus hijos jóvenes o nietos,Comió,"Dedicación personal (comió, bañó, descansó)",1,4,1,1,4,7,8,Casa donde vive,6,60,17:00:00,10,60,240,60,60,240,420,480,600
Claudia61301Mariana13,Claudia61301Mariana,Claudia61301Mariana13,Noche,Con sus hijos jóvenes o nietos,Cuidó a los niños,"Tareas domésticas (comida, cuida a los hijos, mascotas)",1,6,4,1,5,3,8,Casa donde vive,6,120,19:00:00,10,120,720,480,120,600,360,960,1200
Claudia61301Mariana14,Claudia61301Mariana,Claudia61301Mariana14,Noche,Con pareja e hijos,Preparó comida,"Tareas domésticas (comida, cuida a los hijos, mascotas)",1,5,3,1,5,4,8,Casa donde vive,6,60,20:00:00,10,60,300,180,60,300,240,480,600
Claudia61301Mariana15,Claudia61301Mariana,Claudia61301Mariana15,Noche,Con pareja e hijos,Comió,"Dedicación personal (comió, bañó, descansó)",1,3,1,1,1,7,8,Casa donde vive,6,60,21:00:00,10,60,180,60,60,60,420,480,600
Claudia61301Mariana16,Claudia61301Mariana,Claudia61301Mariana16,Noche,Con su pareja,Vió televisión,"Entretenimiento (radio, televisión, computadora, juego en casa)",1,1,1,1,6,5,8,Casa donde vive,6,120,23:00:00,10,120,120,120,120,720,600,960,1200
Claudia61303Daniel1,Claudia61303Daniel,Claudia61303Daniel1,Mañana,Con sus hijos jóvenes o nietos,Comió,"Dedicación personal (comió, bañó, descansó)",1,1,1,1,1,9,10,Casa donde vive,6,10,7:00:00,10,10,10,10,10,10,90,100,100
Claudia61303Daniel2,Claudia61303Daniel,Claudia61303Daniel2,Mañana,Con sus hijos jóvenes o nietos,Se baño o arregló,"Dedicación personal (comió, bañó, descansó)",1,1,1,1,1,6,"7,95789473684211",Casa donde vive,6,10,7:00:00,9,10,10,10,10,10,60,"79,5789473684211",90
Claudia61303Daniel3,Claudia61303Daniel,Claudia61303Daniel3,Mañana,Estaba solo,Viajó en coche/colectivo/moto,"Viajó a algún lado (coche, caminando, bicicleta)",4,6,1,1,1,6,8,"Viajó a algún lado (coche, caminando, bicicleta)",FZ,15,7:00:00,,60,90,15,15,15,90,120,
Claudia61303Daniel4,Claudia61303Daniel,Claudia61303Daniel4,Mañana,Con compañeros de trabajo / escuela / club,Trabajó,Trabajó,1,9,5,1,6,5,9,Lugar de trabajo,FZ,300,10:00:00,9,300,2700,1500,300,1800,1500,2700,2700
Claudia61303Daniel5,Claudia61303Daniel,Claudia61303Daniel5,Tarde,Estaba solo,Viajó en coche/colectivo/moto,"Viajó a algún lado (coche, caminando, bicicleta)",1,4,1,1,1,7,9,"Viajó a algún lado (coche, caminando, bicicleta)",6,15,12:00:00,,15,60,15,15,15,105,135,
Claudia61303Daniel6,Claudia61303Daniel,Claudia61303Daniel6,Tarde,Estaba solo,Se baño o arregló,"Dedicación personal (comió, bañó, descansó)",1,1,1,1,1,8,9,Casa donde vive,6,15,12:00:00,,15,15,15,15,15,120,135,
Claudia61303Daniel7,Claudia61303Daniel,Claudia61303Daniel7,Tarde,Con sus hijos jóvenes o nietos,Comió,"Dedicación personal (comió, bañó, descansó)",1,1,1,1,1,8,10,Casa donde vive,6,60,13:00:00,10,60,60,60,60,60,480,600,600
Claudia61303Daniel8,Claudia61303Daniel,Claudia61303Daniel8,Tarde,Con sus hijos jóvenes o nietos,Se baño o arregló,"Dedicación personal (comió, bañó, descansó)",1,1,1,1,1,7,8,Casa donde vive,6,10,14:00:00,10,10,10,10,10,10,70,80,100
Claudia61303Daniel9,Claudia61303Daniel,Claudia61303Daniel9,Tarde,Estaba solo,Viajó en coche/colectivo/moto,"Viajó a algún lado (coche, caminando, bicicleta)",3,4,1,1,1,7,8,"Viajó a algún lado (coche, caminando, bicicleta)",FZ,15,14:00:00,,45,60,15,15,15,105,120,
Claudia61303Daniel10,Claudia61303Daniel,Claudia61303Daniel10,Tarde,Con compañeros de trabajo / escuela / club,Trabajó,Trabajó,1,8,1,1,6,4,10,Lugar de trabajo,FZ,360,17:00:00,9,360,2880,360,360,2160,1440,3600,3240
Claudia61303Daniel11,Claudia61303Daniel,Claudia61303Daniel11,Noche,Estaba solo,Viajó en coche/colectivo/moto,"Viajó a algún lado (coche, caminando, bicicleta)",1,3,1,1,1,7,8,"Viajó a algún lado (coche, caminando, bicicleta)",6,15,20:00:00,,15,45,15,15,15,105,120,
Claudia61303Daniel12,Claudia61303Daniel,Claudia61303Daniel12,Noche,Estaba solo,Se baño o arregló,"Dedicación personal (comió, bañó, descansó)",1,1,1,1,1,7,9,Casa donde vive,6,15,20:00:00,,15,15,15,15,15,105,135,
Claudia61303Daniel13,Claudia61303Daniel,Claudia61303Daniel13,Noche,Con sus hijos jóvenes o nietos,Comió,"Dedicación personal (comió, bañó, descansó)",1,1,1,1,1,9,10,Casa donde vive,6,60,21:00:00,10,60,60,60,60,60,540,600,600
Claudia61303Daniel14,Claudia61303Daniel,Claudia61303Daniel14,Noche,Con sus hijos jóvenes o nietos,Vió televisión,"Entretenimiento (radio, televisión, computadora, juego en casa)",1,1,1,1,1,8,9,Casa donde vive,6,30,22:00:00,10,30,30,30,30,30,240,270,300
Claudia61307Elisabet1,Claudia61307Elisabet,Claudia61307Elisabet1,Mañana,Con su pareja,Comió,"Dedicación personal (comió, bañó, descansó)",1,1,1,1,1,8,10,Casa donde vive,6,30,8:00:00,10,30,30,30,30,30,240,300,300
Claudia61307Elisabet2,Claudia61307Elisabet,Claudia61307Elisabet2,Mañana,Estaba solo,Se baño o arregló,"Dedicación personal (comió, bañó, descansó)",1,1,1,1,1,8,9,Casa donde vive,6,30,8:00:00,,30,30,30,30,30,240,270,
Claudia61307Elisabet3,Claudia61307Elisabet,Claudia61307Elisabet3,Mañana,Destinatario de nuestra actividad laboral (Cliente / paciente / alumno),Trabajó,Trabajó,6,1,1,1,1,7,8,Casa donde vive,6,210,10:00:00,9,1260,210,210,210,210,1470,1680,1890
Claudia61307Elisabet4,Claudia61307Elisabet,Claudia61307Elisabet4,Tarde,Estaba solo,Preparó comida,"Tareas domésticas (comida, cuida a los hijos, mascotas)",5,1,1,1,1,8,8,Casa donde vive,6,60,12:00:00,,300,60,60,60,60,480,480,
Claudia61307Elisabet5,Claudia61307Elisabet,Claudia61307Elisabet5,Tarde,Con su pareja,Comió,"Dedicación personal (comió, bañó, descansó)",5,1,1,1,1,8,8,Casa donde vive,6,45,13:00:00,10,225,45,45,45,45,360,360,450
Claudia61307Elisabet6,Claudia61307Elisabet,Claudia61307Elisabet6,Tarde,Estaba solo,Hizo tareas domésticas,"Tareas domésticas (comida, cuida a los hijos, mascotas)",4,1,1,1,1,7,8,Casa donde vive,6,30,14:00:00,,120,30,30,30,30,210,240,
Claudia61307Elisabet7,Claudia61307Elisabet,Claudia61307Elisabet7,Tarde,Estaba solo,"Descansó (siesta,tomar mate, té o café)","Dedicación personal (comió, bañó, descansó)",3,1,1,1,1,7,8,Casa donde vive,6,30,14:00:00,,90,30,30,30,30,210,240,
Claudia61307Elisabet8,Claudia61307Elisabet,Claudia61307Elisabet8,Tarde,Destinatario de nuestra actividad laboral (Cliente / paciente / alumno),Trabajó,Trabajó,5,1,1,1,1,7,8,Casa donde vive,6,180,16:00:00,10,900,180,180,180,180,1260,1440,1800
Claudia61307Elisabet9,Claudia61307Elisabet,Claudia61307Elisabet9,Noche,Estaba solo,Comió,"Dedicación personal (comió, bañó, descansó)",6,1,1,3,2,8,8,Casa donde vive,6,30,18:00:00,,180,30,30,90,60,240,240,
Claudia61307Elisabet10,Claudia61307Elisabet,Claudia61307Elisabet10,Noche,Destinatario de nuestra actividad laboral (Cliente / paciente / alumno),Trabajó,Trabajó,5,1,1,3,1,7,8,Casa donde vive,6,90,19:00:00,10,450,90,90,270,90,630,720,900
Claudia61307Elisabet11,Claudia61307Elisabet,Claudia61307Elisabet11,Noche,Con pareja e hijos,Vió televisión,"Entretenimiento (radio, televisión, computadora, juego en casa)",3,1,1,1,1,7,8,Casa donde vive,6,60,20:00:00,9,180,60,60,60,60,420,480,540
Claudia61307Elisabet12,Claudia61307Elisabet,Claudia61307Elisabet12,Noche,Con su pareja,Preparó comida,"Tareas domésticas (comida, cuida a los hijos, mascotas)",3,1,1,1,1,8,8,Casa donde vive,6,60,21:00:00,9,180,60,60,60,60,480,480,540
Claudia61307Elisabet13,Claudia61307Elisabet,Claudia61307Elisabet13,Noche,Con pareja e hijos,Comió,"Dedicación personal (comió, bañó, descansó)",4,1,1,1,1,8,8,Casa donde vive,6,60,22:00:00,10,240,60,60,60,60,480,480,600
Claudia61307Elisabet14,Claudia61307Elisabet,Claudia61307Elisabet14,Noche,Con su pareja,Vió televisión,"Entretenimiento (radio, televisión, computadora, juego en casa)",4,1,1,1,1,7,8,Casa donde vive,6,60,23:00:00,9,240,60,60,60,60,420,480,540
Claudia61307Esther1,Claudia61307Esther,Claudia61307Esther1,Mañana,Estaba solo,Comió,"Dedicación personal (comió, bañó, descansó)",1,1,1,4,1,6,5,Casa donde vive,6,30,7:00:00,,30,30,30,120,30,180,150,
Claudia61307Esther2,Claudia61307Esther,Claudia61307Esther2,Mañana,Estaba solo,Se baño o arregló,"Dedicación personal (comió, bañó, descansó)",1,1,1,4,"2,55303514376997","7,29674537332483","7,95789473684211",Casa donde vive,6,60,8:00:00,,60,60,60,240,"153,182108626198","437,80472239949","477,473684210526",
Claudia61307Esther3,Claudia61307Esther,Claudia61307Esther3,Mañana,Estaba solo,Caminó a algún lado,"Viajó a algún lado (coche, caminando, bicicleta)",1,5,1,6,5,5,8,"Viajó a algún lado (coche, caminando, bicicleta)",15,30,9:00:00,,30,150,30,180,150,150,240,
Claudia61307Esther4,Claudia61307Esther,Claudia61307Esther4,Mañana,Con otros familiares,Cuidó a alguien,"Relaciones sociales (Charlar, cuidar, actividad religiosa, otras relaciones)",8,5,1,"1,62559846792212",5,3,7,Casa de parientes,15,60,9:00:00,8,480,300,60,"97,5359080753272",300,180,420,480
Claudia61307Esther5,Claudia61307Esther,Claudia61307Esther5,Mañana,Estaba solo,Caminó a algún lado,"Viajó a algún lado (coche, caminando, bicicleta)",5,5,1,4,4,5,7,"Viajó a algún lado (coche, caminando, bicicleta)",15,5,10:00:00,,25,25,5,20,20,25,35,
Claudia61307Esther6,Claudia61307Esther,Claudia61307Esther6,Mañana,Estaba solo,Fue de compras,Compras,4,5,1,6,5,6,7,"Supermercado, despensa, verdulería, carnicería, dietética",15,30,10:00:00,,120,150,30,180,150,180,210,
Claudia61307Esther7,Claudia61307Esther,Claudia61307Esther7,Mañana,Estaba solo,Caminó a algún lado,"Viajó a algún lado (coche, caminando, bicicleta)",6,4,5,1,6,5,6,"Viajó a algún lado (coche, caminando, bicicleta)",6,30,11:00:00,,180,120,150,30,180,150,180,
Claudia61307Esther8,Claudia61307Esther,Claudia61307Esther8,Tarde,Estaba solo,Preparó comida,"Tareas domésticas (comida, cuida a los hijos, mascotas)",1,5,1,5,6,3,7,Casa donde vive,6,90,12:00:00,,90,450,90,450,540,270,630,
Claudia61307Esther9,Claudia61307Esther,Claudia61307Esther9,Tarde,Con pareja e hijos,Comió,"Dedicación personal (comió, bañó, descansó)",1,4,1,4,6,5,8,Casa donde vive,6,30,13:00:00,,30,120,30,120,180,150,240,
Claudia61307Esther10,Claudia61307Esther,Claudia61307Esther10,Tarde,Con sus hijos adultos,Hizo tareas domésticas,"Tareas domésticas (comida, cuida a los hijos, mascotas)",1,5,1,6,4,6,8,Casa donde vive,6,60,14:00:00,10,60,300,60,360,240,360,480,600
Claudia61307Esther11,Claudia61307Esther,Claudia61307Esther11,Tarde,Estaba solo,"Descansó (siesta,tomar mate, té o café)","Dedicación personal (comió, bañó, descansó)",1,2,2,4,2,6,8,Casa donde vive,6,60,15:00:00,,60,120,120,240,120,360,480,
Claudia61307Esther12,Claudia61307Esther,Claudia61307Esther12,Tarde,Con sus hijos adultos,Comió,"Dedicación personal (comió, bañó, descansó)",1,6,1,6,4,5,8,Casa donde vive,6,60,16:00:00,10,60,360,60,360,240,300,480,600
Claudia61307Esther13,Claudia61307Esther,Claudia61307Esther13,Tarde,Estaba solo,Vió televisión,"Entretenimiento (radio, televisión, computadora, juego en casa)",1,5,1,5,6,5,8,Casa donde vive,6,120,17:00:00,,120,600,120,600,720,600,960,
Claudia61307Esther14,Claudia61307Esther,Claudia61307Esther14,Noche,Estaba solo,Se baño o arregló,"Dedicación personal (comió, bañó, descansó)",1,6,1,6,5,5,8,Casa donde vive,6,30,18:00:00,,30,180,30,180,150,150,240,
Claudia61307Esther15,Claudia61307Esther,Claudia61307Esther15,Noche,Con pareja e hijos,Comió,"Dedicación personal (comió, bañó, descansó)",1,5,1,6,5,6,8,Casa donde vive,6,30,19:00:00,10,30,150,30,180,150,180,240,300
Claudia61307Esther16,Claudia61307Esther,Claudia61307Esther16,Noche,Estaba solo,Hizo tareas domésticas,"Tareas domésticas (comida, cuida a los hijos, mascotas)",1,6,1,5,5,4,8,Casa donde vive,6,90,20:00:00,,90,540,90,450,450,360,720,
Claudia61307Esther17,Claudia61307Esther,Claudia61307Esther17,Noche,Con pareja e hijos,Comió,"Dedicación personal (comió, bañó, descansó)",1,3,3,4,3,6,8,Casa donde vive,6,60,21:00:00,9,60,180,180,240,180,360,480,540
Claudia61307Esther18,Claudia61307Esther,Claudia61307Esther18,Noche,Con su pareja,Vió televisión,"Entretenimiento (radio, televisión, computadora, juego en casa)",1,3,1,6,3,5,8,Casa donde vive,6,60,22:00:00,9,60,180,60,360,180,300,480,540
Claudia61307Miguel1,Claudia61307Miguel,Claudia61307Miguel1,Mañana,Estaba solo,Se baño o arregló,"Dedicación personal (comió, bañó, descansó)",6,4,5,1,5,5,7,Casa donde vive,6,15,8:00:00,,90,60,75,15,75,75,105,
Claudia61307Miguel2,Claudia61307Miguel,Claudia61307Miguel2,Mañana,Con su pareja,Trabajó,Trabajó,6,5,5,1,5,4,7,Casa donde vive,6,120,9:00:00,9,720,600,600,120,600,480,840,1080
Claudia61307Miguel3,Claudia61307Miguel,Claudia61307Miguel3,Mañana,Con su pareja,Comió,"Dedicación personal (comió, bañó, descansó)",9,7,3,1,6,3,9,Casa donde vive,6,30,10:00:00,9,270,210,90,30,180,90,270,270
Claudia61307Miguel4,Claudia61307Miguel,Claudia61307Miguel4,Mañana,Estaba solo,Trabajó,Trabajó,5,5,5,1,5,3,8,Casa donde vive,6,120,12:00:00,,600,600,600,120,600,360,960,
Claudia61307Miguel5,Claudia61307Miguel,Claudia61307Miguel5,Tarde,Con su pareja,Comió,"Dedicación personal (comió, bañó, descansó)",4,4,4,1,6,3,8,Casa donde vive,6,60,13:00:00,9,240,240,240,60,360,180,480,540
Claudia61307Miguel6,Claudia61307Miguel,Claudia61307Miguel6,Tarde,Con su pareja,"Descansó (siesta,tomar mate, té o café)","Dedicación personal (comió, bañó, descansó)",5,5,5,1,6,4,8,Casa donde vive,6,60,14:00:00,9,300,300,300,60,360,240,480,540
Claudia61307Miguel7,Claudia61307Miguel,Claudia61307Miguel7,Tarde,Estaba solo,Comió,"Dedicación personal (comió, bañó, descansó)",5,6,4,1,5,5,9,Casa donde vive,6,30,15:00:00,,150,180,120,30,150,150,270,
Claudia61307Miguel8,Claudia61307Miguel,Claudia61307Miguel8,Tarde,Estaba solo,Viajó en coche/colectivo/moto,"Viajó a algún lado (coche, caminando, bicicleta)",6,6,6,1,5,4,8,"Viajó a algún lado (coche, caminando, bicicleta)",12,15,15:00:00,,90,90,90,15,75,60,120,
Claudia61307Miguel9,Claudia61307Miguel,Claudia61307Miguel9,Tarde,Con compañeros de trabajo / escuela / club,Trabajó,Trabajó,7,5,5,1,5,3,7,Lugar de trabajo,12,240,17:00:00,9,1680,1200,1200,240,1200,720,1680,2160
Claudia61307Miguel10,Claudia61307Miguel,Claudia61307Miguel10,Noche,Estaba solo,Viajó en coche/colectivo/moto,"Viajó a algún lado (coche, caminando, bicicleta)",5,4,6,1,5,5,8,"Viajó a algún lado (coche, caminando, bicicleta)",6,10,20:00:00,,50,40,60,10,50,50,80,
Claudia61307Miguel11,Claudia61307Miguel,Claudia61307Miguel11,Noche,Estaba solo,Trabajó,Trabajó,4,4,5,1,3,6,8,Casa donde vive,6,60,20:00:00,,240,240,300,60,180,360,480,
Claudia61307Miguel12,Claudia61307Miguel,Claudia61307Miguel12,Noche,Con su pareja,Comió,"Dedicación personal (comió, bañó, descansó)",6,3,7,1,4,5,8,Casa donde vive,6,60,21:00:00,10,360,180,420,60,240,300,480,600
Claudia61307Miguel13,Claudia61307Miguel,Claudia61307Miguel13,Noche,Con su pareja,Vió televisión,"Entretenimiento (radio, televisión, computadora, juego en casa)",5,1,6,1,1,5,8,Casa donde vive,6,90,22:00:00,9,450,90,540,90,90,450,720,810
Claudia71220Pablo1,Claudia71220Pablo,Claudia71220Pablo1,Mañana,Estaba solo,Se baño o arregló,"Dedicación personal (comió, bañó, descansó)",1,9,1,1,6,6,8,Casa donde vive,7,10,7:00:00,,10,90,10,10,60,60,80,
Claudia71220Pablo2,Claudia71220Pablo,Claudia71220Pablo2,Mañana,Estaba solo,Comió,"Dedicación personal (comió, bañó, descansó)",3,2,2,1,6,8,7,Casa donde vive,7,30,7:00:00,,90,60,60,30,180,240,210,
Claudia71220Pablo3,Claudia71220Pablo,Claudia71220Pablo3,Mañana,Estaba solo,Viajó en coche/colectivo/moto,"Viajó a algún lado (coche, caminando, bicicleta)",1,6,1,1,5,6,7,"Viajó a algún lado (coche, caminando, bicicleta)",7,10,8:00:00,,10,60,10,10,50,60,70,
Claudia71220Pablo4,Claudia71220Pablo,Claudia71220Pablo4,Mañana,Con compañeros de trabajo / escuela / club,Trabajó,Trabajó,1,1,1,1,6,6,9,Lugar de trabajo,7,240,10:00:00,10,240,240,240,240,1440,1440,2160,2400
Claudia71220Pablo5,Claudia71220Pablo,Claudia71220Pablo5,Tarde,Con compañeros de trabajo / escuela / club,Comió,"Dedicación personal (comió, bañó, descansó)",1,1,1,1,6,5,9,Lugar de trabajo,7,30,12:00:00,10,30,30,30,30,180,150,270,300
Claudia71220Pablo6,Claudia71220Pablo,Claudia71220Pablo6,Tarde,Con compañeros de trabajo / escuela / club,Trabajó,Trabajó,1,1,1,1,6,5,8,Lugar de trabajo,7,240,14:00:00,10,240,240,240,240,1440,1200,1920,2400
Claudia71220Pablo7,Claudia71220Pablo,Claudia71220Pablo7,Tarde,Estaba solo,Viajó en coche/colectivo/moto,"Viajó a algún lado (coche, caminando, bicicleta)",1,1,1,1,7,7,8,"Viajó a algún lado (coche, caminando, bicicleta)",7,10,16:00:00,,10,10,10,10,70,70,80,
Claudia71220Pablo8,Claudia71220Pablo,Claudia71220Pablo8,Tarde,Estaba solo,Comió,"Dedicación personal (comió, bañó, descansó)",1,1,1,1,5,7,9,Casa donde vive,7,30,17:00:00,,30,30,30,30,150,210,270,
Claudia71220Pablo9,Claudia71220Pablo,Claudia71220Pablo9,Tarde,Estaba solo,Se baño o arregló,"Dedicación personal (comió, bañó, descansó)",1,1,1,1,3,7,8,Casa donde vive,7,15,17:00:00,,15,15,15,15,45,105,120,
Claudia71220Pablo10,Claudia71220Pablo,Claudia71220Pablo10,Tarde,Estaba solo,Vió televisión,"Entretenimiento (radio, televisión, computadora, juego en casa)",1,1,1,1,6,8,8,Casa donde vive,7,60,18:00:00,,60,60,60,60,360,480,480,
Claudia71220Pablo11,Claudia71220Pablo,Claudia71220Pablo11,Noche,Con amigos,Trabajó,Trabajó,1,1,1,1,5,8,8,Casa donde vive,7,90,19:00:00,9,90,90,90,90,450,720,720,810
Claudia71220Pablo12,Claudia71220Pablo,Claudia71220Pablo12,Noche,Estaba solo,Preparó comida,"Tareas domésticas (comida, cuida a los hijos, mascotas)",1,1,1,1,5,7,8,Casa donde vive,7,40,20:00:00,,40,40,40,40,200,280,320,
Claudia71220Pablo13,Claudia71220Pablo,Claudia71220Pablo13,Noche,Estaba solo,Comió,"Dedicación personal (comió, bañó, descansó)",1,1,1,1,6,7,8,Casa donde vive,7,30,21:00:00,,30,30,30,30,180,210,240,
Claudia71220Pablo14,Claudia71220Pablo,Claudia71220Pablo14,Noche,Estaba solo,Vió televisión,"Entretenimiento (radio, televisión, computadora, juego en casa)",1,1,1,1,5,8,9,Casa donde vive,7,120,22:00:00,,120,120,120,120,600,960,1080,
Claudia71221Natalia1,Claudia71221Natalia,Claudia71221Natalia1,Mañana,Estaba solo,Comió,"Dedicación personal (comió, bañó, descansó)",6,6,1,1,6,4,7,Casa donde vive,7,10,8:00:00,,60,60,10,10,60,40,70,
Claudia71221Natalia2,Claudia71221Natalia,Claudia71221Natalia2,Mañana,Estaba solo,Se baño o arregló,"Dedicación personal (comió, bañó, descansó)",6,6,1,1,6,3,7,Casa donde vive,7,10,8:00:00,,60,60,10,10,60,30,70,
Claudia71221Natalia3,Claudia71221Natalia,Claudia71221Natalia3,Mañana,Estaba solo,Viajó en coche/colectivo/moto,"Viajó a algún lado (coche, caminando, bicicleta)",7,6,1,1,6,3,7,"Viajó a algún lado (coche, caminando, bicicleta)",12,10,8:00:00,,70,60,10,10,60,30,70,
Claudia71221Natalia4,Claudia71221Natalia,Claudia71221Natalia4,Mañana,Destinatario de nuestra actividad laboral (Cliente / paciente / alumno),Trabajó,Trabajó,6,6,1,1,6,3,7,Casa de cliente,12,60,9:00:00,8,360,360,60,60,360,180,420,480
Claudia71221Natalia5,Claudia71221Natalia,Claudia71221Natalia5,Mañana,Estaba solo,Viajó en coche/colectivo/moto,"Viajó a algún lado (coche, caminando, bicicleta)",5,6,1,1,6,2,7,"Viajó a algún lado (coche, caminando, bicicleta)",11,10,10:00:00,,50,60,10,10,60,20,70,
Claudia71221Natalia6,Claudia71221Natalia,Claudia71221Natalia6,Mañana,Destinatario de nuestra actividad laboral (Cliente / paciente / alumno),Trabajó,Trabajó,5,6,1,1,5,3,7,Casa de cliente,11,55,10:00:00,9,275,330,55,55,275,165,385,495
Claudia71221Natalia7,Claudia71221Natalia,Claudia71221Natalia7,Mañana,Estaba solo,Viajó en coche/colectivo/moto,"Viajó a algún lado (coche, caminando, bicicleta)",6,6,1,1,6,2,7,"Viajó a algún lado (coche, caminando, bicicleta)",10,10,11:00:00,,60,60,10,10,60,20,70,
Claudia71221Natalia8,Claudia71221Natalia,Claudia71221Natalia8,Tarde,Con sus hijos jóvenes o nietos,Comió,"Dedicación personal (comió, bañó, descansó)",6,7,1,1,5,2,8,Casa de cliente,10,20,11:00:00,10,120,140,20,20,100,40,160,200
Claudia71221Natalia9,Claudia71221Natalia,Claudia71221Natalia9,Tarde,Con sus hijos jóvenes o nietos,Viajó en coche/colectivo/moto,"Viajó a algún lado (coche, caminando, bicicleta)",4,7,1,1,5,3,8,"Viajó a algún lado (coche, caminando, bicicleta)",7,10,11:00:00,10,40,70,10,10,50,30,80,100
Claudia71221Natalia10,Claudia71221Natalia,Claudia71221Natalia10,Tarde,Estaba solo,Viajó en coche/colectivo/moto,"Viajó a algún lado (coche, caminando, bicicleta)",7,6,1,1,6,3,8,"Viajó a algún lado (coche, caminando, bicicleta)",7,10,11:00:00,,70,60,10,10,60,30,80,
Claudia71221Natalia11,Claudia71221Natalia,Claudia71221Natalia11,Tarde,Estaba solo,Hizo tareas domésticas,"Tareas domésticas (comida, cuida a los hijos, mascotas)",6,6,1,1,1,7,7,Casa donde vive,7,120,12:00:00,,720,720,120,120,120,840,840,
Claudia71221Natalia12,Claudia71221Natalia,Claudia71221Natalia12,Tarde,Estaba solo,Viajó en coche/colectivo/moto,"Viajó a algún lado (coche, caminando, bicicleta)",5,6,1,1,4,4,8,"Viajó a algún lado (coche, caminando, bicicleta)",13,15,14:00:00,,75,90,15,15,60,60,120,
Claudia71221Natalia13,Claudia71221Natalia,Claudia71221Natalia13,Tarde,Destinatario de nuestra actividad laboral (Cliente / paciente / alumno),Trabajó,Trabajó,5,6,1,1,5,4,7,Casa de cliente,13,60,14:00:00,8,300,360,60,60,300,240,420,480
Claudia71221Natalia14,Claudia71221Natalia,Claudia71221Natalia14,Tarde,Estaba solo,Viajó en coche/colectivo/moto,"Viajó a algún lado (coche, caminando, bicicleta)",6,6,1,1,4,2,7,"Viajó a algún lado (coche, caminando, bicicleta)",10,10,15:00:00,,60,60,10,10,40,20,70,
Claudia71221Natalia15,Claudia71221Natalia,Claudia71221Natalia15,Tarde,Con sus hijos jóvenes o nietos,Comió,"Dedicación personal (comió, bañó, descansó)",5,5,1,1,5,5,8,Casa de cliente,10,30,15:00:00,9,150,150,30,30,150,150,240,270
Claudia71221Natalia16,Claudia71221Natalia,Claudia71221Natalia16,Noche,Estaba solo,Hizo tareas domésticas,"Tareas domésticas (comida, cuida a los hijos, mascotas)",5,6,1,1,6,3,7,Casa de cliente,10,90,16:00:00,,450,540,90,90,540,270,630,
Claudia71221Natalia17,Claudia71221Natalia,Claudia71221Natalia17,Noche,Estaba solo,Se baño o arregló,"Dedicación personal (comió, bañó, descansó)",4,4,1,1,6,3,7,Casa de cliente,10,15,17:00:00,,60,60,15,15,90,45,105,
Claudia71221Natalia18,Claudia71221Natalia,Claudia71221Natalia18,Noche,Con sus hijos jóvenes o nietos,Preparó comida,"Tareas domésticas (comida, cuida a los hijos, mascotas)",6,6,1,1,5,3,8,Casa de cliente,10,60,18:00:00,9,360,360,60,60,300,180,480,540
Claudia71221Natalia19,Claudia71221Natalia,Claudia71221Natalia19,Noche,Con sus hijos jóvenes o nietos,Comió,"Dedicación personal (comió, bañó, descansó)",5,6,1,1,6,3,8,Casa de cliente,10,30,18:00:00,9,150,180,30,30,180,90,240,270
Claudia71221Natalia20,Claudia71221Natalia,Claudia71221Natalia20,Noche,Con sus hijos jóvenes o nietos,Jugó (cartas /juegos),"Entretenimiento (radio, televisión, computadora, juego en casa)",6,4,1,1,6,3,8,Casa de cliente,10,60,19:00:00,10,360,240,60,60,360,180,480,600
Claudia71302Antonia1,Claudia71302Antonia,Claudia71302Antonia1,Mañana,Estaba solo,Comió,"Dedicación personal (comió, bañó, descansó)",8,1,1,5,5,3,6,Casa donde vive,7,30,9:00:00,,240,30,30,150,150,90,180,
Claudia71302Antonia2,Claudia71302Antonia,Claudia71302Antonia2,Mañana,Estaba solo,Se baño o arregló,"Dedicación personal (comió, bañó, descansó)",8,8,1,6,1,3,7,Casa donde vive,7,10,9:00:00,,80,80,10,60,10,30,70,
Claudia71302Antonia3,Claudia71302Antonia,Claudia71302Antonia3,Mañana,Estaba solo,Caminó a algún lado,"Viajó a algún lado (coche, caminando, bicicleta)",8,2,1,5,5,1,7,"Viajó a algún lado (coche, caminando, bicicleta)",7,5,9:00:00,,40,10,5,25,25,5,35,
Claudia71302Antonia4,Claudia71302Antonia,Claudia71302Antonia4,Mañana,Estaba solo,Fue de compras,Compras,6,2,1,6,4,3,7,"Supermercado, despensa, verdulería, carnicería, dietética",7,30,9:00:00,,180,60,30,180,120,90,210,
Claudia71302Antonia5,Claudia71302Antonia,Claudia71302Antonia5,Mañana,Estaba solo,Caminó a algún lado,"Viajó a algún lado (coche, caminando, bicicleta)",5,1,2,5,6,3,7,"Viajó a algún lado (coche, caminando, bicicleta)",7,5,10:00:00,,25,5,10,25,30,15,35,
Claudia71302Antonia6,Claudia71302Antonia,Claudia71302Antonia6,Mañana,Destinatario de nuestra actividad laboral (Cliente / paciente / alumno),Cuidó a alguien,"Relaciones sociales (Charlar, cuidar, actividad religiosa, otras relaciones)",6,1,1,6,6,3,6,Casa donde vive,7,60,10:00:00,8,360,60,60,360,360,180,360,480
Claudia71302Antonia7,Claudia71302Antonia,Claudia71302Antonia7,Mañana,Estaba solo,Preparó comida,"Tareas domésticas (comida, cuida a los hijos, mascotas)",6,1,1,5,5,2,7,Casa donde vive,7,60,11:00:00,,360,60,60,300,300,120,420,
Claudia71302Antonia8,Claudia71302Antonia,Claudia71302Antonia8,Tarde,Con su pareja,Comió,"Dedicación personal (comió, bañó, descansó)",5,1,5,5,6,1,8,Casa donde vive,7,30,12:00:00,8,150,30,150,150,180,30,240,240
Claudia71302Antonia9,Claudia71302Antonia,Claudia71302Antonia9,Tarde,Estaba solo,Hizo tareas domésticas,"Tareas domésticas (comida, cuida a los hijos, mascotas)",5,1,1,6,4,3,7,Casa donde vive,7,90,13:00:00,,450,90,90,540,360,270,630,
Claudia71302Antonia10,Claudia71302Antonia,Claudia71302Antonia10,Tarde,Estaba solo,Vió televisión,"Entretenimiento (radio, televisión, computadora, juego en casa)",5,1,1,5,6,3,8,Casa donde vive,7,60,14:00:00,,300,60,60,300,360,180,480,
Claudia71302Antonia11,Claudia71302Antonia,Claudia71302Antonia11,Tarde,Con su pareja,Cuidó a alguien,"Relaciones sociales (Charlar, cuidar, actividad religiosa, otras relaciones)",7,1,1,6,5,2,7,Casa donde vive,7,120,16:00:00,8,840,120,120,720,600,240,840,960
Claudia71302Antonia12,Claudia71302Antonia,Claudia71302Antonia12,Tarde,Con otros familiares,Comió,"Dedicación personal (comió, bañó, descansó)",5,1,1,5,5,2,8,Casa donde vive,7,60,17:00:00,8,300,60,60,300,300,120,480,480
Claudia71302Antonia13,Claudia71302Antonia,Claudia71302Antonia13,Noche,Con su pareja,Cuidó a alguien,"Relaciones sociales (Charlar, cuidar, actividad religiosa, otras relaciones)",6,1,"1,82854406130268",6,5,2,7,Casa donde vive,7,90,19:00:00,8,540,90,"164,568965517241",540,450,180,630,720
Claudia71302Antonia14,Claudia71302Antonia,Claudia71302Antonia14,Noche,Estaba solo,Se baño o arregló,"Dedicación personal (comió, bañó, descansó)",5,1,5,5,5,3,8,Casa donde vive,7,15,19:00:00,,75,15,75,75,75,45,120,
Claudia71302Antonia15,Claudia71302Antonia,Claudia71302Antonia15,Noche,Con otros familiares,Preparó comida,"Tareas domésticas (comida, cuida a los hijos, mascotas)",5,1,1,6,5,3,8,Casa donde vive,7,30,20:00:00,8,150,30,30,180,150,90,240,240
Claudia71302Antonia16,Claudia71302Antonia,Claudia71302Antonia16,Noche,Con otros familiares,Comió,"Dedicación personal (comió, bañó, descansó)",5,1,1,7,4,1,8,Casa donde vive,7,30,20:00:00,8,150,30,30,210,120,30,240,240
Claudia71302Antonia17,Claudia71302Antonia,Claudia71302Antonia17,Noche,Con su pareja,"Descansó (siesta,tomar mate, té o café)","Dedicación personal (comió, bañó, descansó)",6,1,1,5,4,3,8,Casa donde vive,7,15,21:00:00,8,90,15,15,75,60,45,120,120
Claudia71302Antonia18,Claudia71302Antonia,Claudia71302Antonia18,Noche,Con su pareja,Vió televisión,"Entretenimiento (radio, televisión, computadora, juego en casa)",4,1,1,4,5,2,8,Casa donde vive,7,90,22:00:00,8,360,90,90,360,450,180,720,720
Claudia71302Ramiro1,Claudia71302Ramiro,Claudia71302Ramiro1,Mañana,Estaba solo,Se baño o arregló,"Dedicación personal (comió, bañó, descansó)",1,1,1,1,1,9,8,Casa donde vive,7,5,9:00:00,,5,5,5,5,5,45,40,
Claudia71302Ramiro2,Claudia71302Ramiro,Claudia71302Ramiro2,Mañana,Estaba solo,Comió,"Dedicación personal (comió, bañó, descansó)",1,1,1,1,1,7,9,Casa donde vive,7,15,9:00:00,,15,15,15,15,15,105,135,
Claudia71302Ramiro3,Claudia71302Ramiro,Claudia71302Ramiro3,Mañana,Estaba solo,Viajó en coche/colectivo/moto,"Viajó a algún lado (coche, caminando, bicicleta)",1,1,1,1,1,7,8,"Viajó a algún lado (coche, caminando, bicicleta)",7,5,9:00:00,,5,5,5,5,5,35,40,
Claudia71302Ramiro4,Claudia71302Ramiro,Claudia71302Ramiro4,Mañana,Con compañeros de trabajo / escuela / club,Trabajó,Trabajó,1,1,1,1,1,7,8,Lugar de trabajo,7,240,11:00:00,10,240,240,240,240,240,1680,1920,2400
Claudia71302Ramiro5,Claudia71302Ramiro,Claudia71302Ramiro5,Tarde,Estaba solo,Viajó en coche/colectivo/moto,"Viajó a algún lado (coche, caminando, bicicleta)",1,1,1,1,1,7,8,"Viajó a algún lado (coche, caminando, bicicleta)",12,15,13:00:00,,15,15,15,15,15,105,120,
Claudia71302Ramiro6,Claudia71302Ramiro,Claudia71302Ramiro6,Tarde,Con sus hijos jóvenes o nietos,Viajó en coche/colectivo/moto,"Viajó a algún lado (coche, caminando, bicicleta)",1,1,1,1,1,8,9,"Viajó a algún lado (coche, caminando, bicicleta)",7,15,13:00:00,10,15,15,15,15,15,120,135,150
Claudia71302Ramiro7,Claudia71302Ramiro,Claudia71302Ramiro7,Tarde,Con pareja e hijos,Comió,"Dedicación personal (comió, bañó, descansó)",1,1,1,1,1,7,9,Casa donde vive,7,30,14:00:00,10,30,30,30,30,30,210,270,300
Claudia71302Ramiro8,Claudia71302Ramiro,Claudia71302Ramiro8,Tarde,Estaba solo,"Descansó (siesta,tomar mate, té o café)","Dedicación personal (comió, bañó, descansó)",1,1,1,1,1,8,9,Casa donde vive,7,90,15:00:00,,90,90,90,90,90,720,810,
Claudia71302Ramiro9,Claudia71302Ramiro,Claudia71302Ramiro9,Tarde,Estaba solo,Se baño o arregló,"Dedicación personal (comió, bañó, descansó)",1,1,1,1,1,8,8,Casa donde vive,7,10,15:00:00,,10,10,10,10,10,80,80,
Claudia71302Ramiro10,Claudia71302Ramiro,Claudia71302Ramiro10,Tarde,Estaba solo,Viajó en coche/colectivo/moto,"Viajó a algún lado (coche, caminando, bicicleta)",1,1,1,1,1,8,8,"Viajó a algún lado (coche, caminando, bicicleta)",7,5,16:00:00,,5,5,5,5,5,40,40,
Claudia71302Ramiro11,Claudia71302Ramiro,Claudia71302Ramiro11,Tarde,Con compañeros de trabajo / escuela / club,Trabajó,Trabajó,1,1,1,1,1,8,8,Lugar de trabajo,7,120,17:00:00,10,120,120,120,120,120,960,960,1200
Claudia71302Ramiro12,Claudia71302Ramiro,Claudia71302Ramiro12,Noche,Estaba solo,Viajó en coche/colectivo/moto,"Viajó a algún lado (coche, caminando, bicicleta)",1,1,1,1,1,8,8,"Viajó a algún lado (coche, caminando, bicicleta)",7,5,18:00:00,,5,5,5,5,5,40,40,
Claudia71302Ramiro13,Claudia71302Ramiro,Claudia71302Ramiro13,Noche,Con pareja e hijos,Comió,"Dedicación personal (comió, bañó, descansó)",1,1,1,1,1,8,9,Casa donde vive,7,90,18:00:00,10,90,90,90,90,90,720,810,900
Claudia71302Ramiro14,Claudia71302Ramiro,Claudia71302Ramiro14,Noche,Con pareja e hijos,Vió televisión,"Entretenimiento (radio, televisión, computadora, juego en casa)",1,1,1,1,1,9,9,Casa donde vive,7,60,20:00:00,10,60,60,60,60,60,540,540,600
Claudia71302Ramiro15,Claudia71302Ramiro,Claudia71302Ramiro15,Noche,Con pareja e hijos,Comió,"Dedicación personal (comió, bañó, descansó)",1,1,1,1,1,8,9,Casa donde vive,7,30,20:00:00,10,30,30,30,30,30,240,270,300
Claudia71302Ramiro16,Claudia71302Ramiro,Claudia71302Ramiro16,Noche,Con su pareja,Vió televisión,"Entretenimiento (radio, televisión, computadora, juego en casa)",1,1,1,1,"2,55303514376997",9,9,Casa donde vive,7,120,22:00:00,10,120,120,120,120,"306,364217252396",1080,1080,1200
Claudia81318Celestina1,Claudia81318Celestina,Claudia81318Celestina1,Mañana,Con sus hijos adultos,Comió,"Dedicación personal (comió, bañó, descansó)",1,1,1,1,1,7,9,Casa donde vive,8,30,8:00:00,10,30,30,30,30,30,210,270,300
Claudia81318Celestina2,Claudia81318Celestina,Claudia81318Celestina2,Mañana,Estaba solo,"Actividad agrícola o cria, cuidado mascotas","Tareas domésticas (comida, cuida a los hijos, mascotas)",1,1,1,1,1,7,8,Casa donde vive,8,60,8:00:00,,60,60,60,60,60,420,480,
Claudia81318Celestina3,Claudia81318Celestina,Claudia81318Celestina3,Mañana,Estaba solo,Se baño o arregló,"Dedicación personal (comió, bañó, descansó)",1,1,1,1,1,7,8,Casa donde vive,8,30,9:00:00,,30,30,30,30,30,210,240,
Claudia81318Celestina4,Claudia81318Celestina,Claudia81318Celestina4,Mañana,Estaba solo,Hizo tareas domésticas,"Tareas domésticas (comida, cuida a los hijos, mascotas)",1,1,1,1,1,7,8,Casa donde vive,8,20,10:00:00,,20,20,20,20,20,140,160,
Claudia81318Celestina5,Claudia81318Celestina,Claudia81318Celestina5,Mañana,Estaba solo,Caminó a algún lado,"Viajó a algún lado (coche, caminando, bicicleta)",1,1,1,1,1,7,9,"Viajó a algún lado (coche, caminando, bicicleta)",13,15,10:00:00,,15,15,15,15,15,105,135,
Claudia81318Celestina6,Claudia81318Celestina,Claudia81318Celestina6,Mañana,Estaba solo,Fue de compras,Compras,1,1,1,1,1,7,9,Comercio de ropa u otro tipo de comercio de compras,13,60,11:00:00,,60,60,60,60,60,420,540,
Claudia81318Celestina7,Claudia81318Celestina,Claudia81318Celestina7,Mañana,Estaba solo,Caminó a algún lado,"Viajó a algún lado (coche, caminando, bicicleta)",1,1,1,1,1,8,8,"Viajó a algún lado (coche, caminando, bicicleta)",13,15,11:00:00,,15,15,15,15,15,120,120,
Claudia81318Celestina8,Claudia81318Celestina,Claudia81318Celestina8,Tarde,Estaba solo,Preparó comida,"Tareas domésticas (comida, cuida a los hijos, mascotas)",1,1,1,1,1,8,8,Casa donde vive,13,30,12:00:00,,30,30,30,30,30,240,240,
Claudia81318Celestina9,Claudia81318Celestina,Claudia81318Celestina9,Tarde,Estaba solo,Comió,"Dedicación personal (comió, bañó, descansó)",1,1,1,1,1,8,9,Casa donde vive,13,30,12:00:00,,30,30,30,30,30,240,270,
Claudia81318Celestina10,Claudia81318Celestina,Claudia81318Celestina10,Tarde,Estaba solo,Hizo tareas domésticas,"Tareas domésticas (comida, cuida a los hijos, mascotas)",1,1,1,1,"2,55303514376997",8,9,Casa donde vive,13,60,13:00:00,,60,60,60,60,"153,182108626198",480,540,
Claudia81318Celestina11,Claudia81318Celestina,Claudia81318Celestina11,Tarde,Estaba solo,Trabajó,Trabajó,1,1,1,1,1,7,9,Casa donde vive,13,150,15:00:00,,150,150,150,150,150,1050,1350,
Claudia81318Celestina12,Claudia81318Celestina,Claudia81318Celestina12,Tarde,Con sus hijos jóvenes o nietos,Comió,"Dedicación personal (comió, bañó, descansó)",1,1,1,1,1,8,9,Casa donde vive,13,60,16:00:00,10,60,60,60,60,60,480,540,600
Claudia81318Celestina13,Claudia81318Celestina,Claudia81318Celestina13,Noche,Estaba solo,Vió televisión,"Entretenimiento (radio, televisión, computadora, juego en casa)",1,1,1,1,1,8,9,Casa donde vive,13,120,18:00:00,,120,120,120,120,120,960,1080,
Claudia81318Celestina14,Claudia81318Celestina,Claudia81318Celestina14,Noche,Con sus hijos adultos,Habló con alguien,"Relaciones sociales (Charlar, cuidar, actividad religiosa, otras relaciones)",1,1,1,1,1,8,9,Casa donde vive,13,30,19:00:00,10,30,30,30,30,30,240,270,300
Claudia81318Celestina15,Claudia81318Celestina,Claudia81318Celestina15,Noche,Estaba solo,Hizo tareas domésticas,"Tareas domésticas (comida, cuida a los hijos, mascotas)",1,1,1,1,1,8,8,Casa donde vive,13,30,20:00:00,,30,30,30,30,30,240,240,
Claudia81318Celestina16,Claudia81318Celestina,Claudia81318Celestina16,Noche,Estaba solo,Comió,"Dedicación personal (comió, bañó, descansó)",1,1,1,1,1,8,8,Casa donde vive,13,30,20:00:00,,30,30,30,30,30,240,240,
Claudia81318Celestina17,Claudia81318Celestina,Claudia81318Celestina17,Noche,Estaba solo,Vió televisión,"Entretenimiento (radio, televisión, computadora, juego en casa)",1,1,1,1,1,8,9,Casa donde vive,13,90,21:00:00,,90,90,90,90,90,720,810,
Claudia9101Esteban1,Claudia9101Esteban,Claudia9101Esteban1,Mañana,Estaba solo,Comió,"Dedicación personal (comió, bañó, descansó)",1,1,1,1,1,9,10,Casa donde vive,9,20,6:00:00,,20,20,20,20,20,180,200,
Claudia9101Esteban2,Claudia9101Esteban,Claudia9101Esteban2,Mañana,Estaba solo,Se baño o arregló,"Dedicación personal (comió, bañó, descansó)",1,1,1,1,1,8,8,Casa donde vive,9,10,6:00:00,,10,10,10,10,10,80,80,
Claudia9101Esteban3,Claudia9101Esteban,Claudia9101Esteban3,Mañana,Estaba solo,Leyó / Estudió,Leyó o estudió,1,1,1,1,1,10,10,Casa donde vive,9,60,7:00:00,,60,60,60,60,60,600,600,
Claudia9101Esteban4,Claudia9101Esteban,Claudia9101Esteban4,Mañana,Estaba solo,Viajó en coche/colectivo/moto,"Viajó a algún lado (coche, caminando, bicicleta)",1,1,1,1,1,8,10,"Viajó a algún lado (coche, caminando, bicicleta)",9,15,7:00:00,,15,15,15,15,15,120,150,
Claudia9101Esteban5,Claudia9101Esteban,Claudia9101Esteban5,Mañana,Con compañeros de trabajo / escuela / club,Trabajó,Trabajó,1,1,1,1,1,10,10,Lugar de trabajo,9,240,10:00:00,10,240,240,240,240,240,2400,2400,2400
Claudia9101Esteban6,Claudia9101Esteban,Claudia9101Esteban6,Tarde,Con compañeros de trabajo / escuela / club,Comió,"Dedicación personal (comió, bañó, descansó)",1,1,1,1,1,9,9,Lugar de trabajo,9,60,12:00:00,10,60,60,60,60,60,540,540,600
Claudia9101Esteban7,Claudia9101Esteban,Claudia9101Esteban7,Tarde,Con compañeros de trabajo / escuela / club,Trabajó,Trabajó,1,1,1,1,1,9,10,Lugar de trabajo,9,180,14:00:00,10,180,180,180,180,180,1620,1800,1800
Claudia9101Esteban8,Claudia9101Esteban,Claudia9101Esteban8,Tarde,Estaba solo,Viajó en coche/colectivo/moto,"Viajó a algún lado (coche, caminando, bicicleta)",1,1,1,1,1,9,9,"Viajó a algún lado (coche, caminando, bicicleta)",9,15,16:00:00,,15,15,15,15,15,135,135,
Claudia9101Esteban9,Claudia9101Esteban,Claudia9101Esteban9,Tarde,Con su pareja,Comió,"Dedicación personal (comió, bañó, descansó)",1,1,1,1,1,10,10,Casa donde vive,9,60,16:00:00,10,60,60,60,60,60,600,600,600
Claudia9101Esteban10,Claudia9101Esteban,Claudia9101Esteban10,Tarde,Con su pareja,Trabajó,Trabajó,1,1,1,1,1,9,9,Casa donde vive,9,120,18:00:00,9,120,120,120,120,120,1080,1080,1080
Claudia9101Esteban11,Claudia9101Esteban,Claudia9101Esteban11,Noche,Estaba solo,Se baño o arregló,"Dedicación personal (comió, bañó, descansó)",1,1,1,1,1,9,8,Casa donde vive,9,30,19:00:00,,30,30,30,30,30,270,240,
Claudia9101Esteban12,Claudia9101Esteban,Claudia9101Esteban12,Noche,Con su pareja,Vió televisión,"Entretenimiento (radio, televisión, computadora, juego en casa)",1,1,1,1,1,9,9,Casa donde vive,9,30,20:00:00,10,30,30,30,30,30,270,270,300
Claudia9101Esteban13,Claudia9101Esteban,Claudia9101Esteban13,Noche,Con su pareja,Comió,"Dedicación personal (comió, bañó, descansó)",1,1,1,1,1,9,9,Casa donde vive,9,30,20:00:00,10,30,30,30,30,30,270,270,300
Claudia9101Esteban14,Claudia9101Esteban,Claudia9101Esteban14,Noche,Con su pareja,Leyó / Estudió,Leyó o estudió,1,1,1,1,1,9,9,Casa donde vive,9,90,21:00:00,10,90,90,90,90,90,810,810,900
Claudia9101Esteban15,Claudia9101Esteban,Claudia9101Esteban15,Noche,Con su pareja,Vió televisión,"Entretenimiento (radio, televisión, computadora, juego en casa)",1,1,1,1,1,8,9,Casa donde vive,9,60,22:00:00,10,60,60,60,60,60,480,540,600
Claudia9101Roberto1,Claudia9101Roberto,Claudia9101Roberto1,Mañana,Estaba solo,Comió,"Dedicación personal (comió, bañó, descansó)",1,1,1,1,1,10,7,Casa donde vive,9,30,7:00:00,,30,30,30,30,30,300,210,
Claudia9101Roberto2,Claudia9101Roberto,Claudia9101Roberto2,Mañana,Estaba solo,Se baño o arregló,"Dedicación personal (comió, bañó, descansó)",1,1,1,1,1,8,7,Casa donde vive,9,5,8:00:00,,5,5,5,5,5,40,35,
Claudia9101Roberto3,Claudia9101Roberto,Claudia9101Roberto3,Mañana,Estaba solo,Caminó a algún lado,"Viajó a algún lado (coche, caminando, bicicleta)",1,1,1,1,1,8,8,"Viajó a algún lado (coche, caminando, bicicleta)",10,20,8:00:00,,20,20,20,20,20,160,160,
Claudia9101Roberto4,Claudia9101Roberto,Claudia9101Roberto4,Mañana,Con compañeros de trabajo / escuela / club,Trabajó,Trabajó,1,1,1,1,1,9,8,Lugar de trabajo,10,240,10:00:00,10,240,240,240,240,240,2160,1920,2400
Claudia9101Roberto5,Claudia9101Roberto,Claudia9101Roberto5,Tarde,Estaba solo,Caminó a algún lado,"Viajó a algún lado (coche, caminando, bicicleta)",1,5,1,1,1,7,8,"Viajó a algún lado (coche, caminando, bicicleta)",9,20,12:00:00,,20,100,20,20,20,140,160,
Claudia9101Roberto6,Claudia9101Roberto,Claudia9101Roberto6,Tarde,Con sus hijos jóvenes o nietos,Viajó en coche/colectivo/moto,"Viajó a algún lado (coche, caminando, bicicleta)",1,4,1,1,1,10,"7,95789473684211","Viajó a algún lado (coche, caminando, bicicleta)",13,15,12:00:00,9,15,60,15,15,15,150,"119,368421052632",135
Claudia9101Roberto7,Claudia9101Roberto,Claudia9101Roberto7,Tarde,Estaba solo,Viajó en coche/colectivo/moto,"Viajó a algún lado (coche, caminando, bicicleta)",1,3,1,1,1,8,8,"Viajó a algún lado (coche, caminando, bicicleta)",9,15,13:00:00,,15,45,15,15,15,120,120,
Claudia9101Roberto8,Claudia9101Roberto,Claudia9101Roberto8,Tarde,Con su pareja,Comió,"Dedicación personal (comió, bañó, descansó)",1,3,1,1,1,8,9,Casa donde vive,9,40,13:00:00,10,40,120,40,40,40,320,360,400
Claudia9101Roberto9,Claudia9101Roberto,Claudia9101Roberto9,Tarde,Estaba solo,Viajó en coche/colectivo/moto,"Viajó a algún lado (coche, caminando, bicicleta)",1,1,1,1,1,8,8,"Viajó a algún lado (coche, caminando, bicicleta)",10,10,13:00:00,,10,10,10,10,10,80,80,
Claudia9101Roberto10,Claudia9101Roberto,Claudia9101Roberto10,Tarde,Con compañeros de trabajo / escuela / club,Trabajó,Trabajó,1,1,1,1,1,8,8,Lugar de trabajo,10,120,15:00:00,9,120,120,120,120,120,960,960,1080
Claudia9101Roberto11,Claudia9101Roberto,Claudia9101Roberto11,Tarde,Estaba solo,Viajó en coche/colectivo/moto,"Viajó a algún lado (coche, caminando, bicicleta)",1,4,1,1,1,7,10,"Viajó a algún lado (coche, caminando, bicicleta)",13,15,16:00:00,,15,60,15,15,15,105,150,
Claudia9101Roberto12,Claudia9101Roberto,Claudia9101Roberto12,Tarde,Con sus hijos jóvenes o nietos,Viajó en coche/colectivo/moto,"Viajó a algún lado (coche, caminando, bicicleta)",1,1,1,1,1,8,8,"Viajó a algún lado (coche, caminando, bicicleta)",10,15,16:00:00,10,15,15,15,15,15,120,120,150
Claudia9101Roberto13,Claudia9101Roberto,Claudia9101Roberto13,Tarde,Con sus hijos jóvenes o nietos,Trabajó,Trabajó,1,3,1,1,1,8,9,Lugar de trabajo,10,120,17:00:00,10,120,360,120,120,120,960,1080,1200
Claudia9101Roberto14,Claudia9101Roberto,Claudia9101Roberto14,Noche,Con sus hijos jóvenes o nietos,Viajó en coche/colectivo/moto,"Viajó a algún lado (coche, caminando, bicicleta)",1,5,1,1,1,9,9,"Viajó a algún lado (coche, caminando, bicicleta)",9,15,18:00:00,10,15,75,15,15,15,135,135,150
Claudia9101Roberto15,Claudia9101Roberto,Claudia9101Roberto15,Noche,Con pareja e hijos,Comió,"Dedicación personal (comió, bañó, descansó)",1,1,1,1,1,9,9,Casa donde vive,9,45,19:00:00,9,45,45,45,45,45,405,405,405
Claudia9101Roberto16,Claudia9101Roberto,Claudia9101Roberto16,Noche,Estaba solo,Se baño o arregló,"Dedicación personal (comió, bañó, descansó)",1,1,1,1,1,9,8,Casa donde vive,9,15,19:00:00,,15,15,15,15,15,135,120,
Claudia9101Roberto17,Claudia9101Roberto,Claudia9101Roberto17,Noche,Con pareja e hijos,Comió,"Dedicación personal (comió, bañó, descansó)",1,1,1,1,1,9,9,Casa donde vive,9,30,20:00:00,10,30,30,30,30,30,270,270,300
Claudia9101Roberto18,Claudia9101Roberto,Claudia9101Roberto18,Noche,Con su pareja,Vió televisión,"Entretenimiento (radio, televisión, computadora, juego en casa)",1,1,1,1,1,9,9,Casa donde vive,9,90,21:00:00,10,90,90,90,90,90,810,810,900
Claudia9116Lorena1,Claudia9116Lorena,Claudia9116Lorena1,Mañana,Estaba solo,Comió,"Dedicación personal (comió, bañó, descansó)",7,4,1,3,7,3,10,Casa donde vive,9,30,9:00:00,,210,120,30,90,210,90,300,
Claudia9116Lorena2,Claudia9116Lorena,Claudia9116Lorena2,Mañana,Estaba solo,Se baño o arregló,"Dedicación personal (comió, bañó, descansó)",6,4,1,5,5,1,7,Casa donde vive,9,10,9:00:00,,60,40,10,50,50,10,70,
Claudia9116Lorena3,Claudia9116Lorena,Claudia9116Lorena3,Mañana,Estaba solo,"Actividad agrícola o cria, cuidado mascotas","Tareas domésticas (comida, cuida a los hijos, mascotas)",4,6,6,3,5,6,7,Casa donde vive,9,5,9:00:00,,20,30,30,15,25,30,35,
Claudia9116Lorena4,Claudia9116Lorena,Claudia9116Lorena4,Mañana,Estaba solo,Viajó en coche/colectivo/moto,"Viajó a algún lado (coche, caminando, bicicleta)",3,4,6,3,3,6,8,"Viajó a algún lado (coche, caminando, bicicleta)",14,30,9:00:00,,90,120,180,90,90,180,240,
Claudia9116Lorena5,Claudia9116Lorena,Claudia9116Lorena5,Mañana,Estaba solo,Trabajó,Trabajó,3,1,5,1,3,6,9,Lugar de trabajo,14,120,11:00:00,,360,120,600,120,360,720,1080,
Claudia9116Lorena6,Claudia9116Lorena,Claudia9116Lorena6,Tarde,Estaba solo,Viajó en coche/colectivo/moto,"Viajó a algún lado (coche, caminando, bicicleta)",1,3,5,1,3,7,8,"Viajó a algún lado (coche, caminando, bicicleta)",9,30,12:00:00,,30,90,150,30,90,210,240,
Claudia9116Lorena7,Claudia9116Lorena,Claudia9116Lorena7,Tarde,Con sus hijos adultos,Preparó comida,"Tareas domésticas (comida, cuida a los hijos, mascotas)",1,1,5,1,1,4,7,Casa donde vive,9,60,13:00:00,10,60,60,300,60,60,240,420,600
Claudia9116Lorena8,Claudia9116Lorena,Claudia9116Lorena8,Tarde,Con sus hijos adultos,Comió,"Dedicación personal (comió, bañó, descansó)",2,2,1,6,1,2,9,Casa donde vive,9,20,13:00:00,,40,40,20,120,20,40,180,
Claudia9116Lorena9,Claudia9116Lorena,Claudia9116Lorena9,Tarde,Con sus hijos jóvenes o nietos,Trabajó,Trabajó,2,2,1,1,1,5,8,Casa donde vive,9,120,15:00:00,10,240,240,120,120,120,600,960,1200
Claudia9116Lorena10,Claudia9116Lorena,Claudia9116Lorena10,Tarde,Con pareja e hijos,Comió,"Dedicación personal (comió, bañó, descansó)",1,1,4,1,1,4,8,Casa donde vive,9,60,16:00:00,10,60,60,240,60,60,240,480,600
Claudia9116Lorena11,Claudia9116Lorena,Claudia9116Lorena11,Tarde,Con sus hijos jóvenes o nietos,Hizo tareas domésticas,"Tareas domésticas (comida, cuida a los hijos, mascotas)",1,1,6,1,3,3,7,Casa donde vive,9,120,18:00:00,9,120,120,720,120,360,360,840,1080
Claudia9116Lorena12,Claudia9116Lorena,Claudia9116Lorena12,Noche,Con sus hijos jóvenes o nietos,Caminó a algún lado,"Viajó a algún lado (coche, caminando, bicicleta)",1,1,3,1,1,6,7,"Viajó a algún lado (coche, caminando, bicicleta)",9,5,19:00:00,10,5,5,15,5,5,30,35,50
Claudia9116Lorena13,Claudia9116Lorena,Claudia9116Lorena13,Noche,Con pareja e hijos,Habló con alguien,"Relaciones sociales (Charlar, cuidar, actividad religiosa, otras relaciones)",1,1,1,3,1,6,9,Casa de los padres,9,120,20:00:00,10,120,120,120,360,120,720,1080,1200
Claudia9116Lorena14,Claudia9116Lorena,Claudia9116Lorena14,Noche,Con sus hijos jóvenes o nietos,Caminó a algún lado,"Viajó a algún lado (coche, caminando, bicicleta)",1,1,3,1,1,6,9,"Viajó a algún lado (coche, caminando, bicicleta)",9,5,21:00:00,9,5,5,15,5,5,30,45,45
Claudia9116Lorena15,Claudia9116Lorena,Claudia9116Lorena15,Noche,Con pareja e hijos,Comió,"Dedicación personal (comió, bañó, descansó)",1,1,4,1,1,5,8,Casa donde vive,9,30,21:00:00,9,30,30,120,30,30,150,240,270
Claudia9116Lorena16,Claudia9116Lorena,Claudia9116Lorena16,Noche,Con su pareja,Vió televisión,"Entretenimiento (radio, televisión, computadora, juego en casa)",1,1,5,1,1,6,8,Casa donde vive,9,90,22:00:00,9,90,90,450,90,90,540,720,810
Claudia91214Juan1,Claudia91214Juan,Claudia91214Juan1,Mañana,Con su pareja,Comió,"Dedicación personal (comió, bañó, descansó)",1,1,1,1,1,8,9,Casa donde vive,9,20,6:00:00,10,20,20,20,20,20,160,180,200
Claudia91214Juan2,Claudia91214Juan,Claudia91214Juan2,Mañana,Estaba solo,Se baño o arregló,"Dedicación personal (comió, bañó, descansó)",1,1,1,1,1,7,8,Casa donde vive,9,20,6:00:00,,20,20,20,20,20,140,160,
Claudia91214Juan3,Claudia91214Juan,Claudia91214Juan3,Mañana,Con su pareja,Viajó en coche/colectivo/moto,"Viajó a algún lado (coche, caminando, bicicleta)",1,1,1,1,1,8,8,"Viajó a algún lado (coche, caminando, bicicleta)",8,10,7:00:00,10,10,10,10,10,10,80,80,100
Claudia91214Juan4,Claudia91214Juan,Claudia91214Juan4,Mañana,Estaba solo,Viajó en coche/colectivo/moto,"Viajó a algún lado (coche, caminando, bicicleta)",1,1,1,1,1,8,8,"Viajó a algún lado (coche, caminando, bicicleta)",9,10,7:00:00,,10,10,10,10,10,80,80,
Claudia91214Juan5,Claudia91214Juan,Claudia91214Juan5,Mañana,Estaba solo,Comió,"Dedicación personal (comió, bañó, descansó)",1,1,1,1,1,8,8,Casa donde vive,9,90,8:00:00,,90,90,90,90,90,720,720,
Claudia91214Juan6,Claudia91214Juan,Claudia91214Juan6,Mañana,Estaba solo,Viajó en coche/colectivo/moto,"Viajó a algún lado (coche, caminando, bicicleta)",1,1,1,1,1,8,8,"Viajó a algún lado (coche, caminando, bicicleta)",15,12,9:00:00,,12,12,12,12,12,96,96,
Claudia91214Juan7,Claudia91214Juan,Claudia91214Juan7,Mañana,Con compañeros de trabajo / escuela / club,Trabajó,Trabajó,1,1,1,1,1,8,8,Lugar de trabajo,15,240,11:00:00,9,240,240,240,240,240,1920,1920,2160
Claudia91214Juan8,Claudia91214Juan,Claudia91214Juan8,Tarde,Con compañeros de trabajo / escuela / club,Comió,"Dedicación personal (comió, bañó, descansó)",1,1,1,1,1,7,7,Lugar de trabajo,15,15,13:00:00,10,15,15,15,15,15,105,105,150
Claudia91214Juan9,Claudia91214Juan,Claudia91214Juan9,Tarde,Con compañeros de trabajo / escuela / club,Trabajó,Trabajó,1,6,1,1,1,6,8,Lugar de trabajo,15,150,14:00:00,9,150,900,150,150,150,900,1200,1350
Claudia91214Juan10,Claudia91214Juan,Claudia91214Juan10,Tarde,Estaba solo,Viajó en coche/colectivo/moto,"Viajó a algún lado (coche, caminando, bicicleta)",1,6,1,1,1,6,7,"Viajó a algún lado (coche, caminando, bicicleta)",8,15,16:00:00,,15,90,15,15,15,90,105,
Claudia91214Juan11,Claudia91214Juan,Claudia91214Juan11,Tarde,Con su pareja,Viajó en coche/colectivo/moto,"Viajó a algún lado (coche, caminando, bicicleta)",1,1,1,1,1,8,8,"Viajó a algún lado (coche, caminando, bicicleta)",9,10,16:00:00,9,10,10,10,10,10,80,80,90
Claudia91214Juan12,Claudia91214Juan,Claudia91214Juan12,Tarde,Estaba solo,Se baño o arregló,"Dedicación personal (comió, bañó, descansó)",1,1,1,1,1,8,8,Casa donde vive,9,15,16:00:00,,15,15,15,15,15,120,120,
Claudia91214Juan13,Claudia91214Juan,Claudia91214Juan13,Tarde,Con su pareja,Comió,"Dedicación personal (comió, bañó, descansó)",1,1,1,1,1,9,9,Casa donde vive,9,60,17:00:00,10,60,60,60,60,60,540,540,600
Claudia91214Juan14,Claudia91214Juan,Claudia91214Juan14,Tarde,Destinatario de nuestra actividad laboral (Cliente / paciente / alumno),Trabajó,Trabajó,1,1,1,1,1,7,8,Casa donde vive,9,120,18:00:00,9,120,120,120,120,120,840,960,1080
Claudia91214Juan15,Claudia91214Juan,Claudia91214Juan15,Noche,Estaba solo,Vió televisión,"Entretenimiento (radio, televisión, computadora, juego en casa)",1,1,1,1,1,7,8,Casa donde vive,9,60,20:00:00,,60,60,60,60,60,420,480,
Claudia91214Juan16,Claudia91214Juan,Claudia91214Juan16,Noche,Estaba solo,Preparó comida,"Tareas domésticas (comida, cuida a los hijos, mascotas)",1,1,1,1,3,8,8,Casa donde vive,9,30,20:00:00,,30,30,30,30,90,240,240,
Claudia91214Juan17,Claudia91214Juan,Claudia91214Juan17,Noche,Con su pareja,Comió,"Dedicación personal (comió, bañó, descansó)",1,1,1,1,1,8,9,Casa donde vive,9,60,21:00:00,10,60,60,60,60,60,480,540,600
Claudia91214Juan18,Claudia91214Juan,Claudia91214Juan18,Noche,Estaba solo,Leyó / Estudió,Leyó o estudió,1,1,1,1,1,8,8,Casa donde vive,9,60,22:00:00,,60,60,60,60,60,480,480,
Claudia91214Juan19,Claudia91214Juan,Claudia91214Juan19,Noche,Con su pareja,Vió televisión,"Entretenimiento (radio, televisión, computadora, juego en casa)",1,1,1,1,1,8,8,Casa donde vive,9,90,23:00:00,9,90,90,90,90,90,720,720,810
Gabriela10108Elsa1,Gabriela10108Elsa,Gabriela10108Elsa1,Mañana,Con su pareja,Comió,"Dedicación personal (comió, bañó, descansó)",1,9,1,1,1,8,9,Casa donde vive,10,30,8:00:00,10,30,270,30,30,30,240,270,300
Gabriela10108Elsa2,Gabriela10108Elsa,Gabriela10108Elsa2,Mañana,Estaba solo,Hizo tareas domésticas,"Tareas domésticas (comida, cuida a los hijos, mascotas)",1,1,1,1,1,9,9,Casa donde vive,10,120,9:00:00,,120,120,120,120,120,1080,1080,
Gabriela10108Elsa3,Gabriela10108Elsa,Gabriela10108Elsa3,Mañana,Con su pareja,Viajó en coche/colectivo/moto,"Viajó a algún lado (coche, caminando, bicicleta)",1,1,1,1,1,9,9,"Viajó a algún lado (coche, caminando, bicicleta)",12,15,10:00:00,9,15,15,15,15,15,135,135,135
Gabriela10108Elsa4,Gabriela10108Elsa,Gabriela10108Elsa4,Mañana,"Personal de servicios, responsables de nuestra actividad, extraños ",Trámites,Trámites o Salud,1,1,1,1,1,9,9,Locales de pago de servicios públicos u otros servicios en general,12,120,11:00:00,9,120,120,120,120,120,1080,1080,1080
Gabriela10108Elsa5,Gabriela10108Elsa,Gabriela10108Elsa5,Tarde,Con su pareja,Viajó en coche/colectivo/moto,"Viajó a algún lado (coche, caminando, bicicleta)",1,1,1,1,1,10,10,"Viajó a algún lado (coche, caminando, bicicleta)",10,15,12:00:00,9,15,15,15,15,15,150,150,135
Gabriela10108Elsa6,Gabriela10108Elsa,Gabriela10108Elsa6,Tarde,Estaba solo,Preparó comida,"Tareas domésticas (comida, cuida a los hijos, mascotas)",1,8,1,1,1,9,9,Casa donde vive,10,60,13:00:00,,60,480,60,60,60,540,540,
Gabriela10108Elsa7,Gabriela10108Elsa,Gabriela10108Elsa7,Tarde,Con su pareja,Comió,"Dedicación personal (comió, bañó, descansó)",1,6,1,1,1,10,10,Casa donde vive,10,60,14:00:00,10,60,360,60,60,60,600,600,600
Gabriela10108Elsa8,Gabriela10108Elsa,Gabriela10108Elsa8,Tarde,Estaba solo,Hizo tareas domésticas,"Tareas domésticas (comida, cuida a los hijos, mascotas)",1,6,1,1,1,9,9,Casa donde vive,10,60,15:00:00,,60,360,60,60,60,540,540,
Gabriela10108Elsa9,Gabriela10108Elsa,Gabriela10108Elsa9,Tarde,Estaba solo,"Descansó (siesta,tomar mate, té o café)","Dedicación personal (comió, bañó, descansó)",1,1,1,1,1,10,10,Casa donde vive,10,60,16:00:00,,60,60,60,60,60,600,600,
Gabriela10108Elsa10,Gabriela10108Elsa,Gabriela10108Elsa10,Tarde,Con su pareja,Viajó en coche/colectivo/moto,"Viajó a algún lado (coche, caminando, bicicleta)",1,1,1,1,1,10,10,"Viajó a algún lado (coche, caminando, bicicleta)",15,15,17:00:00,9,15,15,15,15,15,150,150,135
Gabriela10108Elsa11,Gabriela10108Elsa,Gabriela10108Elsa11,Tarde,Con amigos,Hizo ejercicio o dio paseo,Hizo ejercicio o dio paseo,1,1,1,1,1,10,10,Gimnasio y spa,15,60,17:00:00,10,60,60,60,60,60,600,600,600
Gabriela10108Elsa12,Gabriela10108Elsa,Gabriela10108Elsa12,Tarde,Con su pareja,Viajó en coche/colectivo/moto,"Viajó a algún lado (coche, caminando, bicicleta)",1,1,1,1,1,10,10,"Viajó a algún lado (coche, caminando, bicicleta)",10,15,18:00:00,9,15,15,15,15,15,150,150,135
Gabriela10108Elsa13,Gabriela10108Elsa,Gabriela10108Elsa13,Noche,Con su pareja,Comió,"Dedicación personal (comió, bañó, descansó)",1,6,1,1,1,10,10,Casa donde vive,10,120,19:00:00,10,120,720,120,120,120,1200,1200,1200
Gabriela10108Elsa14,Gabriela10108Elsa,Gabriela10108Elsa14,Noche,Con su pareja,Vió televisión,"Entretenimiento (radio, televisión, computadora, juego en casa)",1,6,1,1,1,10,9,Casa donde vive,10,120,21:00:00,9,120,720,120,120,120,1200,1080,1080
Gabriela10108Elsa15,Gabriela10108Elsa,Gabriela10108Elsa15,Noche,Con su pareja,Entretetenimiento con la computadora,"Entretenimiento (radio, televisión, computadora, juego en casa)",1,1,1,1,1,9,10,Casa donde vive,10,120,23:00:00,9,120,120,120,120,120,1080,1200,1080
Gabriela10108Eugenia1,Gabriela10108Eugenia,Gabriela10108Eugenia1,Mañana,Estaba solo,Preparó comida,"Tareas domésticas (comida, cuida a los hijos, mascotas)",1,4,1,1,1,9,10,Casa donde vive,10,15,7:00:00,,15,60,15,15,15,135,150,
Gabriela10108Eugenia2,Gabriela10108Eugenia,Gabriela10108Eugenia2,Mañana,Estaba solo,Se baño o arregló,"Dedicación personal (comió, bañó, descansó)",1,5,1,1,1,10,8,Casa donde vive,10,15,7:00:00,,15,75,15,15,15,150,120,
Gabriela10108Eugenia3,Gabriela10108Eugenia,Gabriela10108Eugenia3,Mañana,Estaba solo,Viajó en coche/colectivo/moto,"Viajó a algún lado (coche, caminando, bicicleta)",8,6,2,1,2,8,8,"Viajó a algún lado (coche, caminando, bicicleta)",14,10,7:00:00,,80,60,20,10,20,80,80,
Gabriela10108Eugenia4,Gabriela10108Eugenia,Gabriela10108Eugenia4,Mañana,Con compañeros de trabajo / escuela / club,Trabajó,Trabajó,5,6,1,1,3,8,8,Lugar de trabajo,14,600,12:00:00,10,3000,3600,600,600,1800,4800,4800,6000
Gabriela10108Eugenia5,Gabriela10108Eugenia,Gabriela10108Eugenia5,Tarde,Estaba solo,Viajó en coche/colectivo/moto,"Viajó a algún lado (coche, caminando, bicicleta)",2,3,1,1,1,8,8,"Viajó a algún lado (coche, caminando, bicicleta)",10,10,17:00:00,,20,30,10,10,10,80,80,
Gabriela10108Eugenia6,Gabriela10108Eugenia,Gabriela10108Eugenia6,Tarde,Con pareja e hijos,Hizo tareas domésticas,"Tareas domésticas (comida, cuida a los hijos, mascotas)",4,1,3,1,1,7,9,Casa donde vive,10,220,19:00:00,10,880,220,660,220,220,1540,1980,2200
Gabriela10108Eugenia7,Gabriela10108Eugenia,Gabriela10108Eugenia7,Noche,Con pareja e hijos,Comió,"Dedicación personal (comió, bañó, descansó)",1,1,1,1,1,9,9,Casa donde vive,10,60,21:00:00,10,60,60,60,60,60,540,540,600
Gabriela10108Eugenia8,Gabriela10108Eugenia,Gabriela10108Eugenia8,Noche,Con su pareja,Vió televisión,"Entretenimiento (radio, televisión, computadora, juego en casa)",1,1,1,1,1,10,10,Casa donde vive,10,60,22:00:00,10,60,60,60,60,60,600,600,600
Gabriela10108Eugenia9,Gabriela10108Eugenia,Gabriela10108Eugenia9,Noche,Estaba solo,Se baño o arregló,"Dedicación personal (comió, bañó, descansó)",1,1,1,1,1,10,10,Casa donde vive,10,30,23:00:00,,30,30,30,30,30,300,300,
Gabriela10108Luciano1,Gabriela10108Luciano,Gabriela10108Luciano1,Mañana,Estaba solo,Comió,"Dedicación personal (comió, bañó, descansó)",3,3,1,1,1,6,6,Casa donde vive,10,30,9:00:00,,90,90,30,30,30,180,180,
Gabriela10108Luciano2,Gabriela10108Luciano,Gabriela10108Luciano2,Mañana,Estaba solo,Caminó a algún lado,"Viajó a algún lado (coche, caminando, bicicleta)",1,3,1,1,1,9,6,"Viajó a algún lado (coche, caminando, bicicleta)",10,30,9:00:00,,30,90,30,30,30,270,180,
Gabriela10108Luciano3,Gabriela10108Luciano,Gabriela10108Luciano3,Mañana,Estaba solo,Trámites,Trámites o Salud,6,5,3,1,1,7,3,"Organismo Público del Estado Nacional, Provincial, Municipal",10,90,10:00:00,,540,450,270,90,90,630,270,
Gabriela10108Luciano4,Gabriela10108Luciano,Gabriela10108Luciano4,Mañana,Estaba solo,Caminó a algún lado,"Viajó a algún lado (coche, caminando, bicicleta)",1,1,1,1,1,9,6,"Viajó a algún lado (coche, caminando, bicicleta)",10,630,16:00:00,,630,630,630,630,630,5670,3780,
Gabriela10108Luciano5,Gabriela10108Luciano,Gabriela10108Luciano5,Tarde,Estaba solo,Vió televisión,"Entretenimiento (radio, televisión, computadora, juego en casa)",1,1,1,1,1,9,3,Casa donde vive,10,30,22:00:00,,30,30,30,30,30,270,90,
Gabriela10108Luciano6,Gabriela10108Luciano,Gabriela10108Luciano6,Tarde,Estaba solo,Preparó comida,"Tareas domésticas (comida, cuida a los hijos, mascotas)",1,1,1,1,1,8,6,Casa donde vive,10,20,22:00:00,,20,20,20,20,20,160,120,
Gabriela10108Luciano7,Gabriela10108Luciano,Gabriela10108Luciano7,Tarde,Estaba solo,Comió,"Dedicación personal (comió, bañó, descansó)",1,1,1,1,1,9,7,Casa donde vive,10,30,23:00:00,,30,30,30,30,30,270,210,
Gabriela10108Luciano8,Gabriela10108Luciano,Gabriela10108Luciano8,Tarde,Estaba solo,Escucho radio ,"Entretenimiento (radio, televisión, computadora, juego en casa)",1,1,1,1,1,9,8,Casa donde vive,10,120,0:00:00,,120,120,120,120,120,1080,960,
Gabriela10108Luciano9,Gabriela10108Luciano,Gabriela10108Luciano9,Tarde,Estaba solo,Leyó / Estudió,Leyó o estudió,1,1,1,1,1,9,8,Casa donde vive,10,180,0:00:00,,180,180,180,180,180,1620,1440,
Gabriela10108Luciano10,Gabriela10108Luciano,Gabriela10108Luciano10,Noche,Estaba solo,"Descansó (siesta,tomar mate, té o café)","Dedicación personal (comió, bañó, descansó)",1,1,1,1,1,9,6,Casa donde vive,10,30,0:00:00,,30,30,30,30,30,270,180,
Gabriela10108Luciano11,Gabriela10108Luciano,Gabriela10108Luciano11,Noche,Con su pareja,Habló con alguien,"Relaciones sociales (Charlar, cuidar, actividad religiosa, otras relaciones)",1,1,1,1,1,9,10,Casa donde vive,10,120,0:00:00,10,120,120,120,120,120,1080,1200,1200
Gabriela10108Luciano12,Gabriela10108Luciano,Gabriela10108Luciano12,Noche,Con su pareja,Hizo tareas domésticas,"Tareas domésticas (comida, cuida a los hijos, mascotas)",1,3,1,1,1,8,3,Casa donde vive,10,60,0:00:00,10,60,180,60,60,60,480,180,600
Gabriela10108Luciano13,Gabriela10108Luciano,Gabriela10108Luciano13,Noche,Con su pareja,Comió,"Dedicación personal (comió, bañó, descansó)",1,1,1,1,1,9,7,Casa donde vive,10,60,0:00:00,10,60,60,60,60,60,540,420,600
Gabriela10108Luciano14,Gabriela10108Luciano,Gabriela10108Luciano14,Noche,Estaba solo,Se baño o arregló,"Dedicación personal (comió, bañó, descansó)",1,1,1,1,1,9,6,Casa donde vive,10,30,0:00:00,,30,30,30,30,30,270,180,
Gabriela10110Angel1,Gabriela10110Angel,Gabriela10110Angel1,Mañana,Estaba solo,Comió,"Dedicación personal (comió, bañó, descansó)",4,4,1,1,3,9,9,Casa donde vive,10,30,8:00:00,,120,120,30,30,90,270,270,
Gabriela10110Angel2,Gabriela10110Angel,Gabriela10110Angel2,Mañana,Estaba solo,Viajó en coche/colectivo/moto,"Viajó a algún lado (coche, caminando, bicicleta)",4,4,1,1,1,9,9,"Viajó a algún lado (coche, caminando, bicicleta)",10,15,9:00:00,,60,60,15,15,15,135,135,
Gabriela10110Angel3,Gabriela10110Angel,Gabriela10110Angel3,Mañana,Con compañeros de trabajo / escuela / club,Trámites,Trámites o Salud,4,4,1,1,3,9,8,"Usina, Gas del Estado, Obras Sanitarias u otros organismos de servicios públicos",10,30,9:00:00,9,120,120,30,30,90,270,240,270
Gabriela10110Angel4,Gabriela10110Angel,Gabriela10110Angel4,Mañana,Estaba solo,Caminó a algún lado,"Viajó a algún lado (coche, caminando, bicicleta)",1,3,1,1,1,9,8,"Viajó a algún lado (coche, caminando, bicicleta)",12,15,9:00:00,,15,45,15,15,15,135,120,
Gabriela10110Angel5,Gabriela10110Angel,Gabriela10110Angel5,Mañana,"Personal de servicios, responsables de nuestra actividad, extraños ",Trámites,Trámites o Salud,1,3,1,1,1,9,9,"Hospital, Clínica, Centro de Salud",12,60,10:00:00,9,60,180,60,60,60,540,540,540
Gabriela10110Angel6,Gabriela10110Angel,Gabriela10110Angel6,Mañana,Estaba solo,Caminó a algún lado,"Viajó a algún lado (coche, caminando, bicicleta)",3,3,1,1,1,9,9,"Viajó a algún lado (coche, caminando, bicicleta)",11,10,11:00:00,,30,30,10,10,10,90,90,
Gabriela10110Angel7,Gabriela10110Angel,Gabriela10110Angel7,Mañana,Con otros familiares,Habló con alguien,"Relaciones sociales (Charlar, cuidar, actividad religiosa, otras relaciones)",1,3,1,1,1,9,10,Casa de parientes,11,60,11:00:00,10,60,180,60,60,60,540,600,600
Gabriela10110Angel8,Gabriela10110Angel,Gabriela10110Angel8,Mañana,Estaba solo,Caminó a algún lado,"Viajó a algún lado (coche, caminando, bicicleta)",3,1,1,1,1,9,9,"Viajó a algún lado (coche, caminando, bicicleta)",10,30,12:00:00,,90,30,30,30,30,270,270,
Gabriela10110Angel9,Gabriela10110Angel,Gabriela10110Angel9,Tarde,Estaba solo,Preparó comida,"Tareas domésticas (comida, cuida a los hijos, mascotas)",1,1,1,1,1,10,10,Casa donde vive,10,20,12:00:00,,20,20,20,20,20,200,200,
Gabriela10110Angel10,Gabriela10110Angel,Gabriela10110Angel10,Tarde,Estaba solo,Comió,"Dedicación personal (comió, bañó, descansó)",1,1,1,1,1,10,10,Casa donde vive,10,30,13:00:00,,30,30,30,30,30,300,300,
Gabriela10110Angel11,Gabriela10110Angel,Gabriela10110Angel11,Tarde,Estaba solo,"Actividad agrícola o cria, cuidado mascotas","Tareas domésticas (comida, cuida a los hijos, mascotas)",1,1,1,1,1,10,10,Casa donde vive,10,210,15:00:00,,210,210,210,210,210,2100,2100,
Gabriela10110Angel12,Gabriela10110Angel,Gabriela10110Angel12,Tarde,Estaba solo,"Descansó (siesta,tomar mate, té o café)","Dedicación personal (comió, bañó, descansó)",1,1,1,1,1,10,10,Casa donde vive,10,30,17:00:00,,30,30,30,30,30,300,300,
Gabriela10110Angel13,Gabriela10110Angel,Gabriela10110Angel13,Tarde,Estaba solo,Caminó a algún lado,"Viajó a algún lado (coche, caminando, bicicleta)",1,1,1,1,1,9,9,"Viajó a algún lado (coche, caminando, bicicleta)",9,15,17:00:00,,15,15,15,15,15,135,135,
Gabriela10110Angel14,Gabriela10110Angel,Gabriela10110Angel14,Tarde,Con amigos,Habló con alguien,"Relaciones sociales (Charlar, cuidar, actividad religiosa, otras relaciones)",1,1,1,1,1,10,10,Clubes deportivos,9,180,19:00:00,10,180,180,180,180,180,1800,1800,1800
Gabriela10110Angel15,Gabriela10110Angel,Gabriela10110Angel15,Noche,Estaba solo,Caminó a algún lado,"Viajó a algún lado (coche, caminando, bicicleta)",1,3,1,1,1,9,8,"Viajó a algún lado (coche, caminando, bicicleta)",10,15,20:00:00,,15,45,15,15,15,135,120,
Gabriela10110Angel16,Gabriela10110Angel,Gabriela10110Angel16,Noche,Estaba solo,"Descansó (siesta,tomar mate, té o café)","Dedicación personal (comió, bañó, descansó)",1,1,1,1,1,10,10,Casa donde vive,10,30,21:00:00,,30,30,30,30,30,300,300,
Gabriela10110Angel17,Gabriela10110Angel,Gabriela10110Angel17,Noche,Estaba solo,Vió televisión,"Entretenimiento (radio, televisión, computadora, juego en casa)",1,1,1,1,1,9,9,Casa donde vive,10,180,22:00:00,,180,180,180,180,180,1620,1620,
Gabriela10110Lucrecia1,Gabriela10110Lucrecia,Gabriela10110Lucrecia1,Mañana,Con amigos,Comió,"Dedicación personal (comió, bañó, descansó)",3,4,4,2,2,5,8,Casa donde vive,10,60,11:00:00,10,180,240,240,120,120,300,480,600
Gabriela10110Lucrecia2,Gabriela10110Lucrecia,Gabriela10110Lucrecia2,Mañana,Con amigos,Viajó en coche/colectivo/moto,"Viajó a algún lado (coche, caminando, bicicleta)",6,6,2,2,2,3,6,"Viajó a algún lado (coche, caminando, bicicleta)",10,30,11:00:00,8,180,180,60,60,60,90,180,240
Gabriela10110Lucrecia3,Gabriela10110Lucrecia,Gabriela10110Lucrecia3,Mañana,Con compañeros de trabajo / escuela / club,Estudio,Leyó o estudió,5,5,3,2,5,5,6,"Escuela, Campus, u otro establecimiento educativo",10,90,12:00:00,7,450,450,270,180,450,450,540,630
Gabriela10110Lucrecia4,Gabriela10110Lucrecia,Gabriela10110Lucrecia4,Tarde,Con amigos,Comió,"Dedicación personal (comió, bañó, descansó)",2,6,2,2,2,6,8,"Escuela, Campus, u otro establecimiento educativo",10,45,14:00:00,9,90,270,90,90,90,270,360,405
Gabriela10110Lucrecia5,Gabriela10110Lucrecia,Gabriela10110Lucrecia5,Tarde,Con compañeros de trabajo / escuela / club,Estudio,Leyó o estudió,2,6,5,1,2,8,7,"Escuela, Campus, u otro establecimiento educativo",10,90,15:00:00,8,180,540,450,90,180,720,630,720
Gabriela10110Lucrecia6,Gabriela10110Lucrecia,Gabriela10110Lucrecia6,Tarde,Con amigos,Viajó en coche/colectivo/moto,"Viajó a algún lado (coche, caminando, bicicleta)",1,1,1,1,1,9,7,"Viajó a algún lado (coche, caminando, bicicleta)",10,30,16:00:00,9,30,30,30,30,30,270,210,270
Gabriela10110Lucrecia7,Gabriela10110Lucrecia,Gabriela10110Lucrecia7,Tarde,Estaba solo,"Descansó (siesta,tomar mate, té o café)","Dedicación personal (comió, bañó, descansó)",1,1,1,1,1,10,10,Casa donde vive,10,120,17:00:00,,120,120,120,120,120,1200,1200,
Gabriela10110Lucrecia8,Gabriela10110Lucrecia,Gabriela10110Lucrecia8,Noche,Estaba solo,Caminó a algún lado,"Viajó a algún lado (coche, caminando, bicicleta)",1,1,1,1,1,9,9,"Viajó a algún lado (coche, caminando, bicicleta)",13,30,18:00:00,,30,30,30,30,30,270,270,
Gabriela10110Lucrecia9,Gabriela10110Lucrecia,Gabriela10110Lucrecia9,Noche,Con amigos,Leyó / Estudió,Leyó o estudió,5,5,2,1,2,10,7,Casa de amigos,13,120,19:00:00,9,600,600,240,120,240,1200,840,1080
Gabriela10110Lucrecia10,Gabriela10110Lucrecia,Gabriela10110Lucrecia10,Noche,Estaba solo,Caminó a algún lado,"Viajó a algún lado (coche, caminando, bicicleta)",1,5,1,1,1,8,5,"Viajó a algún lado (coche, caminando, bicicleta)",10,30,21:00:00,,30,150,30,30,30,240,150,
Gabriela10110Lucrecia11,Gabriela10110Lucrecia,Gabriela10110Lucrecia11,Noche,Estaba solo,Se baño o arregló,"Dedicación personal (comió, bañó, descansó)",1,1,1,1,1,8,9,Casa donde vive,10,30,21:00:00,,30,30,30,30,30,240,270,
Gabriela10110Lucrecia12,Gabriela10110Lucrecia,Gabriela10110Lucrecia12,Noche,Con amigos,Comió,"Dedicación personal (comió, bañó, descansó)",1,5,1,1,1,10,10,Casa donde vive,10,60,22:00:00,10,60,300,60,60,60,600,600,600
Gabriela10110María Isabel1,Gabriela10110María Isabel,Gabriela10110María Isabel1,Mañana,Estaba solo,Comió,"Dedicación personal (comió, bañó, descansó)",2,4,1,2,8,"7,29674537332483",10,Casa donde vive,10,30,7:00:00,,60,120,30,60,240,"218,902361199745",300,
Gabriela10110María Isabel2,Gabriela10110María Isabel,Gabriela10110María Isabel2,Mañana,Con compañeros de trabajo / escuela / club,Viajó en coche/colectivo/moto,"Viajó a algún lado (coche, caminando, bicicleta)",1,1,1,2,2,8,10,"Viajó a algún lado (coche, caminando, bicicleta)",10,30,7:00:00,10,30,30,30,60,60,240,300,300
Gabriela10110María Isabel3,Gabriela10110María Isabel,Gabriela10110María Isabel3,Mañana,Destinatario de nuestra actividad laboral (Cliente / paciente / alumno),Trabajó,Trabajó,1,1,1,1,2,8,10,Lugar de trabajo,10,180,9:00:00,10,180,180,180,180,360,1440,1800,1800
Gabriela10110María Isabel4,Gabriela10110María Isabel,Gabriela10110María Isabel4,Mañana,Con compañeros de trabajo / escuela / club,Viajó en coche/colectivo/moto,"Viajó a algún lado (coche, caminando, bicicleta)",1,2,"1,82854406130268",1,1,10,10,"Viajó a algún lado (coche, caminando, bicicleta)",14,30,11:00:00,10,30,60,"54,8563218390805",30,30,300,300,300
Gabriela10110María Isabel5,Gabriela10110María Isabel,Gabriela10110María Isabel5,Mañana,Destinatario de nuestra actividad laboral (Cliente / paciente / alumno),Trabajó,Trabajó,2,2,2,2,2,8,9,Lugar de trabajo,14,90,12:00:00,10,180,180,180,180,180,720,810,900
Gabriela10110María Isabel6,Gabriela10110María Isabel,Gabriela10110María Isabel6,Tarde,Estaba solo,Viajó en coche/colectivo/moto,"Viajó a algún lado (coche, caminando, bicicleta)",2,3,2,2,2,8,9,"Viajó a algún lado (coche, caminando, bicicleta)",FZ,90,13:00:00,,180,270,180,180,180,720,810,
Gabriela10110María Isabel7,Gabriela10110María Isabel,Gabriela10110María Isabel7,Tarde,Destinatario de nuestra actividad laboral (Cliente / paciente / alumno),Trabajó,Trabajó,2,5,"1,82854406130268",2,4,8,8,Lugar de trabajo,FZ,120,15:00:00,10,240,600,"219,425287356322",240,480,960,960,1200
Gabriela10110María Isabel8,Gabriela10110María Isabel,Gabriela10110María Isabel8,Tarde,Estaba solo,Viajó en coche/colectivo/moto,"Viajó a algún lado (coche, caminando, bicicleta)",1,2,2,2,3,6,8,"Viajó a algún lado (coche, caminando, bicicleta)",10,90,17:00:00,,90,180,180,180,270,540,720,
Gabriela10110María Isabel9,Gabriela10110María Isabel,Gabriela10110María Isabel9,Tarde,Con su pareja,Hizo tareas domésticas,"Tareas domésticas (comida, cuida a los hijos, mascotas)",2,2,2,2,3,6,7,Casa donde vive,10,120,18:00:00,10,240,240,240,240,360,720,840,1200
Gabriela10110María Isabel10,Gabriela10110María Isabel,Gabriela10110María Isabel10,Noche,Con su pareja,Se baño o arregló,"Dedicación personal (comió, bañó, descansó)",2,8,2,1,2,9,10,Casa donde vive,10,30,20:00:00,8,60,240,60,30,60,270,300,240
Gabriela10110María Isabel11,Gabriela10110María Isabel,Gabriela10110María Isabel11,Noche,Con su pareja,Viajó en coche/colectivo/moto,"Viajó a algún lado (coche, caminando, bicicleta)",2,2,2,2,2,8,10,"Viajó a algún lado (coche, caminando, bicicleta)",13,30,20:00:00,10,60,60,60,60,60,240,300,300
Gabriela10110María Isabel12,Gabriela10110María Isabel,Gabriela10110María Isabel12,Noche,Con amigos,Otra actividad de ocio,"Entretenimiento (radio, televisión, computadora, juego en casa)",2,1,1,1,1,9,10,Casa de amigos,13,150,22:00:00,10,300,150,150,150,150,1350,1500,1500
Gabriela10110María Isabel13,Gabriela10110María Isabel,Gabriela10110María Isabel13,Noche,Con su pareja,Viajó en coche/colectivo/moto,"Viajó a algún lado (coche, caminando, bicicleta)",2,2,2,2,2,8,10,"Viajó a algún lado (coche, caminando, bicicleta)",10,30,23:00:00,10,60,60,60,60,60,240,300,300
Gabriela10110Silvia1,Gabriela10110Silvia,Gabriela10110Silvia1,Mañana,Estaba solo,Hizo tareas domésticas,"Tareas domésticas (comida, cuida a los hijos, mascotas)",6,2,2,2,2,9,9,Casa donde vive,10,60,9:00:00,,360,120,120,120,120,540,540,
Gabriela10110Silvia2,Gabriela10110Silvia,Gabriela10110Silvia2,Mañana,Estaba solo,"Descansó (siesta,tomar mate, té o café)","Dedicación personal (comió, bañó, descansó)",2,2,2,2,2,9,9,Casa donde vive,10,30,10:00:00,,60,60,60,60,60,270,270,
Gabriela10110Silvia3,Gabriela10110Silvia,Gabriela10110Silvia3,Mañana,Estaba solo,Otra actividad de ocio,"Entretenimiento (radio, televisión, computadora, juego en casa)",6,6,2,2,2,9,8,Casa donde vive,10,30,11:00:00,,180,180,60,60,60,270,240,
Gabriela10110Silvia4,Gabriela10110Silvia,Gabriela10110Silvia4,Mañana,Estaba solo,Viajó en coche/colectivo/moto,"Viajó a algún lado (coche, caminando, bicicleta)",1,6,2,2,2,9,9,"Viajó a algún lado (coche, caminando, bicicleta)",10,15,11:00:00,,15,90,30,30,30,135,135,
Gabriela10110Silvia5,Gabriela10110Silvia,Gabriela10110Silvia5,Mañana,"Personal de servicios, responsables de nuestra actividad, extraños ",Fue de compras,Compras,1,6,1,1,1,9,9,"Supermercado, despensa, verdulería, carnicería, dietética",10,90,12:00:00,8,90,540,90,90,90,810,810,720
Gabriela10110Silvia6,Gabriela10110Silvia,Gabriela10110Silvia6,Tarde,Estaba solo,Viajó en coche/colectivo/moto,"Viajó a algún lado (coche, caminando, bicicleta)",1,3,1,1,1,9,9,"Viajó a algún lado (coche, caminando, bicicleta)",10,15,13:00:00,,15,45,15,15,15,135,135,
Gabriela10110Silvia7,Gabriela10110Silvia,Gabriela10110Silvia7,Tarde,Con sus hijos adultos,Habló con alguien,"Relaciones sociales (Charlar, cuidar, actividad religiosa, otras relaciones)",6,1,1,1,1,9,9,Casa donde vive,10,60,13:00:00,9,360,60,60,60,60,540,540,540
Gabriela10110Silvia8,Gabriela10110Silvia,Gabriela10110Silvia8,Tarde,Con sus hijos adultos,Comió,"Dedicación personal (comió, bañó, descansó)",7,1,1,1,6,8,8,Casa donde vive,10,30,14:00:00,9,210,30,30,30,180,240,240,270
Gabriela10110Silvia9,Gabriela10110Silvia,Gabriela10110Silvia9,Tarde,Estaba solo,"Descansó (siesta,tomar mate, té o café)","Dedicación personal (comió, bañó, descansó)",1,1,1,1,1,9,9,Casa donde vive,10,30,15:00:00,,30,30,30,30,30,270,270,
Gabriela10110Silvia10,Gabriela10110Silvia,Gabriela10110Silvia10,Tarde,Con amigos,Habló con alguien,"Relaciones sociales (Charlar, cuidar, actividad religiosa, otras relaciones)",1,1,1,1,1,9,10,Casa donde vive,10,120,16:00:00,9,120,120,120,120,120,1080,1200,1080
Gabriela10110Silvia11,Gabriela10110Silvia,Gabriela10110Silvia11,Tarde,Estaba solo,Se baño o arregló,"Dedicación personal (comió, bañó, descansó)",1,6,1,1,6,8,9,Casa donde vive,10,30,17:00:00,,30,180,30,30,180,240,270,
Gabriela10110Silvia12,Gabriela10110Silvia,Gabriela10110Silvia12,Tarde,Estaba solo,Viajó en coche/colectivo/moto,"Viajó a algún lado (coche, caminando, bicicleta)",1,1,1,1,8,8,9,"Viajó a algún lado (coche, caminando, bicicleta)",4,30,18:00:00,,30,30,30,30,240,240,270,
Gabriela10110Silvia13,Gabriela10110Silvia,Gabriela10110Silvia13,Noche,"Personal de servicios, responsables de nuestra actividad, extraños ",Otra actividad de ocio,"Entretenimiento (radio, televisión, computadora, juego en casa)",1,1,1,1,1,10,10,Gimnasio y spa,4,120,19:00:00,10,120,120,120,120,120,1200,1200,1200
Gabriela10110Silvia14,Gabriela10110Silvia,Gabriela10110Silvia14,Noche,Estaba solo,Viajó en coche/colectivo/moto,"Viajó a algún lado (coche, caminando, bicicleta)",1,1,1,1,1,10,10,"Viajó a algún lado (coche, caminando, bicicleta)",10,30,20:00:00,,30,30,30,30,30,300,300,
Gabriela10110Silvia15,Gabriela10110Silvia,Gabriela10110Silvia15,Noche,Con sus hijos adultos,Preparó comida,"Tareas domésticas (comida, cuida a los hijos, mascotas)",1,1,1,1,1,10,10,Casa donde vive,10,30,21:00:00,9,30,30,30,30,30,300,300,270
Gabriela10110Silvia16,Gabriela10110Silvia,Gabriela10110Silvia16,Noche,Con sus hijos adultos,Comió,"Dedicación personal (comió, bañó, descansó)",1,1,1,1,1,9,9,Casa donde vive,10,60,21:00:00,10,60,60,60,60,60,540,540,600
Gabriela10110Silvia17,Gabriela10110Silvia,Gabriela10110Silvia17,Noche,Con sus hijos adultos,Vió televisión,"Entretenimiento (radio, televisión, computadora, juego en casa)",6,1,7,1,1,8,9,Casa donde vive,10,90,23:00:00,9,540,90,630,90,90,720,810,810
Gabriela10211Mimi1,Gabriela10211Mimi,Gabriela10211Mimi1,Mañana,Estaba solo,Preparó comida,"Tareas domésticas (comida, cuida a los hijos, mascotas)",2,4,1,1,1,6,6,Casa donde vive,10,15,8:00:00,,30,60,15,15,15,90,90,
Gabriela10211Mimi2,Gabriela10211Mimi,Gabriela10211Mimi2,Mañana,Estaba solo,Viajó en coche/colectivo/moto,"Viajó a algún lado (coche, caminando, bicicleta)",4,8,1,1,8,5,1,"Viajó a algún lado (coche, caminando, bicicleta)",10,10,8:00:00,,40,80,10,10,80,50,10,
Gabriela10211Mimi3,Gabriela10211Mimi,Gabriela10211Mimi3,Mañana,"Personal de servicios, responsables de nuestra actividad, extraños ","Por salud (estudios, consulta)",Trámites o Salud,7,7,1,1,7,4,2,"Hospital, Clínica, Centro de Salud",10,40,8:00:00,6,280,280,40,40,280,160,80,240
Gabriela10211Mimi4,Gabriela10211Mimi,Gabriela10211Mimi4,Mañana,Estaba solo,Viajó en coche/colectivo/moto,"Viajó a algún lado (coche, caminando, bicicleta)",1,6,1,1,1,8,1,"Viajó a algún lado (coche, caminando, bicicleta)",12,10,9:00:00,,10,60,10,10,10,80,10,
Gabriela10211Mimi5,Gabriela10211Mimi,Gabriela10211Mimi5,Mañana,Estaba solo,Leyó / Estudió,Leyó o estudió,8,1,6,4,6,3,4,Casa donde vive,12,60,9:00:00,,480,60,360,240,360,180,240,
Gabriela10211Mimi6,Gabriela10211Mimi,Gabriela10211Mimi6,Mañana,Estaba solo,Vió televisión,"Entretenimiento (radio, televisión, computadora, juego en casa)",8,1,7,3,6,7,7,Casa donde vive,12,180,11:00:00,,1440,180,1260,540,1080,1260,1260,
Gabriela10211Mimi7,Gabriela10211Mimi,Gabriela10211Mimi7,Tarde,Estaba solo,Preparó comida,"Tareas domésticas (comida, cuida a los hijos, mascotas)",1,1,1,1,1,5,9,Casa donde vive,12,30,13:00:00,,30,30,30,30,30,150,270,
Gabriela10211Mimi8,Gabriela10211Mimi,Gabriela10211Mimi8,Tarde,Estaba solo,Comió,"Dedicación personal (comió, bañó, descansó)",1,1,1,1,1,8,8,Casa donde vive,12,30,14:00:00,,30,30,30,30,30,240,240,
Gabriela10211Mimi9,Gabriela10211Mimi,Gabriela10211Mimi9,Tarde,Estaba solo,Hizo tareas domésticas,"Tareas domésticas (comida, cuida a los hijos, mascotas)",1,6,1,6,5,5,3,Casa donde vive,12,60,14:00:00,,60,360,60,360,300,300,180,
Gabriela10211Mimi10,Gabriela10211Mimi,Gabriela10211Mimi10,Tarde,Estaba solo,"Descansó (siesta,tomar mate, té o café)","Dedicación personal (comió, bañó, descansó)",2,1,1,1,1,9,9,Casa donde vive,12,60,15:00:00,,120,60,60,60,60,540,540,
Gabriela10211Mimi11,Gabriela10211Mimi,Gabriela10211Mimi11,Tarde,Con amigos,Jugó (cartas /juegos),"Entretenimiento (radio, televisión, computadora, juego en casa)",1,1,1,1,1,9,9,Casa donde vive,12,120,17:00:00,10,120,120,120,120,120,1080,1080,1200
Gabriela10211Mimi12,Gabriela10211Mimi,Gabriela10211Mimi12,Noche,Estaba solo,Caminó a algún lado,"Viajó a algún lado (coche, caminando, bicicleta)",2,6,1,1,3,3,6,"Viajó a algún lado (coche, caminando, bicicleta)",14,10,18:00:00,,20,60,10,10,30,30,60,
Gabriela10211Mimi13,Gabriela10211Mimi,Gabriela10211Mimi13,Noche,"Personal de servicios, responsables de nuestra actividad, extraños ",Fue de compras,Compras,1,9,3,3,5,4,4,"Supermercado, despensa, verdulería, carnicería, dietética",14,30,18:00:00,9,30,270,90,90,150,120,120,270
Gabriela10211Mimi14,Gabriela10211Mimi,Gabriela10211Mimi14,Noche,Estaba solo,Caminó a algún lado,"Viajó a algún lado (coche, caminando, bicicleta)",1,8,1,1,1,4,6,"Viajó a algún lado (coche, caminando, bicicleta)",14,5,19:00:00,,5,40,5,5,5,20,30,
Gabriela10211Mimi15,Gabriela10211Mimi,Gabriela10211Mimi15,Noche,Estaba solo,Se baño o arregló,"Dedicación personal (comió, bañó, descansó)",1,8,1,1,1,9,9,Casa donde vive,14,40,19:00:00,,40,320,40,40,40,360,360,
Gabriela10211Mimi16,Gabriela10211Mimi,Gabriela10211Mimi16,Noche,Estaba solo,Preparó comida,"Tareas domésticas (comida, cuida a los hijos, mascotas)",1,1,1,1,1,10,7,Casa donde vive,14,60,20:00:00,,60,60,60,60,60,600,420,
Gabriela10211Mimi17,Gabriela10211Mimi,Gabriela10211Mimi17,Noche,Con su pareja,Comió,"Dedicación personal (comió, bañó, descansó)",1,1,1,1,1,9,10,Casa donde vive,14,60,21:00:00,10,60,60,60,60,60,540,600,600
Gabriela11114Carolina1,Gabriela11114Carolina,Gabriela11114Carolina1,Mañana,Estaba solo,Se baño o arregló,"Dedicación personal (comió, bañó, descansó)",10,10,1,1,1,6,8,Casa donde vive,11,30,12:00:00,,300,300,30,30,30,180,240,
Gabriela11114Carolina2,Gabriela11114Carolina,Gabriela11114Carolina2,Tarde,"Personal de servicios, responsables de nuestra actividad, extraños ",Viajó en coche/colectivo/moto,"Viajó a algún lado (coche, caminando, bicicleta)",1,1,1,1,1,9,10,"Viajó a algún lado (coche, caminando, bicicleta)",11,30,12:00:00,10,30,30,30,30,30,270,300,300
Gabriela11114Carolina3,Gabriela11114Carolina,Gabriela11114Carolina3,Tarde,Con compañeros de trabajo / escuela / club,Comió,"Dedicación personal (comió, bañó, descansó)",1,1,1,1,1,9,10,"Escuela, Campus, u otro establecimiento educativo",11,30,13:00:00,9,30,30,30,30,30,270,300,270
Gabriela11114Carolina4,Gabriela11114Carolina,Gabriela11114Carolina4,Tarde,Con compañeros de trabajo / escuela / club,Estudio,Leyó o estudió,1,1,1,1,1,8,8,"Escuela, Campus, u otro establecimiento educativo",11,120,14:00:00,9,120,120,120,120,120,960,960,1080
Gabriela11114Carolina5,Gabriela11114Carolina,Gabriela11114Carolina5,Tarde,Con compañeros de trabajo / escuela / club,Viajó en coche/colectivo/moto,"Viajó a algún lado (coche, caminando, bicicleta)",1,1,1,1,1,9,10,"Viajó a algún lado (coche, caminando, bicicleta)",8,45,15:00:00,10,45,45,45,45,45,405,450,450
Gabriela11114Carolina6,Gabriela11114Carolina,Gabriela11114Carolina6,Tarde,Con compañeros de trabajo / escuela / club,Habló con alguien,"Relaciones sociales (Charlar, cuidar, actividad religiosa, otras relaciones)",1,1,1,1,1,10,10,Otros……..,8,135,17:00:00,10,135,135,135,135,135,1350,1350,1350
Gabriela11114Carolina7,Gabriela11114Carolina,Gabriela11114Carolina7,Noche,Estaba solo,Viajó en coche/colectivo/moto,"Viajó a algún lado (coche, caminando, bicicleta)",1,1,1,1,1,10,10,"Viajó a algún lado (coche, caminando, bicicleta)",11,15,18:00:00,,15,15,15,15,15,150,150,
Gabriela11114Carolina8,Gabriela11114Carolina,Gabriela11114Carolina8,Noche,Estaba solo,Comió,"Dedicación personal (comió, bañó, descansó)",1,1,1,1,1,10,10,Casa donde vive,11,30,18:00:00,,30,30,30,30,30,300,300,
Gabriela11114Carolina9,Gabriela11114Carolina,Gabriela11114Carolina9,Noche,Estaba solo,Leyó / Estudió,Leyó o estudió,1,1,1,1,1,9,8,Casa donde vive,11,90,19:00:00,,90,90,90,90,90,810,720,
Gabriela11114Carolina10,Gabriela11114Carolina,Gabriela11114Carolina10,Noche,Estaba solo,Otra actividad de ocio,"Entretenimiento (radio, televisión, computadora, juego en casa)",1,1,1,1,1,10,10,Casa donde vive,11,60,21:00:00,,60,60,60,60,60,600,600,
Gabriela11114Carolina11,Gabriela11114Carolina,Gabriela11114Carolina11,Noche,Con amigos,Comió,"Dedicación personal (comió, bañó, descansó)",1,1,1,1,10,10,2,Casa donde vive,11,30,21:00:00,1,30,30,30,30,300,300,60,30
Gabriela11114Carolina12,Gabriela11114Carolina,Gabriela11114Carolina12,Noche,Con amigos,Otra,"Relaciones sociales (Charlar, cuidar, actividad religiosa, otras relaciones)",1,1,1,1,1,10,10,Casa donde vive,11,90,22:00:00,10,90,90,90,90,90,900,900,900
Gabriela12411Nicolás1,Gabriela12411Nicolás,Gabriela12411Nicolás1,Mañana,Estaba solo,Comió,"Dedicación personal (comió, bañó, descansó)",3,6,2,1,4,7,10,Casa donde vive,12,100,9:00:00,,300,600,200,100,400,700,1000,
Gabriela12411Nicolás2,Gabriela12411Nicolás,Gabriela12411Nicolás2,Mañana,Estaba solo,Leyó / Estudió,Leyó o estudió,3,6,2,2,4,7,10,Casa donde vive,12,35,10:00:00,,105,210,70,70,140,245,350,
Gabriela12411Nicolás3,Gabriela12411Nicolás,Gabriela12411Nicolás3,Mañana,Estaba solo,Viajó en coche/colectivo/moto,"Viajó a algún lado (coche, caminando, bicicleta)",3,3,2,2,2,8,8,"Viajó a algún lado (coche, caminando, bicicleta)",12,10,10:00:00,,30,30,20,20,20,80,80,
Gabriela12411Nicolás4,Gabriela12411Nicolás,Gabriela12411Nicolás4,Mañana,Destinatario de nuestra actividad laboral (Cliente / paciente / alumno),Trabajó,Trabajó,1,9,1,3,1,5,10,Lugar de trabajo,12,90,11:00:00,9,90,810,90,270,90,450,900,810
Gabriela12411Nicolás5,Gabriela12411Nicolás,Gabriela12411Nicolás5,Mañana,Estaba solo,Viajó en bicicleta,"Viajó a algún lado (coche, caminando, bicicleta)",1,7,"1,82854406130268",1,2,5,10,"Viajó a algún lado (coche, caminando, bicicleta)",12,5,12:00:00,,5,35,"9,14272030651341",5,10,25,50,
Gabriela12411Nicolás6,Gabriela12411Nicolás,Gabriela12411Nicolás6,Mañana,Estaba solo,Viajó en coche/colectivo/moto,"Viajó a algún lado (coche, caminando, bicicleta)",3,3,1,1,1,9,8,"Viajó a algún lado (coche, caminando, bicicleta)",4,15,12:00:00,,45,45,15,15,15,135,120,
Gabriela12411Nicolás7,Gabriela12411Nicolás,Gabriela12411Nicolás7,Tarde,Con compañeros de trabajo / escuela / club,Trabajó,Trabajó,1,1,1,1,1,9,8,Lugar de trabajo,4,225,14:00:00,9,225,225,225,225,225,2025,1800,2025
Gabriela12411Nicolás8,Gabriela12411Nicolás,Gabriela12411Nicolás8,Tarde,Con compañeros de trabajo / escuela / club,Estudio,Leyó o estudió,8,1,1,4,2,6,7,Lugar de trabajo,4,180,17:00:00,,1440,180,180,720,360,1080,1260,
Gabriela12411Nicolás9,Gabriela12411Nicolás,Gabriela12411Nicolás9,Noche,Estaba solo,Viajó en coche/colectivo/moto,"Viajó a algún lado (coche, caminando, bicicleta)",1,2,2,1,2,8,4,"Viajó a algún lado (coche, caminando, bicicleta)",12,20,19:00:00,,20,40,40,20,40,160,80,
Gabriela12411Nicolás10,Gabriela12411Nicolás,Gabriela12411Nicolás10,Noche,Con pareja e hijos,Vió televisión,"Entretenimiento (radio, televisión, computadora, juego en casa)",2,2,2,2,2,9,9,Casa donde vive,12,160,20:00:00,7,320,320,320,320,320,1440,1440,1120
Gabriela12411Nicolás11,Gabriela12411Nicolás,Gabriela12411Nicolás11,Noche,Con sus hijos jóvenes o nietos,Preparó comida,"Tareas domésticas (comida, cuida a los hijos, mascotas)",8,6,2,2,2,7,9,Casa donde vive,12,40,22:00:00,8,320,240,80,80,80,280,360,320
Gabriela12411Nicolás12,Gabriela12411Nicolás,Gabriela12411Nicolás12,Noche,Con pareja e hijos,Comió,"Dedicación personal (comió, bañó, descansó)",2,5,2,2,2,9,9,Casa donde vive,12,20,23:00:00,9,40,100,40,40,40,180,180,180
Gabriela131314Marianella1,Gabriela131314Marianella,Gabriela131314Marianella1,Mañana,Con otros familiares,Se baño o arregló,"Dedicación personal (comió, bañó, descansó)",1,10,10,1,1,7,1,Casa donde vive,13,10,9:00:00,7,10,100,100,10,10,70,10,70
Gabriela131314Marianella2,Gabriela131314Marianella,Gabriela131314Marianella2,Mañana,Con otros familiares,Comió,"Dedicación personal (comió, bañó, descansó)",1,8,1,1,1,10,9,Casa donde vive,13,30,9:00:00,7,30,240,30,30,30,300,270,210
Gabriela131314Marianella3,Gabriela131314Marianella,Gabriela131314Marianella3,Mañana,Estaba solo,Viajó en coche/colectivo/moto,"Viajó a algún lado (coche, caminando, bicicleta)",1,1,1,1,1,10,3,"Viajó a algún lado (coche, caminando, bicicleta)",10,45,10:00:00,,45,45,45,45,45,450,135,
Gabriela131314Marianella4,Gabriela131314Marianella,Gabriela131314Marianella4,Mañana,Con compañeros de trabajo / escuela / club,Habló con alguien,"Relaciones sociales (Charlar, cuidar, actividad religiosa, otras relaciones)",1,1,1,1,1,10,7,Otros……..,10,90,11:00:00,7,90,90,90,90,90,900,630,630
Gabriela131314Marianella5,Gabriela131314Marianella,Gabriela131314Marianella5,Mañana,Estaba solo,Viajó en coche/colectivo/moto,"Viajó a algún lado (coche, caminando, bicicleta)",1,1,1,1,1,8,9,"Viajó a algún lado (coche, caminando, bicicleta)",4,60,12:00:00,,60,60,60,60,60,480,540,
Gabriela131314Marianella6,Gabriela131314Marianella,Gabriela131314Marianella6,Tarde,Con compañeros de trabajo / escuela / club,Comió,"Dedicación personal (comió, bañó, descansó)",1,1,1,1,1,10,10,"Escuela, Campus, u otro establecimiento educativo",4,90,13:00:00,10,90,90,90,90,90,900,900,900
Gabriela131314Marianella7,Gabriela131314Marianella,Gabriela131314Marianella7,Tarde,Con compañeros de trabajo / escuela / club,Estudio,Leyó o estudió,1,8,1,1,4,6,6,"Escuela, Campus, u otro establecimiento educativo",4,120,15:00:00,10,120,960,120,120,480,720,720,1200
Gabriela131314Marianella8,Gabriela131314Marianella,Gabriela131314Marianella8,Tarde,Estaba solo,Viajó en coche/colectivo/moto,"Viajó a algún lado (coche, caminando, bicicleta)",1,1,1,1,1,8,6,"Viajó a algún lado (coche, caminando, bicicleta)",13,30,16:00:00,,30,30,30,30,30,240,180,
Gabriela131314Marianella9,Gabriela131314Marianella,Gabriela131314Marianella9,Tarde,Con otros familiares,Leyó / Estudió,Leyó o estudió,4,8,1,1,1,8,6,Casa donde vive,13,210,18:00:00,10,840,1680,210,210,210,1680,1260,2100
Gabriela131314Marianella10,Gabriela131314Marianella,Gabriela131314Marianella10,Noche,Con su pareja,Viajó en coche/colectivo/moto,"Viajó a algún lado (coche, caminando, bicicleta)",1,1,1,1,1,10,10,"Viajó a algún lado (coche, caminando, bicicleta)",1,10,20:00:00,10,10,10,10,10,10,100,100,100
Gabriela131314Marianella11,Gabriela131314Marianella,Gabriela131314Marianella11,Noche,Con su pareja,Comió,"Dedicación personal (comió, bañó, descansó)",1,1,1,1,1,10,10,Casa  de novio/a,1,120,21:00:00,10,120,120,120,120,120,1200,1200,1200
Gabriela131314Marianella12,Gabriela131314Marianella,Gabriela131314Marianella12,Noche,Con su pareja,Habló con alguien,"Relaciones sociales (Charlar, cuidar, actividad religiosa, otras relaciones)",1,1,1,1,1,10,10,Casa  de novio/a,1,100,23:00:00,10,100,100,100,100,100,1000,1000,1000
Gabriela131318Atilio1,Gabriela131318Atilio,Gabriela131318Atilio1,Mañana,Estaba solo,Se baño o arregló,"Dedicación personal (comió, bañó, descansó)",2,3,1,1,1,9,9,Casa donde vive,13,15,9:00:00,,30,45,15,15,15,135,135,
Gabriela131318Atilio2,Gabriela131318Atilio,Gabriela131318Atilio2,Mañana,Estaba solo,"Descansó (siesta,tomar mate, té o café)","Dedicación personal (comió, bañó, descansó)",2,4,1,1,1,5,8,Casa donde vive,13,15,9:00:00,,30,60,15,15,15,75,120,
Gabriela131318Atilio3,Gabriela131318Atilio,Gabriela131318Atilio3,Mañana,Estaba solo,Viajó en coche/colectivo/moto,"Viajó a algún lado (coche, caminando, bicicleta)",2,6,1,1,2,9,8,"Viajó a algún lado (coche, caminando, bicicleta)",4,30,9:00:00,,60,180,30,30,60,270,240,
Gabriela131318Atilio4,Gabriela131318Atilio,Gabriela131318Atilio4,Mañana,Con compañeros de trabajo / escuela / club,Estudio,Leyó o estudió,7,5,1,1,7,6,6,"Escuela, Campus, u otro establecimiento educativo",4,120,11:00:00,9,840,600,120,120,840,720,720,1080
Gabriela131318Atilio5,Gabriela131318Atilio,Gabriela131318Atilio5,Tarde,Con amigos,Comió,"Dedicación personal (comió, bañó, descansó)",6,1,1,1,1,8,7,"Escuela, Campus, u otro establecimiento educativo",4,30,12:00:00,9,180,30,30,30,30,240,210,270
Gabriela131318Atilio6,Gabriela131318Atilio,Gabriela131318Atilio6,Tarde,Con amigos,Habló con alguien,"Relaciones sociales (Charlar, cuidar, actividad religiosa, otras relaciones)",5,1,1,1,1,9,9,"Escuela, Campus, u otro establecimiento educativo",4,60,13:00:00,9,300,60,60,60,60,540,540,540
Gabriela131318Atilio7,Gabriela131318Atilio,Gabriela131318Atilio7,Tarde,Con compañeros de trabajo / escuela / club,Estudio,Leyó o estudió,4,5,1,1,4,9,7,"Escuela, Campus, u otro establecimiento educativo",4,120,14:00:00,9,480,600,120,120,480,1080,840,1080
Gabriela131318Atilio8,Gabriela131318Atilio,Gabriela131318Atilio8,Tarde,Con amigos,Habló con alguien,"Relaciones sociales (Charlar, cuidar, actividad religiosa, otras relaciones)",7,9,7,1,6,5,4,"Escuela, Campus, u otro establecimiento educativo",4,60,16:00:00,7,420,540,420,60,360,300,240,420
Gabriela131318Atilio9,Gabriela131318Atilio,Gabriela131318Atilio9,Tarde,Estaba solo,Viajó en coche/colectivo/moto,"Viajó a algún lado (coche, caminando, bicicleta)",7,7,1,1,5,6,7,"Viajó a algún lado (coche, caminando, bicicleta)",13,30,16:00:00,,210,210,30,30,150,180,210,
Gabriela131318Atilio10,Gabriela131318Atilio,Gabriela131318Atilio10,Tarde,Estaba solo,Leyó / Estudió,Leyó o estudió,5,7,2,1,4,6,5,Casa donde vive,13,120,18:00:00,,600,840,240,120,480,720,600,
Gabriela131318Atilio11,Gabriela131318Atilio,Gabriela131318Atilio11,Noche,Estaba solo,Viajó en coche/colectivo/moto,"Viajó a algún lado (coche, caminando, bicicleta)",3,3,1,1,1,9,8,"Viajó a algún lado (coche, caminando, bicicleta)",9,30,19:00:00,,90,90,30,30,30,270,240,
Gabriela131318Atilio12,Gabriela131318Atilio,Gabriela131318Atilio12,Noche,Con amigos,Otra actividad de ocio,"Entretenimiento (radio, televisión, computadora, juego en casa)",3,1,1,1,3,9,9,Otros……..,9,90,20:00:00,9,270,90,90,90,270,810,810,810
Gabriela131318Atilio13,Gabriela131318Atilio,Gabriela131318Atilio13,Noche,Estaba solo,Viajó en coche/colectivo/moto,"Viajó a algún lado (coche, caminando, bicicleta)",1,1,1,1,1,9,7,"Viajó a algún lado (coche, caminando, bicicleta)",13,30,21:00:00,,30,30,30,30,30,270,210,
Gabriela131318Atilio14,Gabriela131318Atilio,Gabriela131318Atilio14,Noche,Con amigos,Comió,"Dedicación personal (comió, bañó, descansó)",1,1,1,1,1,8,8,Casa donde vive,13,60,22:00:00,7,60,60,60,60,60,480,480,420
Gabriela131318José1,Gabriela131318José,Gabriela131318José1,Mañana,Estaba solo,"Descansó (siesta,tomar mate, té o café)","Dedicación personal (comió, bañó, descansó)",5,6,3,2,5,4,8,Casa donde vive,13,15,10:00:00,,75,90,45,30,75,60,120,
Gabriela131318José2,Gabriela131318José,Gabriela131318José2,Mañana,Estaba solo,Viajó en coche/colectivo/moto,"Viajó a algún lado (coche, caminando, bicicleta)",1,1,1,1,3,3,8,"Viajó a algún lado (coche, caminando, bicicleta)",13,15,10:00:00,,15,15,15,15,45,45,120,
Gabriela131318José3,Gabriela131318José,Gabriela131318José3,Mañana,Destinatario de nuestra actividad laboral (Cliente / paciente / alumno),Trabajó,Trabajó,4,1,1,1,5,8,7,Lugar de trabajo,13,60,10:00:00,9,240,60,60,60,300,480,420,540
Gabriela131318José4,Gabriela131318José,Gabriela131318José4,Mañana,Estaba solo,Viajó en coche/colectivo/moto,"Viajó a algún lado (coche, caminando, bicicleta)",1,1,1,1,3,4,7,"Viajó a algún lado (coche, caminando, bicicleta)",13,15,11:00:00,,15,15,15,15,45,60,105,
Gabriela131318José5,Gabriela131318José,Gabriela131318José5,Mañana,Estaba solo,Preparó comida,"Tareas domésticas (comida, cuida a los hijos, mascotas)",1,3,1,1,1,9,1,Casa donde vive,13,60,12:00:00,,60,180,60,60,60,540,60,
Gabriela131318José6,Gabriela131318José,Gabriela131318José6,Tarde,Estaba solo,Comió,"Dedicación personal (comió, bañó, descansó)",1,1,1,1,3,3,9,Casa donde vive,13,45,13:00:00,,45,45,45,45,135,135,405,
Gabriela131318José7,Gabriela131318José,Gabriela131318José7,Tarde,Estaba solo,Caminó a algún lado,"Viajó a algún lado (coche, caminando, bicicleta)",1,1,1,1,9,7,9,"Viajó a algún lado (coche, caminando, bicicleta)",13,10,13:00:00,,10,10,10,10,90,70,90,
Gabriela131318José8,Gabriela131318José,Gabriela131318José8,Tarde,"Personal de servicios, responsables de nuestra actividad, extraños ",Fue de compras,Compras,5,1,1,1,4,9,9,"Supermercado, despensa, verdulería, carnicería, dietética",13,190,15:00:00,10,950,190,190,190,760,1710,1710,1900
Gabriela131318José9,Gabriela131318José,Gabriela131318José9,Tarde,Estaba solo,Caminó a algún lado,"Viajó a algún lado (coche, caminando, bicicleta)",1,1,1,1,4,8,9,"Viajó a algún lado (coche, caminando, bicicleta)",13,10,16:00:00,,10,10,10,10,40,80,90,
Gabriela131318José10,Gabriela131318José,Gabriela131318José10,Tarde,Estaba solo,"Descansó (siesta,tomar mate, té o café)","Dedicación personal (comió, bañó, descansó)",1,1,1,1,7,9,9,Casa donde vive,13,30,17:00:00,,30,30,30,30,210,270,270,
Gabriela131318José11,Gabriela131318José,Gabriela131318José11,Tarde,Estaba solo,Otra actividad de ocio,"Entretenimiento (radio, televisión, computadora, juego en casa)",1,1,1,1,4,9,3,Casa donde vive,13,120,18:00:00,,120,120,120,120,480,1080,360,
Gabriela131318José12,Gabriela131318José,Gabriela131318José12,Noche,Estaba solo,Preparó comida,"Tareas domésticas (comida, cuida a los hijos, mascotas)",1,1,1,1,4,9,9,Casa donde vive,13,120,20:00:00,,120,120,120,120,480,1080,1080,
Gabriela131318José13,Gabriela131318José,Gabriela131318José13,Noche,Estaba solo,Comió,"Dedicación personal (comió, bañó, descansó)",1,1,1,1,1,9,9,Casa donde vive,13,60,21:00:00,,60,60,60,60,60,540,540,
Gabriela131318José14,Gabriela131318José,Gabriela131318José14,Noche,Estaba solo,Se baño o arregló,"Dedicación personal (comió, bañó, descansó)",1,1,1,1,4,9,9,Casa donde vive,13,30,22:00:00,,30,30,30,30,120,270,270,
Gabriela131318José15,Gabriela131318José,Gabriela131318José15,Noche,Estaba solo,Entretetenimiento con la computadora,"Entretenimiento (radio, televisión, computadora, juego en casa)",1,1,1,1,3,8,8,Casa donde vive,13,90,23:00:00,,90,90,90,90,270,720,720,
Gabriela131318María Hebe1,Gabriela131318María Hebe,Gabriela131318María Hebe1,Mañana,Estaba solo,Comió,"Dedicación personal (comió, bañó, descansó)",1,1,1,1,1,10,10,Casa donde vive,13,10,6:00:00,,10,10,10,10,10,100,100,
Gabriela131318María Hebe2,Gabriela131318María Hebe,Gabriela131318María Hebe2,Mañana,Con su pareja,Vió televisión,"Entretenimiento (radio, televisión, computadora, juego en casa)",1,1,1,1,1,9,9,Casa donde vive,13,180,8:00:00,9,180,180,180,180,180,1620,1620,1620
Gabriela131318María Hebe3,Gabriela131318María Hebe,Gabriela131318María Hebe3,Mañana,Estaba solo,Caminó a algún lado,"Viajó a algún lado (coche, caminando, bicicleta)",3,1,1,1,3,8,8,"Viajó a algún lado (coche, caminando, bicicleta)",13,10,9:00:00,,30,10,10,10,30,80,80,
Gabriela131318María Hebe4,Gabriela131318María Hebe,Gabriela131318María Hebe4,Mañana,"Personal de servicios, responsables de nuestra actividad, extraños ",Trámites,Trámites o Salud,3,1,3,2,3,8,8,"Organismo Público del Estado Nacional, Provincial, Municipal",13,10,9:00:00,9,30,10,30,20,30,80,80,90
Gabriela131318María Hebe5,Gabriela131318María Hebe,Gabriela131318María Hebe5,Mañana,Estaba solo,Caminó a algún lado,"Viajó a algún lado (coche, caminando, bicicleta)",3,2,5,2,5,7,5,"Viajó a algún lado (coche, caminando, bicicleta)",13,10,10:00:00,,30,20,50,20,50,70,50,
Gabriela131318María Hebe6,Gabriela131318María Hebe,Gabriela131318María Hebe6,Mañana,Estaba solo,Hizo tareas domésticas,"Tareas domésticas (comida, cuida a los hijos, mascotas)",6,1,3,2,5,8,8,Casa donde vive,13,80,10:00:00,,480,80,240,160,400,640,640,
Gabriela131318María Hebe7,Gabriela131318María Hebe,Gabriela131318María Hebe7,Mañana,Con sus hijos adultos,Preparó comida,"Tareas domésticas (comida, cuida a los hijos, mascotas)",1,1,1,1,3,8,9,Casa donde vive,13,30,11:00:00,,30,30,30,30,90,240,270,
Gabriela131318María Hebe8,Gabriela131318María Hebe,Gabriela131318María Hebe8,Mañana,Estaba solo,Comió,"Dedicación personal (comió, bañó, descansó)",1,1,1,1,7,9,9,Casa donde vive,13,30,12:00:00,,30,30,30,30,210,270,270,
Gabriela131318María Hebe9,Gabriela131318María Hebe,Gabriela131318María Hebe9,Tarde,Con pareja e hijos,Otra actividad de ocio,"Entretenimiento (radio, televisión, computadora, juego en casa)",1,1,1,1,3,8,10,Casa donde vive,13,120,13:00:00,9,120,120,120,120,360,960,1200,1080
Gabriela131318María Hebe10,Gabriela131318María Hebe,Gabriela131318María Hebe10,Tarde,Estaba solo,Hizo tareas domésticas,"Tareas domésticas (comida, cuida a los hijos, mascotas)",3,1,3,1,3,10,10,Casa donde vive,13,180,15:00:00,,540,180,540,180,540,1800,1800,
Gabriela131318María Hebe11,Gabriela131318María Hebe,Gabriela131318María Hebe11,Tarde,Con pareja e hijos,Vió televisión,"Entretenimiento (radio, televisión, computadora, juego en casa)",3,1,3,1,4,8,8,Casa donde vive,13,120,18:00:00,9,360,120,360,120,480,960,960,1080
Gabriela131318María Hebe12,Gabriela131318María Hebe,Gabriela131318María Hebe12,Noche,Con pareja e hijos,Comió,"Dedicación personal (comió, bañó, descansó)",3,1,3,2,4,8,8,Casa donde vive,13,15,19:00:00,7,45,15,45,30,60,120,120,105
Gabriela131327Carmen1,Gabriela131327Carmen,Gabriela131327Carmen1,Mañana,Estaba solo,Comió,"Dedicación personal (comió, bañó, descansó)",1,5,1,1,1,8,9,Casa donde vive,13,15,5:00:00,,15,75,15,15,15,120,135,
Gabriela131327Carmen2,Gabriela131327Carmen,Gabriela131327Carmen2,Mañana,Estaba solo,Hizo tareas domésticas,"Tareas domésticas (comida, cuida a los hijos, mascotas)",1,5,1,1,1,8,9,Casa donde vive,13,90,6:00:00,,90,450,90,90,90,720,810,
Gabriela131327Carmen3,Gabriela131327Carmen,Gabriela131327Carmen3,Mañana,Con sus hijos adultos,Otra actividad de ocio,"Entretenimiento (radio, televisión, computadora, juego en casa)",1,1,1,1,1,10,10,Casa donde vive,13,150,8:00:00,10,150,150,150,150,150,1500,1500,1500
Gabriela131327Carmen4,Gabriela131327Carmen,Gabriela131327Carmen4,Mañana,Con amigos,Caminó a algún lado,"Viajó a algún lado (coche, caminando, bicicleta)",1,7,1,1,1,9,10,"Viajó a algún lado (coche, caminando, bicicleta)",13,15,9:00:00,10,15,105,15,15,15,135,150,150
Gabriela131327Carmen5,Gabriela131327Carmen,Gabriela131327Carmen5,Mañana,"Personal de servicios, responsables de nuestra actividad, extraños ",Fue de compras,Compras,1,3,1,1,1,10,10,"Supermercado, despensa, verdulería, carnicería, dietética",13,120,10:00:00,10,120,360,120,120,120,1200,1200,1200
Gabriela131327Carmen6,Gabriela131327Carmen,Gabriela131327Carmen6,Mañana,Con amigos,Caminó a algún lado,"Viajó a algún lado (coche, caminando, bicicleta)",1,3,1,1,1,10,10,"Viajó a algún lado (coche, caminando, bicicleta)",13,30,12:00:00,10,30,90,30,30,30,300,300,300
Gabriela131327Carmen7,Gabriela131327Carmen,Gabriela131327Carmen7,Tarde,Con sus hijos adultos,Preparó comida,"Tareas domésticas (comida, cuida a los hijos, mascotas)",1,1,1,1,1,9,9,Casa donde vive,13,30,12:00:00,9,30,30,30,30,30,270,270,270
Gabriela131327Carmen8,Gabriela131327Carmen,Gabriela131327Carmen8,Tarde,Con sus hijos adultos,Comió,"Dedicación personal (comió, bañó, descansó)",1,3,1,1,1,9,10,Casa donde vive,13,40,13:00:00,10,40,120,40,40,40,360,400,400
Gabriela131327Carmen9,Gabriela131327Carmen,Gabriela131327Carmen9,Tarde,Estaba solo,Hizo tareas domésticas,"Tareas domésticas (comida, cuida a los hijos, mascotas)",1,3,1,1,1,9,8,Casa donde vive,13,50,14:00:00,,50,150,50,50,50,450,400,
Gabriela131327Carmen10,Gabriela131327Carmen,Gabriela131327Carmen10,Tarde,Estaba solo,"Descansó (siesta,tomar mate, té o café)","Dedicación personal (comió, bañó, descansó)",1,1,1,1,1,10,10,Casa donde vive,13,60,14:00:00,,60,60,60,60,60,600,600,
Gabriela131327Carmen11,Gabriela131327Carmen,Gabriela131327Carmen11,Tarde,Con sus hijos adultos,Preparó comida,"Tareas domésticas (comida, cuida a los hijos, mascotas)",1,1,1,1,1,10,10,Casa donde vive,13,15,15:00:00,9,15,15,15,15,15,150,150,135
Gabriela131327Carmen12,Gabriela131327Carmen,Gabriela131327Carmen12,Tarde,Con su pareja,Otra actividad de ocio,"Entretenimiento (radio, televisión, computadora, juego en casa)",1,1,1,1,1,10,10,Casa donde vive,13,120,16:00:00,10,120,120,120,120,120,1200,1200,1200
Gabriela131327Carmen13,Gabriela131327Carmen,Gabriela131327Carmen13,Tarde,Con su pareja,Caminó a algún lado,"Viajó a algún lado (coche, caminando, bicicleta)",1,3,1,1,1,10,10,"Viajó a algún lado (coche, caminando, bicicleta)",13,30,17:00:00,10,30,90,30,30,30,300,300,300
Gabriela131327Carmen14,Gabriela131327Carmen,Gabriela131327Carmen14,Tarde,Con otros familiares,Hizo ejercicio o dio paseo,Hizo ejercicio o dio paseo,1,1,1,1,1,10,10,Parques Naturales o Plazas,13,135,19:00:00,,135,135,135,135,135,1350,1350,
Gabriela131327Carmen15,Gabriela131327Carmen,Gabriela131327Carmen15,Noche,Con su pareja,Caminó a algún lado,"Viajó a algún lado (coche, caminando, bicicleta)",1,3,1,1,1,10,10,"Viajó a algún lado (coche, caminando, bicicleta)",13,30,20:00:00,10,30,90,30,30,30,300,300,300
Gabriela131327Carmen16,Gabriela131327Carmen,Gabriela131327Carmen16,Noche,Con pareja e hijos,Preparó comida,"Tareas domésticas (comida, cuida a los hijos, mascotas)",1,1,1,1,1,9,9,Casa donde vive,13,30,21:00:00,10,30,30,30,30,30,270,270,300
Gabriela131327Carmen17,Gabriela131327Carmen,Gabriela131327Carmen17,Noche,Con pareja e hijos,Comió,"Dedicación personal (comió, bañó, descansó)",1,3,1,1,1,9,9,Casa donde vive,13,60,21:00:00,10,60,180,60,60,60,540,540,600
Gabriela131327Carmen18,Gabriela131327Carmen,Gabriela131327Carmen18,Noche,Estaba solo,Se baño o arregló,"Dedicación personal (comió, bañó, descansó)",1,1,1,1,1,10,10,Casa donde vive,13,30,22:00:00,,30,30,30,30,30,300,300,
Gabriela141204Paula1,Gabriela141204Paula,Gabriela141204Paula1,Mañana,Con sus hijos jóvenes o nietos,Comió,"Dedicación personal (comió, bañó, descansó)",4,1,9,8,8,5,5,Casa donde vive,14,15,7:00:00,8,60,15,135,120,120,75,75,120
Gabriela141204Paula2,Gabriela141204Paula,Gabriela141204Paula2,Mañana,Estaba solo,Se baño o arregló,"Dedicación personal (comió, bañó, descansó)",2,2,2,2,1,10,9,Casa donde vive,14,120,8:00:00,,240,240,240,240,120,1200,1080,
Gabriela141204Paula3,Gabriela141204Paula,Gabriela141204Paula3,Mañana,Estaba solo,Viajó en coche/colectivo/moto,"Viajó a algún lado (coche, caminando, bicicleta)",2,2,2,2,2,9,9,"Viajó a algún lado (coche, caminando, bicicleta)",12,20,9:00:00,,40,40,40,40,40,180,180,
Gabriela141204Paula4,Gabriela141204Paula,Gabriela141204Paula4,Mañana,"Personal de servicios, responsables de nuestra actividad, extraños ","Por salud (estudios, consulta)",Trámites o Salud,6,4,1,3,6,4,4,"Hospital, Clínica, Centro de Salud",12,120,10:00:00,8,720,480,120,360,720,480,480,960
Gabriela141204Paula5,Gabriela141204Paula,Gabriela141204Paula5,Mañana,Estaba solo,Viajó en coche/colectivo/moto,"Viajó a algún lado (coche, caminando, bicicleta)",2,2,2,2,2,8,2,"Viajó a algún lado (coche, caminando, bicicleta)",14,20,11:00:00,,40,40,40,40,40,160,40,
Gabriela141204Paula6,Gabriela141204Paula,Gabriela141204Paula6,Tarde,Estaba solo,Hizo tareas domésticas,"Tareas domésticas (comida, cuida a los hijos, mascotas)",2,2,2,2,8,2,5,Casa donde vive,14,120,13:00:00,,240,240,240,240,960,240,600,
Gabriela141204Paula7,Gabriela141204Paula,Gabriela141204Paula7,Tarde,Estaba solo,Otra actividad de ocio,"Entretenimiento (radio, televisión, computadora, juego en casa)",2,2,2,2,2,8,9,Casa donde vive,14,300,16:00:00,,600,600,600,600,600,2400,2700,
Gabriela141204Paula8,Gabriela141204Paula,Gabriela141204Paula8,Noche,Con su pareja,Viajó en coche/colectivo/moto,"Viajó a algún lado (coche, caminando, bicicleta)",2,5,1,1,1,7,5,"Viajó a algún lado (coche, caminando, bicicleta)",10,10,19:00:00,8,20,50,10,10,10,70,50,80
Gabriela141204Paula9,Gabriela141204Paula,Gabriela141204Paula9,Noche,Con su pareja,Fue de compras,Compras,2,2,2,2,7,7,4,"Supermercado, despensa, verdulería, carnicería, dietética",10,50,19:00:00,8,100,100,100,100,350,350,200,400
Gabriela141204Paula10,Gabriela141204Paula,Gabriela141204Paula10,Noche,Con su pareja,Viajó en coche/colectivo/moto,"Viajó a algún lado (coche, caminando, bicicleta)",1,4,2,1,1,8,5,"Viajó a algún lado (coche, caminando, bicicleta)",14,10,20:00:00,9,10,40,20,10,10,80,50,90
Gabriela141204Paula11,Gabriela141204Paula,Gabriela141204Paula11,Noche,Con pareja e hijos,Preparó comida,"Tareas domésticas (comida, cuida a los hijos, mascotas)",2,2,2,2,2,8,2,Casa donde vive,14,60,20:00:00,8,120,120,120,120,120,480,120,480
Gabriela141204Paula12,Gabriela141204Paula,Gabriela141204Paula12,Noche,Con pareja e hijos,Comió,"Dedicación personal (comió, bañó, descansó)",1,1,1,1,1,8,8,Casa donde vive,14,40,21:00:00,9,40,40,40,40,40,320,320,360
Gabriela14203Julieta1,Gabriela14203Julieta,Gabriela14203Julieta1,Mañana,Estaba solo,Se baño o arregló,"Dedicación personal (comió, bañó, descansó)",8,6,3,1,1,10,4,Casa donde vive,14,20,9:00:00,,160,120,60,20,20,200,80,
Gabriela14203Julieta2,Gabriela14203Julieta,Gabriela14203Julieta2,Mañana,Estaba solo,Comió,"Dedicación personal (comió, bañó, descansó)",2,2,1,1,1,10,10,Casa donde vive,14,35,9:00:00,,70,70,35,35,35,350,350,
Gabriela14203Julieta3,Gabriela14203Julieta,Gabriela14203Julieta3,Mañana,"Personal de servicios, responsables de nuestra actividad, extraños ",Viajó en coche/colectivo/moto,"Viajó a algún lado (coche, caminando, bicicleta)",1,1,1,1,1,10,10,"Viajó a algún lado (coche, caminando, bicicleta)",4,30,10:00:00,10,30,30,30,30,30,300,300,300
Gabriela14203Julieta4,Gabriela14203Julieta,Gabriela14203Julieta4,Mañana,Con compañeros de trabajo / escuela / club,Estudio,Leyó o estudió,1,1,1,1,1,10,7,"Escuela, Campus, u otro establecimiento educativo",4,120,11:00:00,9,120,120,120,120,120,1200,840,1080
Gabriela14203Julieta5,Gabriela14203Julieta,Gabriela14203Julieta5,Tarde,Con compañeros de trabajo / escuela / club,Comió,"Dedicación personal (comió, bañó, descansó)",1,1,1,1,1,8,10,"Escuela, Campus, u otro establecimiento educativo",4,30,12:00:00,10,30,30,30,30,30,240,300,300
Gabriela14203Julieta6,Gabriela14203Julieta,Gabriela14203Julieta6,Tarde,Con compañeros de trabajo / escuela / club,Estudio,Leyó o estudió,1,5,1,1,1,1,1,"Escuela, Campus, u otro establecimiento educativo",4,120,13:00:00,10,120,600,120,120,120,120,120,1200
Gabriela14203Julieta7,Gabriela14203Julieta,Gabriela14203Julieta7,Tarde,Estaba solo,"Descansó (siesta,tomar mate, té o café)","Dedicación personal (comió, bañó, descansó)",1,8,1,1,1,10,7,"Escuela, Campus, u otro establecimiento educativo",4,30,15:00:00,,30,240,30,30,30,300,210,
Gabriela14203Julieta8,Gabriela14203Julieta,Gabriela14203Julieta8,Tarde,Con otros familiares,"Descansó (siesta,tomar mate, té o café)","Dedicación personal (comió, bañó, descansó)",2,1,1,1,1,10,10,"Escuela, Campus, u otro establecimiento educativo",4,60,15:00:00,8,120,60,60,60,60,600,600,480
Gabriela14203Julieta9,Gabriela14203Julieta,Gabriela14203Julieta9,Tarde,Estaba solo,Leyó / Estudió,Leyó o estudió,1,6,1,1,1,9,8,"Escuela, Campus, u otro establecimiento educativo",4,180,17:00:00,,180,1080,180,180,180,1620,1440,
Gabriela14203Julieta10,Gabriela14203Julieta,Gabriela14203Julieta10,Noche,Con otros familiares,Viajó en coche/colectivo/moto,"Viajó a algún lado (coche, caminando, bicicleta)",1,1,1,1,1,10,10,"Viajó a algún lado (coche, caminando, bicicleta)",4,30,19:00:00,10,30,30,30,30,30,300,300,300
Gabriela14203Julieta11,Gabriela14203Julieta,Gabriela14203Julieta11,Noche,Con otros familiares,Habló con alguien,"Relaciones sociales (Charlar, cuidar, actividad religiosa, otras relaciones)",1,1,1,1,1,10,10,Casa de parientes,4,90,20:00:00,10,90,90,90,90,90,900,900,900
Gabriela14203Julieta12,Gabriela14203Julieta,Gabriela14203Julieta12,Noche,Con otros familiares,Comió,"Dedicación personal (comió, bañó, descansó)",1,1,1,1,1,10,10,Casa de parientes,4,120,22:00:00,10,120,120,120,120,120,1200,1200,1200
Gabriela14204María Laura1,Gabriela14204María Laura,Gabriela14204María Laura1,Mañana,Estaba solo,Se baño o arregló,"Dedicación personal (comió, bañó, descansó)",1,3,1,1,1,8,8,Casa donde vive,14,15,7:00:00,,15,45,15,15,15,120,120,
Gabriela14204María Laura2,Gabriela14204María Laura,Gabriela14204María Laura2,Mañana,Estaba solo,Comió,"Dedicación personal (comió, bañó, descansó)",1,3,1,1,1,9,9,Casa donde vive,14,40,7:00:00,,40,120,40,40,40,360,360,
Gabriela14204María Laura3,Gabriela14204María Laura,Gabriela14204María Laura3,Mañana,Estaba solo,Caminó a algún lado,"Viajó a algún lado (coche, caminando, bicicleta)",1,3,1,1,1,8,8,"Viajó a algún lado (coche, caminando, bicicleta)",14,10,8:00:00,,10,30,10,10,10,80,80,
Gabriela14204María Laura4,Gabriela14204María Laura,Gabriela14204María Laura4,Mañana,Con compañeros de trabajo / escuela / club,Viajó en coche/colectivo/moto,"Viajó a algún lado (coche, caminando, bicicleta)",1,1,1,1,1,9,9,"Viajó a algún lado (coche, caminando, bicicleta)",12,10,8:00:00,9,10,10,10,10,10,90,90,90
Gabriela14204María Laura5,Gabriela14204María Laura,Gabriela14204María Laura5,Mañana,Con compañeros de trabajo / escuela / club,Trabajó,Trabajó,1,1,1,1,3,9,9,Lugar de trabajo,12,300,10:00:00,9,300,300,300,300,900,2700,2700,2700
Gabriela14204María Laura6,Gabriela14204María Laura,Gabriela14204María Laura6,Tarde,Con compañeros de trabajo / escuela / club,Viajó en coche/colectivo/moto,"Viajó a algún lado (coche, caminando, bicicleta)",1,1,1,1,1,9,9,"Viajó a algún lado (coche, caminando, bicicleta)",14,10,13:00:00,9,10,10,10,10,10,90,90,90
Gabriela14204María Laura7,Gabriela14204María Laura,Gabriela14204María Laura7,Tarde,Con sus hijos adultos,Preparó comida,"Tareas domésticas (comida, cuida a los hijos, mascotas)",1,1,1,1,1,9,10,Casa donde vive,14,20,13:00:00,9,20,20,20,20,20,180,200,180
Gabriela14204María Laura8,Gabriela14204María Laura,Gabriela14204María Laura8,Tarde,Con sus hijos adultos,Comió,"Dedicación personal (comió, bañó, descansó)",1,1,1,1,1,9,10,Casa donde vive,14,30,14:00:00,10,30,30,30,30,30,270,300,300
Gabriela14204María Laura9,Gabriela14204María Laura,Gabriela14204María Laura9,Tarde,Estaba solo,Hizo tareas domésticas,"Tareas domésticas (comida, cuida a los hijos, mascotas)",1,1,1,1,1,9,8,Casa donde vive,14,30,14:00:00,,30,30,30,30,30,270,240,
Gabriela14204María Laura10,Gabriela14204María Laura,Gabriela14204María Laura10,Tarde,Estaba solo,"Descansó (siesta,tomar mate, té o café)","Dedicación personal (comió, bañó, descansó)",1,1,1,1,1,10,10,Casa donde vive,14,90,15:00:00,,90,90,90,90,90,900,900,
Gabriela14204María Laura11,Gabriela14204María Laura,Gabriela14204María Laura11,Tarde,Estaba solo,Viajó en coche/colectivo/moto,"Viajó a algún lado (coche, caminando, bicicleta)",3,1,1,2,1,8,8,"Viajó a algún lado (coche, caminando, bicicleta)",8,15,16:00:00,,45,15,15,30,15,120,120,
Gabriela14204María Laura12,Gabriela14204María Laura,Gabriela14204María Laura12,Tarde,Destinatario de nuestra actividad laboral (Cliente / paciente / alumno),Habló con alguien,"Relaciones sociales (Charlar, cuidar, actividad religiosa, otras relaciones)",6,1,3,2,3,8,9,Otros……..,8,150,17:00:00,8,900,150,450,300,450,1200,1350,1200
Gabriela14204María Laura13,Gabriela14204María Laura,Gabriela14204María Laura13,Noche,Estaba solo,Viajó en coche/colectivo/moto,"Viajó a algún lado (coche, caminando, bicicleta)",3,2,2,1,3,8,8,"Viajó a algún lado (coche, caminando, bicicleta)",14,15,19:00:00,,45,30,30,15,45,120,120,
Gabriela14204María Laura14,Gabriela14204María Laura,Gabriela14204María Laura14,Noche,Estaba solo,Hizo tareas domésticas,"Tareas domésticas (comida, cuida a los hijos, mascotas)",1,1,1,1,1,9,9,Casa donde vive,14,60,19:00:00,,60,60,60,60,60,540,540,
Gabriela14204María Laura15,Gabriela14204María Laura,Gabriela14204María Laura15,Noche,Con sus hijos adultos,Preparó comida,"Tareas domésticas (comida, cuida a los hijos, mascotas)",1,1,1,1,1,9,9,Casa donde vive,14,60,20:00:00,9,60,60,60,60,60,540,540,540
Gabriela14204María Laura16,Gabriela14204María Laura,Gabriela14204María Laura16,Noche,Con sus hijos adultos,Comió,"Dedicación personal (comió, bañó, descansó)",1,1,1,1,1,9,10,Casa donde vive,14,60,21:00:00,10,60,60,60,60,60,540,600,600
Gabriela14204María Laura17,Gabriela14204María Laura,Gabriela14204María Laura17,Noche,Con sus hijos adultos,Vió televisión,"Entretenimiento (radio, televisión, computadora, juego en casa)",1,1,1,1,1,10,10,Casa donde vive,14,60,22:00:00,10,60,60,60,60,60,600,600,600
Gabriela151203Fabián1,Gabriela151203Fabián,Gabriela151203Fabián1,Mañana,Con su pareja,"Descansó (siesta,tomar mate, té o café)","Dedicación personal (comió, bañó, descansó)",2,5,1,1,2,8,6,Casa donde vive,15,10,7:00:00,,20,50,10,10,20,80,60,
Gabriela151203Fabián2,Gabriela151203Fabián,Gabriela151203Fabián2,Mañana,Estaba solo,Viajó en coche/colectivo/moto,"Viajó a algún lado (coche, caminando, bicicleta)",8,5,2,2,5,7,8,"Viajó a algún lado (coche, caminando, bicicleta)",15,15,8:00:00,,120,75,30,30,75,105,120,
Gabriela151203Fabián3,Gabriela151203Fabián,Gabriela151203Fabián3,Mañana,Destinatario de nuestra actividad laboral (Cliente / paciente / alumno),Trabajó,Trabajó,5,2,5,2,5,3,7,Lugar de trabajo,15,270,10:00:00,7,1350,540,1350,540,1350,810,1890,1890
Gabriela151203Fabián4,Gabriela151203Fabián,Gabriela151203Fabián4,Tarde,Estaba solo,Viajó en coche/colectivo/moto,"Viajó a algún lado (coche, caminando, bicicleta)",5,2,4,2,6,5,6,"Viajó a algún lado (coche, caminando, bicicleta)",15,15,12:00:00,,75,30,60,30,90,75,90,
Gabriela151203Fabián5,Gabriela151203Fabián,Gabriela151203Fabián5,Tarde,Con sus hijos adultos,Comió,"Dedicación personal (comió, bañó, descansó)",4,5,4,2,5,7,7,Casa donde vive,15,30,13:00:00,7,120,150,120,60,150,210,210,210
Gabriela151203Fabián6,Gabriela151203Fabián,Gabriela151203Fabián6,Tarde,Estaba solo,"Descansó (siesta,tomar mate, té o café)","Dedicación personal (comió, bañó, descansó)",2,1,1,2,1,1,10,Casa donde vive,15,110,14:00:00,,220,110,110,220,110,110,1100,
Gabriela151203Fabián7,Gabriela151203Fabián,Gabriela151203Fabián7,Tarde,Estaba solo,Viajó en coche/colectivo/moto,"Viajó a algún lado (coche, caminando, bicicleta)",4,8,3,2,5,3,3,"Viajó a algún lado (coche, caminando, bicicleta)",10,15,15:00:00,,60,120,45,30,75,45,45,
Gabriela151203Fabián8,Gabriela151203Fabián,Gabriela151203Fabián8,Tarde,Destinatario de nuestra actividad laboral (Cliente / paciente / alumno),Trabajó,Trabajó,6,3,5,2,5,3,7,Lugar de trabajo,10,270,17:00:00,8,1620,810,1350,540,1350,810,1890,2160
Gabriela151203Fabián9,Gabriela151203Fabián,Gabriela151203Fabián9,Noche,Con su pareja,Trabajó,Trabajó,4,9,4,2,4,3,9,Lugar de trabajo,10,5,20:00:00,9,20,45,20,10,20,15,45,45
Gabriela151203Fabián10,Gabriela151203Fabián,Gabriela151203Fabián10,Noche,Con su pareja,Viajó en coche/colectivo/moto,"Viajó a algún lado (coche, caminando, bicicleta)",5,5,3,2,5,3,7,"Viajó a algún lado (coche, caminando, bicicleta)",15,15,20:00:00,8,75,75,45,30,75,45,105,120
Gabriela151203Fabián11,Gabriela151203Fabián,Gabriela151203Fabián11,Noche,Estaba solo,Se baño o arregló,"Dedicación personal (comió, bañó, descansó)",3,1,3,2,4,6,8,Casa donde vive,15,15,20:00:00,,45,15,45,30,60,90,120,
Gabriela151203Fabián12,Gabriela151203Fabián,Gabriela151203Fabián12,Noche,Con sus hijos jóvenes o nietos,Vió televisión,"Entretenimiento (radio, televisión, computadora, juego en casa)",4,1,2,2,2,8,9,Casa donde vive,15,75,21:00:00,9,300,75,150,150,150,600,675,675
Gabriela151203Fabián13,Gabriela151203Fabián,Gabriela151203Fabián13,Noche,Con pareja e hijos,Comió,"Dedicación personal (comió, bañó, descansó)",2,1,2,2,2,7,8,Casa donde vive,15,30,22:00:00,8,60,30,60,60,60,210,240,240
Gabriela151208Carlos1,Gabriela151208Carlos,Gabriela151208Carlos1,Mañana,Con su pareja,Comió,"Dedicación personal (comió, bañó, descansó)",2,2,2,2,2,10,10,Casa donde vive,15,30,7:00:00,10,60,60,60,60,60,300,300,300
Gabriela151208Carlos2,Gabriela151208Carlos,Gabriela151208Carlos2,Mañana,Estaba solo,Se baño o arregló,"Dedicación personal (comió, bañó, descansó)",1,1,1,1,"2,55303514376997",10,10,Casa donde vive,15,30,8:00:00,,30,30,30,30,"76,591054313099",300,300,
Gabriela151208Carlos3,Gabriela151208Carlos,Gabriela151208Carlos3,Mañana,Estaba solo,Viajó en coche/colectivo/moto,"Viajó a algún lado (coche, caminando, bicicleta)",2,2,2,2,1,10,10,"Viajó a algún lado (coche, caminando, bicicleta)",10,10,8:00:00,,20,20,20,20,10,100,100,
Gabriela151208Carlos4,Gabriela151208Carlos,Gabriela151208Carlos4,Mañana,Destinatario de nuestra actividad laboral (Cliente / paciente / alumno),Trabajó,Trabajó,2,2,2,2,2,10,10,Lugar de trabajo,10,260,10:00:00,10,520,520,520,520,520,2600,2600,2600
Gabriela151208Carlos5,Gabriela151208Carlos,Gabriela151208Carlos5,Tarde,Estaba solo,Viajó en coche/colectivo/moto,"Viajó a algún lado (coche, caminando, bicicleta)",2,2,2,1,2,9,8,"Viajó a algún lado (coche, caminando, bicicleta)",15,10,13:00:00,,20,20,20,10,20,90,80,
Gabriela151208Carlos6,Gabriela151208Carlos,Gabriela151208Carlos6,Tarde,Con su pareja,Comió,"Dedicación personal (comió, bañó, descansó)",2,2,2,2,1,10,10,Casa donde vive,15,50,13:00:00,10,100,100,100,100,50,500,500,500
Gabriela151208Carlos7,Gabriela151208Carlos,Gabriela151208Carlos7,Tarde,Estaba solo,"Descansó (siesta,tomar mate, té o café)","Dedicación personal (comió, bañó, descansó)",2,2,2,2,2,10,10,Casa donde vive,15,120,14:00:00,,240,240,240,240,240,1200,1200,
Gabriela151208Carlos8,Gabriela151208Carlos,Gabriela151208Carlos8,Tarde,Estaba solo,Viajó en coche/colectivo/moto,"Viajó a algún lado (coche, caminando, bicicleta)",2,2,2,2,2,9,9,"Viajó a algún lado (coche, caminando, bicicleta)",10,10,16:00:00,,20,20,20,20,20,90,90,
Gabriela151208Carlos9,Gabriela151208Carlos,Gabriela151208Carlos9,Tarde,Destinatario de nuestra actividad laboral (Cliente / paciente / alumno),Trabajó,Trabajó,2,2,2,2,2,10,10,Lugar de trabajo,10,260,18:00:00,9,520,520,520,520,520,2600,2600,2340
Gabriela151208Carlos10,Gabriela151208Carlos,Gabriela151208Carlos10,Noche,Estaba solo,Viajó en coche/colectivo/moto,"Viajó a algún lado (coche, caminando, bicicleta)",2,1,1,1,1,10,10,"Viajó a algún lado (coche, caminando, bicicleta)",15,10,20:00:00,,20,10,10,10,10,100,100,
Gabriela151208Carlos11,Gabriela151208Carlos,Gabriela151208Carlos11,Noche,Con su pareja,Otra actividad de ocio,"Entretenimiento (radio, televisión, computadora, juego en casa)",2,2,2,2,2,10,10,Casa donde vive,15,50,21:00:00,10,100,100,100,100,100,500,500,500
Gabriela151208Carlos12,Gabriela151208Carlos,Gabriela151208Carlos12,Noche,Con su pareja,Comió,"Dedicación personal (comió, bañó, descansó)",2,2,2,"1,62559846792212",2,10,10,Casa donde vive,15,60,21:00:00,10,120,120,120,"97,5359080753272",120,600,600,600
Gabriela151209Maria jose1,Gabriela151209Maria jose,Gabriela151209Maria jose1,Mañana,Estaba solo,Preparó comida,"Tareas domésticas (comida, cuida a los hijos, mascotas)",1,3,1,1,1,9,9,Casa donde vive,15,15,7:00:00,,15,45,15,15,15,135,135,
Gabriela151209Maria jose2,Gabriela151209Maria jose,Gabriela151209Maria jose2,Mañana,Estaba solo,Comió,"Dedicación personal (comió, bañó, descansó)",1,3,1,1,1,9,9,Casa donde vive,15,30,7:00:00,,30,90,30,30,30,270,270,
Gabriela151209Maria jose3,Gabriela151209Maria jose,Gabriela151209Maria jose3,Mañana,Estaba solo,Caminó a algún lado,"Viajó a algún lado (coche, caminando, bicicleta)",1,1,1,1,1,10,9,"Viajó a algún lado (coche, caminando, bicicleta)",15,15,8:00:00,,15,15,15,15,15,150,135,
Gabriela151209Maria jose4,Gabriela151209Maria jose,Gabriela151209Maria jose4,Mañana,Con compañeros de trabajo / escuela / club,Trabajó,Trabajó,8,8,2,1,3,8,10,Lugar de trabajo,15,240,10:00:00,9,1920,1920,480,240,720,1920,2400,2160
Gabriela151209Maria jose5,Gabriela151209Maria jose,Gabriela151209Maria jose5,Tarde,Estaba solo,Caminó a algún lado,"Viajó a algún lado (coche, caminando, bicicleta)",1,1,1,1,1,10,9,"Viajó a algún lado (coche, caminando, bicicleta)",15,15,12:00:00,,15,15,15,15,15,150,135,
Gabriela151209Maria jose6,Gabriela151209Maria jose,Gabriela151209Maria jose6,Tarde,Con pareja e hijos,Comió,"Dedicación personal (comió, bañó, descansó)",2,2,1,1,1,10,10,Casa donde vive,15,60,13:00:00,10,120,120,60,60,60,600,600,600
Gabriela151209Maria jose7,Gabriela151209Maria jose,Gabriela151209Maria jose7,Tarde,Con sus hijos adultos,Hizo tareas domésticas,"Tareas domésticas (comida, cuida a los hijos, mascotas)",6,3,1,1,1,8,5,Casa donde vive,15,120,14:00:00,9,720,360,120,120,120,960,600,1080
Gabriela151209Maria jose8,Gabriela151209Maria jose,Gabriela151209Maria jose8,Tarde,Estaba solo,"Descansó (siesta,tomar mate, té o café)","Dedicación personal (comió, bañó, descansó)",1,1,1,1,1,10,10,Casa donde vive,15,60,16:00:00,,60,60,60,60,60,600,600,
Gabriela151209Maria jose9,Gabriela151209Maria jose,Gabriela151209Maria jose9,Tarde,Con sus hijos adultos,Habló con alguien,"Relaciones sociales (Charlar, cuidar, actividad religiosa, otras relaciones)",1,1,1,1,1,10,10,Casa donde vive,15,90,17:00:00,10,90,90,90,90,90,900,900,900
Gabriela151209Maria jose10,Gabriela151209Maria jose,Gabriela151209Maria jose10,Noche,Estaba solo,Caminó a algún lado,"Viajó a algún lado (coche, caminando, bicicleta)",3,6,2,1,3,4,8,"Viajó a algún lado (coche, caminando, bicicleta)",15,5,18:00:00,,15,30,10,5,15,20,40,
Gabriela151209Maria jose11,Gabriela151209Maria jose,Gabriela151209Maria jose11,Noche,Destinatario de nuestra actividad laboral (Cliente / paciente / alumno),Fue de compras,Compras,3,6,2,1,3,4,8,"Supermercado, despensa, verdulería, carnicería, dietética",15,40,18:00:00,9,120,240,80,40,120,160,320,360
Gabriela151209Maria jose12,Gabriela151209Maria jose,Gabriela151209Maria jose12,Noche,Estaba solo,Caminó a algún lado,"Viajó a algún lado (coche, caminando, bicicleta)",6,6,2,1,3,4,8,"Viajó a algún lado (coche, caminando, bicicleta)",15,5,19:00:00,,30,30,10,5,15,20,40,
Gabriela151209Maria jose13,Gabriela151209Maria jose,Gabriela151209Maria jose13,Noche,Estaba solo,Vió televisión,"Entretenimiento (radio, televisión, computadora, juego en casa)",1,1,7,1,7,7,7,"Supermercado, despensa, verdulería, carnicería, dietética",15,60,19:00:00,,60,60,420,60,420,420,420,
Gabriela151209Maria jose14,Gabriela151209Maria jose,Gabriela151209Maria jose14,Noche,Con pareja e hijos,Leyó / Estudió,Leyó o estudió,1,1,1,1,1,1,10,"Supermercado, despensa, verdulería, carnicería, dietética",15,60,20:00:00,10,60,60,60,60,60,60,600,600
Gabriela151209Maria jose15,Gabriela151209Maria jose,Gabriela151209Maria jose15,Noche,Con pareja e hijos,Preparó comida,"Tareas domésticas (comida, cuida a los hijos, mascotas)",8,8,8,1,6,6,6,"Supermercado, despensa, verdulería, carnicería, dietética",15,90,21:00:00,8,720,720,720,90,540,540,540,720
Gabriela151209Maria jose16,Gabriela151209Maria jose,Gabriela151209Maria jose16,Noche,Estaba solo,Se baño o arregló,"Dedicación personal (comió, bañó, descansó)",1,1,1,1,1,10,10,"Supermercado, despensa, verdulería, carnicería, dietética",15,20,22:00:00,,20,20,20,20,20,200,200,
Gabriela151209Maria jose17,Gabriela151209Maria jose,Gabriela151209Maria jose17,Noche,Con su pareja,Tuvo relaciones íntimas,"Relaciones sociales (Charlar, cuidar, actividad religiosa, otras relaciones)",1,1,1,1,1,10,10,"Supermercado, despensa, verdulería, carnicería, dietética",15,40,23:00:00,10,40,40,40,40,40,400,400,400
Gabriela151211Agustina1,Gabriela151211Agustina,Gabriela151211Agustina1,Mañana,Estaba solo,Se baño o arregló,"Dedicación personal (comió, bañó, descansó)",2,9,9,2,5,5,5,Casa donde vive,15,10,7:00:00,,20,90,90,20,50,50,50,
Gabriela151211Agustina2,Gabriela151211Agustina,Gabriela151211Agustina2,Mañana,Estaba solo,Caminó a algún lado,"Viajó a algún lado (coche, caminando, bicicleta)",2,9,8,1,8,2,6,"Viajó a algún lado (coche, caminando, bicicleta)",15,5,7:00:00,,10,45,40,5,40,10,30,
Gabriela151211Agustina3,Gabriela151211Agustina,Gabriela151211Agustina3,Mañana,Con compañeros de trabajo / escuela / club,Estudio,Leyó o estudió,2,4,8,1,8,2,6,"Escuela, Campus, u otro establecimiento educativo",15,240,9:00:00,8,480,960,1920,240,1920,480,1440,1920
Gabriela151211Agustina4,Gabriela151211Agustina,Gabriela151211Agustina4,Mañana,Estaba solo,Caminó a algún lado,"Viajó a algún lado (coche, caminando, bicicleta)",3,3,3,1,2,8,8,"Viajó a algún lado (coche, caminando, bicicleta)",15,5,12:00:00,,15,15,15,5,10,40,40,
Gabriela151211Agustina5,Gabriela151211Agustina,Gabriela151211Agustina5,Mañana,Estaba solo,"Descansó (siesta,tomar mate, té o café)","Dedicación personal (comió, bañó, descansó)",1,1,1,1,1,9,9,Casa donde vive,15,265,14:00:00,,265,265,265,265,265,2385,2385,
Gabriela151211Agustina6,Gabriela151211Agustina,Gabriela151211Agustina6,Tarde,Con otros familiares,Comió,"Dedicación personal (comió, bañó, descansó)",2,2,2,1,1,8,8,Casa donde vive,15,60,16:00:00,9,120,120,120,60,60,480,480,540
Gabriela151211Agustina7,Gabriela151211Agustina,Gabriela151211Agustina7,Tarde,Estaba solo,Estudio,Leyó o estudió,2,2,2,1,2,9,7,Casa donde vive,15,120,18:00:00,,240,240,240,120,240,1080,840,
Gabriela151211Agustina8,Gabriela151211Agustina,Gabriela151211Agustina8,Noche,Estaba solo,Entretetenimiento con la computadora,"Entretenimiento (radio, televisión, computadora, juego en casa)",2,2,1,1,2,9,8,Casa donde vive,15,120,20:00:00,,240,240,120,120,240,1080,960,
Gabriela151211Agustina9,Gabriela151211Agustina,Gabriela151211Agustina9,Noche,Con otros familiares,Comió,"Dedicación personal (comió, bañó, descansó)",1,1,1,1,1,9,10,Casa donde vive,15,120,22:00:00,9,120,120,120,120,120,1080,1200,1080
Gabriela151211Claudio1,Gabriela151211Claudio,Gabriela151211Claudio1,Mañana,Estaba solo,"Descansó (siesta,tomar mate, té o café)","Dedicación personal (comió, bañó, descansó)",10,10,10,10,10,1,1,Casa donde vive,15,5,8:00:00,,50,50,50,50,50,5,5,
Gabriela151211Claudio2,Gabriela151211Claudio,Gabriela151211Claudio2,Mañana,Con compañeros de trabajo / escuela / club,Viajó en coche/colectivo/moto,"Viajó a algún lado (coche, caminando, bicicleta)",10,10,10,10,10,1,1,"Viajó a algún lado (coche, caminando, bicicleta)",15,60,8:00:00,1,600,600,600,600,600,60,60,60
Gabriela151211Claudio3,Gabriela151211Claudio,Gabriela151211Claudio3,Mañana,Con compañeros de trabajo / escuela / club,Trabajó,Trabajó,10,10,10,10,10,1,1,Lugar de trabajo,15,180,10:00:00,1,1800,1800,1800,1800,1800,180,180,180
Gabriela151211Claudio4,Gabriela151211Claudio,Gabriela151211Claudio4,Tarde,Con otros familiares,Comió,"Dedicación personal (comió, bañó, descansó)",10,10,10,10,10,1,5,Lugar de trabajo,15,85,12:00:00,5,850,850,850,850,850,85,425,425
Gabriela151211Claudio5,Gabriela151211Claudio,Gabriela151211Claudio5,Tarde,Con compañeros de trabajo / escuela / club,Viajó en coche/colectivo/moto,"Viajó a algún lado (coche, caminando, bicicleta)",10,10,10,10,10,1,1,"Viajó a algún lado (coche, caminando, bicicleta)",FZ,60,13:00:00,1,600,600,600,600,600,60,60,60
Gabriela151211Claudio6,Gabriela151211Claudio,Gabriela151211Claudio6,Tarde,Con compañeros de trabajo / escuela / club,Trabajó,Trabajó,10,10,10,10,10,1,1,Lugar de trabajo,FZ,240,16:00:00,2,2400,2400,2400,2400,2400,240,240,480
Gabriela151211Claudio7,Gabriela151211Claudio,Gabriela151211Claudio7,Noche,Con compañeros de trabajo / escuela / club,Viajó en coche/colectivo/moto,"Viajó a algún lado (coche, caminando, bicicleta)",10,10,10,10,10,1,1,"Viajó a algún lado (coche, caminando, bicicleta)",15,60,18:00:00,1,600,600,600,600,600,60,60,60
Gabriela151211Claudio8,Gabriela151211Claudio,Gabriela151211Claudio8,Noche,Estaba solo,Se baño o arregló,"Dedicación personal (comió, bañó, descansó)",10,10,10,10,"2,55303514376997",3,6,Casa donde vive,15,10,19:00:00,,100,100,100,100,"25,5303514376997",30,60,
Gabriela151211Claudio9,Gabriela151211Claudio,Gabriela151211Claudio9,Noche,Estaba solo,Caminó a algún lado,"Viajó a algún lado (coche, caminando, bicicleta)",10,10,10,10,10,1,5,"Viajó a algún lado (coche, caminando, bicicleta)",12,20,19:00:00,,200,200,200,200,200,20,100,
Gabriela151211Claudio10,Gabriela151211Claudio,Gabriela151211Claudio10,Noche,Con amigos,Otra actividad de ocio,"Entretenimiento (radio, televisión, computadora, juego en casa)",10,10,10,10,10,10,5,Bar o café,12,60,20:00:00,5,600,600,600,600,600,600,300,300
Gabriela151211Claudio11,Gabriela151211Claudio,Gabriela151211Claudio11,Noche,Estaba solo,Caminó a algún lado,"Viajó a algún lado (coche, caminando, bicicleta)",10,10,10,10,10,2,1,"Viajó a algún lado (coche, caminando, bicicleta)",15,30,21:00:00,,300,300,300,300,300,60,30,
Gabriela151211Claudio12,Gabriela151211Claudio,Gabriela151211Claudio12,Noche,Con otros familiares,Comió,"Dedicación personal (comió, bañó, descansó)",10,10,10,10,10,2,5,Casa donde vive,15,90,22:00:00,5,900,900,900,900,900,180,450,450
Gabriela2315Amadeo1,Gabriela2315Amadeo,Gabriela2315Amadeo1,Mañana,Estaba solo,Se baño o arregló,"Dedicación personal (comió, bañó, descansó)",3,5,1,1,1,9,9,Casa donde vive,2,15,9:00:00,,45,75,15,15,15,135,135,
Gabriela2315Amadeo2,Gabriela2315Amadeo,Gabriela2315Amadeo2,Mañana,Estaba solo,Viajó en coche/colectivo/moto,"Viajó a algún lado (coche, caminando, bicicleta)",2,3,1,1,2,8,8,"Viajó a algún lado (coche, caminando, bicicleta)",2,10,9:00:00,,20,30,10,10,20,80,80,
Gabriela2315Amadeo3,Gabriela2315Amadeo,Gabriela2315Amadeo3,Mañana,"Personal de servicios, responsables de nuestra actividad, extraños ","Por salud (estudios, consulta)",Trámites o Salud,2,1,4,1,5,5,8,"Escuela, Campus, u otro establecimiento educativo",2,120,10:00:00,8,240,120,480,120,600,600,960,960
Gabriela2315Amadeo4,Gabriela2315Amadeo,Gabriela2315Amadeo4,Tarde,Con sus hijos adultos,Viajó en coche/colectivo/moto,"Viajó a algún lado (coche, caminando, bicicleta)",2,3,1,1,2,6,6,"Viajó a algún lado (coche, caminando, bicicleta)",3,20,11:00:00,1,40,60,20,20,40,120,120,20
Gabriela2315Amadeo5,Gabriela2315Amadeo,Gabriela2315Amadeo5,Tarde,Estaba solo,Preparó comida,"Tareas domésticas (comida, cuida a los hijos, mascotas)",2,5,2,1,3,6,9,Casa de los padres,3,15,12:00:00,,30,75,30,15,45,90,135,
Gabriela2315Amadeo6,Gabriela2315Amadeo,Gabriela2315Amadeo6,Tarde,Estaba solo,Comió,"Dedicación personal (comió, bañó, descansó)",2,5,2,2,2,8,8,Casa de los padres,3,15,12:00:00,,30,75,30,30,30,120,120,
Gabriela2315Amadeo7,Gabriela2315Amadeo,Gabriela2315Amadeo7,Tarde,Estaba solo,Viajó en coche/colectivo/moto,"Viajó a algún lado (coche, caminando, bicicleta)",2,3,2,2,3,8,8,"Viajó a algún lado (coche, caminando, bicicleta)",13,10,12:00:00,,20,30,20,20,30,80,80,
Gabriela2315Amadeo8,Gabriela2315Amadeo,Gabriela2315Amadeo8,Tarde,Con compañeros de trabajo / escuela / club,Trabajó,Trabajó,2,3,5,1,5,5,5,Lugar de trabajo,13,360,15:00:00,7,720,1080,1800,360,1800,1800,1800,2520
Gabriela2315Amadeo9,Gabriela2315Amadeo,Gabriela2315Amadeo9,Noche,Estaba solo,Viajó en coche/colectivo/moto,"Viajó a algún lado (coche, caminando, bicicleta)",2,2,1,1,2,7,6,"Viajó a algún lado (coche, caminando, bicicleta)",2,10,18:00:00,,20,20,10,10,20,70,60,
Gabriela2315Amadeo10,Gabriela2315Amadeo,Gabriela2315Amadeo10,Noche,Estaba solo,Preparó comida,"Tareas domésticas (comida, cuida a los hijos, mascotas)",2,3,2,1,2,8,9,Casa donde vive,2,20,18:00:00,,40,60,40,20,40,160,180,
Gabriela2315Amadeo11,Gabriela2315Amadeo,Gabriela2315Amadeo11,Noche,Con su pareja,Comió,"Dedicación personal (comió, bañó, descansó)",2,2,1,1,2,8,9,Casa donde vive,2,20,19:00:00,9,40,40,20,20,40,160,180,180
Gabriela2315Amadeo12,Gabriela2315Amadeo,Gabriela2315Amadeo12,Noche,Con su pareja,Vió televisión,"Entretenimiento (radio, televisión, computadora, juego en casa)",2,2,2,1,2,8,6,Casa donde vive,2,60,19:00:00,9,120,120,120,60,120,480,360,540
Gabriela3313Maria Elena1,Gabriela3313Maria Elena,Gabriela3313Maria Elena1,Mañana,Estaba solo,Comió,"Dedicación personal (comió, bañó, descansó)",5,2,1,1,1,10,10,Casa donde vive,3,15,9:00:00,,75,30,15,15,15,150,150,
Gabriela3313Maria Elena2,Gabriela3313Maria Elena,Gabriela3313Maria Elena2,Mañana,Estaba solo,Se baño o arregló,"Dedicación personal (comió, bañó, descansó)",1,1,1,1,1,10,10,Casa donde vive,3,15,9:00:00,,15,15,15,15,15,150,150,
Gabriela3313Maria Elena3,Gabriela3313Maria Elena,Gabriela3313Maria Elena3,Mañana,Estaba solo,Viajó en coche/colectivo/moto,"Viajó a algún lado (coche, caminando, bicicleta)",1,1,1,1,1,10,10,"Viajó a algún lado (coche, caminando, bicicleta)",12,10,9:00:00,,10,10,10,10,10,100,100,
Gabriela3313Maria Elena4,Gabriela3313Maria Elena,Gabriela3313Maria Elena4,Mañana,Con compañeros de trabajo / escuela / club,Hizo ejercicio o dio paseo,Hizo ejercicio o dio paseo,1,1,1,1,1,10,10,Gimnasio y spa,12,60,10:00:00,10,60,60,60,60,60,600,600,600
Gabriela3313Maria Elena5,Gabriela3313Maria Elena,Gabriela3313Maria Elena5,Mañana,Estaba solo,Viajó en coche/colectivo/moto,"Viajó a algún lado (coche, caminando, bicicleta)",1,1,1,1,1,10,10,"Viajó a algún lado (coche, caminando, bicicleta)",3,10,10:00:00,,10,10,10,10,10,100,100,
Gabriela3313Maria Elena6,Gabriela3313Maria Elena,Gabriela3313Maria Elena6,Mañana,Estaba solo,Caminó a algún lado,"Viajó a algún lado (coche, caminando, bicicleta)",1,1,1,1,1,10,10,"Viajó a algún lado (coche, caminando, bicicleta)",3,5,10:00:00,,5,5,5,5,5,50,50,
Gabriela3313Maria Elena7,Gabriela3313Maria Elena,Gabriela3313Maria Elena7,Mañana,"Personal de servicios, responsables de nuestra actividad, extraños ",Fue de compras,Compras,3,1,1,1,1,10,10,"Supermercado, despensa, verdulería, carnicería, dietética",3,40,11:00:00,10,120,40,40,40,40,400,400,400
Gabriela3313Maria Elena8,Gabriela3313Maria Elena,Gabriela3313Maria Elena8,Mañana,Estaba solo,Caminó a algún lado,"Viajó a algún lado (coche, caminando, bicicleta)",1,1,1,1,1,10,10,"Viajó a algún lado (coche, caminando, bicicleta)",3,5,11:00:00,,5,5,5,5,5,50,50,
Gabriela3313Maria Elena9,Gabriela3313Maria Elena,Gabriela3313Maria Elena9,Mañana,Estaba solo,Preparó comida,"Tareas domésticas (comida, cuida a los hijos, mascotas)",1,3,1,1,1,10,10,Casa donde vive,3,60,12:00:00,,60,180,60,60,60,600,600,
Gabriela3313Maria Elena10,Gabriela3313Maria Elena,Gabriela3313Maria Elena10,Tarde,Con sus hijos adultos,Comió,"Dedicación personal (comió, bañó, descansó)",1,1,1,1,1,10,10,Casa donde vive,3,75,13:00:00,10,75,75,75,75,75,750,750,750
Gabriela3313Maria Elena11,Gabriela3313Maria Elena,Gabriela3313Maria Elena11,Tarde,Estaba solo,Hizo tareas domésticas,"Tareas domésticas (comida, cuida a los hijos, mascotas)",1,1,1,1,1,10,10,Casa donde vive,3,60,14:00:00,,60,60,60,60,60,600,600,
Gabriela3313Maria Elena12,Gabriela3313Maria Elena,Gabriela3313Maria Elena12,Tarde,Estaba solo,Se baño o arregló,"Dedicación personal (comió, bañó, descansó)",1,1,1,1,1,10,10,Casa donde vive,3,20,15:00:00,,20,20,20,20,20,200,200,
Gabriela3313Maria Elena13,Gabriela3313Maria Elena,Gabriela3313Maria Elena13,Tarde,Estaba solo,Viajó en coche/colectivo/moto,"Viajó a algún lado (coche, caminando, bicicleta)","2,65732484076433",1,1,1,1,10,10,"Viajó a algún lado (coche, caminando, bicicleta)",13,10,15:00:00,,"26,5732484076433",10,10,10,10,100,100,
Gabriela3313Maria Elena14,Gabriela3313Maria Elena,Gabriela3313Maria Elena14,Tarde,Destinatario de nuestra actividad laboral (Cliente / paciente / alumno),Realizó actividad religiosa,"Relaciones sociales (Charlar, cuidar, actividad religiosa, otras relaciones)",1,1,1,1,1,10,10,"Lugares de culto, Iglesia, etc.",13,90,16:00:00,10,90,90,90,90,90,900,900,900
Gabriela3313Maria Elena15,Gabriela3313Maria Elena,Gabriela3313Maria Elena15,Tarde,Estaba solo,Viajó en coche/colectivo/moto,"Viajó a algún lado (coche, caminando, bicicleta)",1,1,1,1,1,10,10,"Viajó a algún lado (coche, caminando, bicicleta)",12,30,17:00:00,,30,30,30,30,30,300,300,
Gabriela3313Maria Elena16,Gabriela3313Maria Elena,Gabriela3313Maria Elena16,Tarde,Con compañeros de trabajo / escuela / club,Otra actividad de ocio,"Entretenimiento (radio, televisión, computadora, juego en casa)",1,1,1,1,1,10,10,Gimnasio y spa,12,90,18:00:00,10,90,90,90,90,90,900,900,900
Gabriela3313Maria Elena17,Gabriela3313Maria Elena,Gabriela3313Maria Elena17,Noche,Estaba solo,Viajó en coche/colectivo/moto,"Viajó a algún lado (coche, caminando, bicicleta)",1,1,1,1,1,10,10,"Viajó a algún lado (coche, caminando, bicicleta)",13,10,18:00:00,,10,10,10,10,10,100,100,
Gabriela3313Maria Elena18,Gabriela3313Maria Elena,Gabriela3313Maria Elena18,Noche,Con otros familiares,Habló con alguien,"Relaciones sociales (Charlar, cuidar, actividad religiosa, otras relaciones)",1,1,1,1,1,10,10,Casa de parientes,13,90,19:00:00,10,90,90,90,90,90,900,900,900
Gabriela3313Maria Elena19,Gabriela3313Maria Elena,Gabriela3313Maria Elena19,Noche,Con otros familiares,Otra actividad de ocio,"Entretenimiento (radio, televisión, computadora, juego en casa)",1,1,1,1,1,10,10,Casa de parientes,13,45,20:00:00,10,45,45,45,45,45,450,450,450
Gabriela3313Maria Elena20,Gabriela3313Maria Elena,Gabriela3313Maria Elena20,Noche,Estaba solo,Viajó en coche/colectivo/moto,"Viajó a algún lado (coche, caminando, bicicleta)",1,1,1,1,3,10,10,"Viajó a algún lado (coche, caminando, bicicleta)",3,10,21:00:00,,10,10,10,10,30,100,100,
Gabriela3313Maria Elena21,Gabriela3313Maria Elena,Gabriela3313Maria Elena21,Noche,Estaba solo,Preparó comida,"Tareas domésticas (comida, cuida a los hijos, mascotas)",1,1,1,1,1,10,10,Casa donde vive,3,30,21:00:00,,30,30,30,30,30,300,300,
Gabriela41311Delfina1,Gabriela41311Delfina,Gabriela41311Delfina1,Mañana,Con amigos,Viajó en coche/colectivo/moto,"Viajó a algún lado (coche, caminando, bicicleta)",7,6,6,1,2,7,2,"Viajó a algún lado (coche, caminando, bicicleta)",12,30,8:00:00,9,210,180,180,30,60,210,60,270
Gabriela41311Delfina2,Gabriela41311Delfina,Gabriela41311Delfina2,Mañana,Con amigos,Trámites,Trámites o Salud,7,6,6,1,2,7,2,Locales de pago de servicios públicos u otros servicios en general,12,220,10:00:00,9,1540,1320,1320,220,440,1540,440,1980
Gabriela41311Delfina3,Gabriela41311Delfina,Gabriela41311Delfina3,Tarde,Con amigos,Viajó en coche/colectivo/moto,"Viajó a algún lado (coche, caminando, bicicleta)",7,6,6,1,2,7,2,"Viajó a algún lado (coche, caminando, bicicleta)",4,30,12:00:00,9,210,180,180,30,60,210,60,270
Gabriela41311Delfina4,Gabriela41311Delfina,Gabriela41311Delfina4,Tarde,Estaba solo,"Descansó (siesta,tomar mate, té o café)","Dedicación personal (comió, bañó, descansó)",4,6,2,1,4,8,9,Casa donde vive,4,30,13:00:00,,120,180,60,30,120,240,270,
Gabriela41311Delfina5,Gabriela41311Delfina,Gabriela41311Delfina5,Tarde,Con compañeros de trabajo / escuela / club,Caminó a algún lado,"Viajó a algún lado (coche, caminando, bicicleta)",6,7,1,1,3,9,8,"Viajó a algún lado (coche, caminando, bicicleta)",4,10,13:00:00,9,60,70,10,10,30,90,80,90
Gabriela41311Delfina6,Gabriela41311Delfina,Gabriela41311Delfina6,Tarde,Con compañeros de trabajo / escuela / club,Estudio,Leyó o estudió,6,7,2,1,3,9,8,"Escuela, Campus, u otro establecimiento educativo",4,120,14:00:00,9,720,840,240,120,360,1080,960,1080
Gabriela41311Delfina7,Gabriela41311Delfina,Gabriela41311Delfina7,Tarde,Con compañeros de trabajo / escuela / club,Viajó en coche/colectivo/moto,"Viajó a algún lado (coche, caminando, bicicleta)",3,7,4,1,1,8,3,"Viajó a algún lado (coche, caminando, bicicleta)",8,25,15:00:00,9,75,175,100,25,25,200,75,225
Gabriela41311Delfina8,Gabriela41311Delfina,Gabriela41311Delfina8,Tarde,Con amigos,Hizo ejercicio o dio paseo,Hizo ejercicio o dio paseo,9,7,4,1,3,8,8,Otros……..,8,30,16:00:00,9,270,210,120,30,90,240,240,270
Gabriela41311Delfina9,Gabriela41311Delfina,Gabriela41311Delfina9,Tarde,Con amigos,Viajó en coche/colectivo/moto,"Viajó a algún lado (coche, caminando, bicicleta)",2,2,2,1,1,9,6,"Viajó a algún lado (coche, caminando, bicicleta)",4,25,16:00:00,9,50,50,50,25,25,225,150,225
Gabriela41311Delfina10,Gabriela41311Delfina,Gabriela41311Delfina10,Tarde,Estaba solo,"Descansó (siesta,tomar mate, té o café)","Dedicación personal (comió, bañó, descansó)",2,2,1,1,1,10,9,Casa donde vive,4,135,18:00:00,,270,270,135,135,135,1350,1215,
Gabriela41311Delfina11,Gabriela41311Delfina,Gabriela41311Delfina11,Noche,Con amigos,Comió,"Dedicación personal (comió, bañó, descansó)",4,6,1,1,3,8,9,Casa donde vive,4,15,19:00:00,2,60,90,15,15,45,120,135,30
Gabriela41311Delfina12,Gabriela41311Delfina,Gabriela41311Delfina12,Noche,Estaba solo,Caminó a algún lado,"Viajó a algún lado (coche, caminando, bicicleta)",5,2,2,1,2,8,9,"Viajó a algún lado (coche, caminando, bicicleta)",4,20,19:00:00,,100,40,40,20,40,160,180,
Gabriela41311Delfina13,Gabriela41311Delfina,Gabriela41311Delfina13,Noche,Estaba solo,Caminó a algún lado,"Viajó a algún lado (coche, caminando, bicicleta)",5,2,2,1,2,8,9,"Viajó a algún lado (coche, caminando, bicicleta)",4,20,19:00:00,,100,40,40,20,40,160,180,
Gabriela41311Delfina14,Gabriela41311Delfina,Gabriela41311Delfina14,Noche,Con amigos,Se baño o arregló,"Dedicación personal (comió, bañó, descansó)",1,10,4,1,4,9,10,Casa donde vive,4,20,20:00:00,8,20,200,80,20,80,180,200,160
Gabriela41311Delfina15,Gabriela41311Delfina,Gabriela41311Delfina15,Noche,Con amigos,Comió,"Dedicación personal (comió, bañó, descansó)",6,5,1,1,5,8,8,Casa donde vive,4,60,20:00:00,9,360,300,60,60,300,480,480,540
Gabriela51309Aldana1,Gabriela51309Aldana,Gabriela51309Aldana1,Mañana,Estaba solo,Comió,"Dedicación personal (comió, bañó, descansó)",2,2,2,2,2,10,10,Casa donde vive,5,60,10:00:00,,120,120,120,120,120,600,600,
Gabriela51309Aldana2,Gabriela51309Aldana,Gabriela51309Aldana2,Mañana,Estaba solo,Leyó / Estudió,Leyó o estudió,2,2,2,2,"2,55303514376997",8,8,Casa donde vive,5,140,12:00:00,,280,280,280,280,"357,424920127796",1120,1120,
Gabriela51309Aldana3,Gabriela51309Aldana,Gabriela51309Aldana3,Tarde,Con otros familiares,Comió,"Dedicación personal (comió, bañó, descansó)",1,4,1,1,1,9,9,Casa donde vive,5,60,14:00:00,9,60,240,60,60,60,540,540,540
Gabriela51309Aldana4,Gabriela51309Aldana,Gabriela51309Aldana4,Tarde,Estaba solo,Viajó en coche/colectivo/moto,"Viajó a algún lado (coche, caminando, bicicleta)",2,5,1,1,1,9,8,"Viajó a algún lado (coche, caminando, bicicleta)",11,15,14:00:00,,30,75,15,15,15,135,120,
Gabriela51309Aldana5,Gabriela51309Aldana,Gabriela51309Aldana5,Tarde,Con amigos,Leyó / Estudió,Leyó o estudió,2,2,2,2,2,9,9,Casa de amigos,11,180,16:00:00,10,360,360,360,360,360,1620,1620,1800
Gabriela51309Aldana6,Gabriela51309Aldana,Gabriela51309Aldana6,Tarde,Estaba solo,Viajó en coche/colectivo/moto,"Viajó a algún lado (coche, caminando, bicicleta)",2,2,2,2,2,9,9,"Viajó a algún lado (coche, caminando, bicicleta)",6,15,18:00:00,,30,30,30,30,30,135,135,
Gabriela51309Aldana7,Gabriela51309Aldana,Gabriela51309Aldana7,Tarde,Destinatario de nuestra actividad laboral (Cliente / paciente / alumno),Trabajó,Trabajó,1,1,1,1,8,"7,29674537332483",9,"Escuela, Campus, u otro establecimiento educativo",6,70,18:00:00,8,70,70,70,70,560,"510,772176132738",630,560
Gabriela51309Aldana8,Gabriela51309Aldana,Gabriela51309Aldana8,Noche,Estaba solo,Caminó a algún lado,"Viajó a algún lado (coche, caminando, bicicleta)",1,4,1,1,1,8,6,"Viajó a algún lado (coche, caminando, bicicleta)",5,30,19:00:00,,30,120,30,30,30,240,180,
Gabriela51309Aldana9,Gabriela51309Aldana,Gabriela51309Aldana9,Noche,Con otros familiares,Comió,"Dedicación personal (comió, bañó, descansó)",1,1,1,1,1,9,9,Casa donde vive,5,30,20:00:00,9,30,30,30,30,30,270,270,270
Gabriela51309Aldana10,Gabriela51309Aldana,Gabriela51309Aldana10,Noche,Estaba solo,Otra actividad de ocio,"Entretenimiento (radio, televisión, computadora, juego en casa)",1,1,1,1,1,9,9,Casa donde vive,5,180,21:00:00,,180,180,180,180,180,1620,1620,
Gabriela61301Angel1,Gabriela61301Angel,Gabriela61301Angel1,Mañana,Con sus hijos adultos,"Descansó (siesta,tomar mate, té o café)","Dedicación personal (comió, bañó, descansó)",3,3,1,1,1,9,9,Casa donde vive,6,45,10:00:00,9,135,135,45,45,45,405,405,405
Gabriela61301Angel2,Gabriela61301Angel,Gabriela61301Angel2,Mañana,Estaba solo,Preparó comida,"Tareas domésticas (comida, cuida a los hijos, mascotas)",1,1,1,1,1,9,9,Casa donde vive,6,75,11:00:00,,75,75,75,75,75,675,675,
Gabriela61301Angel3,Gabriela61301Angel,Gabriela61301Angel3,Tarde,Con sus hijos adultos,Comió,"Dedicación personal (comió, bañó, descansó)",1,1,1,2,2,8,10,Casa donde vive,6,60,12:00:00,10,60,60,60,120,120,480,600,600
Gabriela61301Angel4,Gabriela61301Angel,Gabriela61301Angel4,Tarde,Con sus hijos adultos,Hizo tareas domésticas,"Tareas domésticas (comida, cuida a los hijos, mascotas)",1,1,3,2,3,9,8,Casa donde vive,6,90,14:00:00,10,90,90,270,180,270,810,720,900
Gabriela61301Angel5,Gabriela61301Angel,Gabriela61301Angel5,Tarde,Con sus hijos adultos,Vió televisión,"Entretenimiento (radio, televisión, computadora, juego en casa)",3,3,3,2,3,8,8,Casa donde vive,6,180,16:00:00,10,540,540,540,360,540,1440,1440,1800
Gabriela61301Angel6,Gabriela61301Angel,Gabriela61301Angel6,Tarde,Estaba solo,"Descansó (siesta,tomar mate, té o café)","Dedicación personal (comió, bañó, descansó)",1,1,3,2,3,8,8,Casa donde vive,6,60,18:00:00,,60,60,180,120,180,480,480,
Gabriela61301Angel7,Gabriela61301Angel,Gabriela61301Angel7,Noche,Estaba solo,Hizo tareas domésticas,"Tareas domésticas (comida, cuida a los hijos, mascotas)",3,2,3,2,3,8,8,Casa donde vive,6,90,19:00:00,,270,180,270,180,270,720,720,
Gabriela61301Angel8,Gabriela61301Angel,Gabriela61301Angel8,Noche,Estaba solo,Caminó a algún lado,"Viajó a algún lado (coche, caminando, bicicleta)",1,1,1,1,1,9,9,"Viajó a algún lado (coche, caminando, bicicleta)",6,10,20:00:00,,10,10,10,10,10,90,90,
Gabriela61301Angel9,Gabriela61301Angel,Gabriela61301Angel9,Noche,"Personal de servicios, responsables de nuestra actividad, extraños ",Fue de compras,Compras,1,2,2,2,2,9,9,"Supermercado, despensa, verdulería, carnicería, dietética",6,30,20:00:00,9,30,60,60,60,60,270,270,270
Gabriela61301Angel10,Gabriela61301Angel,Gabriela61301Angel10,Noche,Estaba solo,Caminó a algún lado,"Viajó a algún lado (coche, caminando, bicicleta)",3,2,3,2,2,8,8,"Viajó a algún lado (coche, caminando, bicicleta)",6,10,21:00:00,,30,20,30,20,20,80,80,
Gabriela61301Angel11,Gabriela61301Angel,Gabriela61301Angel11,Noche,Con sus hijos adultos,Preparó comida,"Tareas domésticas (comida, cuida a los hijos, mascotas)",1,1,1,1,1,10,10,Casa donde vive,6,40,21:00:00,9,40,40,40,40,40,400,400,360
Gabriela61301Angel12,Gabriela61301Angel,Gabriela61301Angel12,Noche,Con sus hijos adultos,Comió,"Dedicación personal (comió, bañó, descansó)",1,1,1,1,1,10,10,Casa donde vive,6,60,22:00:00,10,60,60,60,60,60,600,600,600
Gabriela61301Angel13,Gabriela61301Angel,Gabriela61301Angel13,Noche,Con sus hijos jóvenes o nietos,Vió televisión,"Entretenimiento (radio, televisión, computadora, juego en casa)",1,1,1,1,1,10,10,Casa donde vive,6,60,23:00:00,10,60,60,60,60,60,600,600,600
Gabriela61301Eugenia1,Gabriela61301Eugenia,Gabriela61301Eugenia1,Mañana,Con otros familiares,"Descansó (siesta,tomar mate, té o café)","Dedicación personal (comió, bañó, descansó)",1,1,1,1,1,9,8,Casa donde vive,6,30,11:00:00,9,30,30,30,30,30,270,240,270
Gabriela61301Eugenia2,Gabriela61301Eugenia,Gabriela61301Eugenia2,Mañana,Estaba solo,Se baño o arregló,"Dedicación personal (comió, bañó, descansó)",1,1,1,1,1,9,9,Casa donde vive,6,15,12:00:00,,15,15,15,15,15,135,135,
Gabriela61301Eugenia3,Gabriela61301Eugenia,Gabriela61301Eugenia3,Mañana,Con otros familiares,Otra actividad de ocio,"Entretenimiento (radio, televisión, computadora, juego en casa)",1,1,1,1,1,10,10,Casa donde vive,6,15,12:00:00,9,15,15,15,15,15,150,150,135
Gabriela61301Eugenia4,Gabriela61301Eugenia,Gabriela61301Eugenia4,Tarde,Con otros familiares,Comió,"Dedicación personal (comió, bañó, descansó)",1,1,1,1,1,10,10,Casa donde vive,6,30,12:00:00,10,30,30,30,30,30,300,300,300
Gabriela61301Eugenia5,Gabriela61301Eugenia,Gabriela61301Eugenia5,Tarde,Con otros familiares,Hizo tareas domésticas,"Tareas domésticas (comida, cuida a los hijos, mascotas)",1,1,1,1,1,9,8,Casa donde vive,6,60,13:00:00,9,60,60,60,60,60,540,480,540
Gabriela61301Eugenia6,Gabriela61301Eugenia,Gabriela61301Eugenia6,Tarde,Estaba solo,Otra actividad de ocio,"Entretenimiento (radio, televisión, computadora, juego en casa)",1,1,1,1,1,10,10,Casa donde vive,6,90,14:00:00,,90,90,90,90,90,900,900,
Gabriela61301Eugenia7,Gabriela61301Eugenia,Gabriela61301Eugenia7,Tarde,Estaba solo,Viajó en coche/colectivo/moto,"Viajó a algún lado (coche, caminando, bicicleta)",1,1,1,1,1,9,9,"Viajó a algún lado (coche, caminando, bicicleta)",12,30,15:00:00,,30,30,30,30,30,270,270,
Gabriela61301Eugenia8,Gabriela61301Eugenia,Gabriela61301Eugenia8,Tarde,Con amigos,Hizo ejercicio o dio paseo,Hizo ejercicio o dio paseo,1,1,1,1,1,10,10,Gimnasio y spa,12,180,17:00:00,10,180,180,180,180,180,1800,1800,1800
Gabriela61301Eugenia9,Gabriela61301Eugenia,Gabriela61301Eugenia9,Noche,Estaba solo,Viajó en coche/colectivo/moto,"Viajó a algún lado (coche, caminando, bicicleta)",1,1,1,1,1,10,10,"Viajó a algún lado (coche, caminando, bicicleta)",6,30,19:00:00,,30,30,30,30,30,300,300,
Gabriela61301Eugenia10,Gabriela61301Eugenia,Gabriela61301Eugenia10,Noche,Con otros familiares,Vió televisión,"Entretenimiento (radio, televisión, computadora, juego en casa)",1,1,1,1,1,10,10,Casa donde vive,6,150,20:00:00,10,150,150,150,150,150,1500,1500,1500
Gabriela61301Eugenia11,Gabriela61301Eugenia,Gabriela61301Eugenia11,Noche,Con otros familiares,Comió,"Dedicación personal (comió, bañó, descansó)",1,1,1,1,1,10,10,Casa donde vive,6,60,22:00:00,10,60,60,60,60,60,600,600,600
Gabriela61301Eugenia12,Gabriela61301Eugenia,Gabriela61301Eugenia12,Noche,Estaba solo,Otra actividad de ocio,"Entretenimiento (radio, televisión, computadora, juego en casa)",1,1,1,1,1,10,10,Casa donde vive,6,90,23:00:00,,90,90,90,90,90,900,900,
Gabriela61301María Rosa1,Gabriela61301María Rosa,Gabriela61301María Rosa1,Mañana,Estaba solo,"Descansó (siesta,tomar mate, té o café)","Dedicación personal (comió, bañó, descansó)",2,2,2,2,2,9,9,Casa donde vive,6,60,11:00:00,,120,120,120,120,120,540,540,
Gabriela61301María Rosa2,Gabriela61301María Rosa,Gabriela61301María Rosa2,Mañana,Estaba solo,Hizo tareas domésticas,"Tareas domésticas (comida, cuida a los hijos, mascotas)",1,1,1,1,1,9,9,Casa donde vive,6,90,12:00:00,,90,90,90,90,90,810,810,
Gabriela61301María Rosa3,Gabriela61301María Rosa,Gabriela61301María Rosa3,Tarde,Estaba solo,Vió televisión,"Entretenimiento (radio, televisión, computadora, juego en casa)",1,1,1,1,1,9,9,Casa donde vive,6,60,13:00:00,,60,60,60,60,60,540,540,
Gabriela61301María Rosa4,Gabriela61301María Rosa,Gabriela61301María Rosa4,Tarde,Con sus hijos jóvenes o nietos,Otra actividad de ocio,"Entretenimiento (radio, televisión, computadora, juego en casa)",1,1,1,1,1,10,10,Casa donde vive,6,240,16:00:00,,240,240,240,240,240,2400,2400,
Gabriela61301María Rosa5,Gabriela61301María Rosa,Gabriela61301María Rosa5,Noche,Estaba solo,Preparó comida,"Tareas domésticas (comida, cuida a los hijos, mascotas)",1,1,1,1,1,10,10,Casa donde vive,6,60,18:00:00,,60,60,60,60,60,600,600,
Gabriela61301María Rosa6,Gabriela61301María Rosa,Gabriela61301María Rosa6,Noche,Con sus hijos jóvenes o nietos,Comió,"Dedicación personal (comió, bañó, descansó)",1,1,1,1,1,9,9,Casa donde vive,6,60,19:00:00,9,60,60,60,60,60,540,540,540
Gabriela61301María Rosa7,Gabriela61301María Rosa,Gabriela61301María Rosa7,Noche,Con sus hijos jóvenes o nietos,Hizo tareas domésticas,"Tareas domésticas (comida, cuida a los hijos, mascotas)",1,1,1,1,1,10,10,Casa donde vive,6,60,20:00:00,10,60,60,60,60,60,600,600,600
Gabriela61301María Rosa8,Gabriela61301María Rosa,Gabriela61301María Rosa8,Noche,Estaba solo,Vió televisión,"Entretenimiento (radio, televisión, computadora, juego en casa)",1,1,1,1,1,10,10,Casa donde vive,6,120,22:00:00,,120,120,120,120,120,1200,1200,
Gabriela61307Virginia1,Gabriela61307Virginia,Gabriela61307Virginia1,Mañana,Estaba solo,Preparó comida,"Tareas domésticas (comida, cuida a los hijos, mascotas)",1,2,1,2,1,6,9,Casa donde vive,6,15,9:00:00,,15,30,15,30,15,90,135,
Gabriela61307Virginia2,Gabriela61307Virginia,Gabriela61307Virginia2,Mañana,Estaba solo,Trabajó,Trabajó,2,2,2,2,2,8,9,Casa donde vive,6,120,10:00:00,,240,240,240,240,240,960,1080,
Gabriela61307Virginia3,Gabriela61307Virginia,Gabriela61307Virginia3,Mañana,Estaba solo,Se baño o arregló,"Dedicación personal (comió, bañó, descansó)",2,2,1,2,1,8,9,Casa donde vive,6,30,12:00:00,,60,60,30,60,30,240,270,
Gabriela61307Virginia4,Gabriela61307Virginia,Gabriela61307Virginia4,Tarde,Estaba solo,Caminó a algún lado,"Viajó a algún lado (coche, caminando, bicicleta)",4,5,1,3,1,7,6,"Viajó a algún lado (coche, caminando, bicicleta)",6,5,12:00:00,,20,25,5,15,5,35,30,
Gabriela61307Virginia5,Gabriela61307Virginia,Gabriela61307Virginia5,Tarde,"Personal de servicios, responsables de nuestra actividad, extraños ",Fue de compras,Compras,4,5,1,3,1,7,6,"Supermercado, despensa, verdulería, carnicería, dietética",6,20,12:00:00,8,80,100,20,60,20,140,120,160
Gabriela61307Virginia6,Gabriela61307Virginia,Gabriela61307Virginia6,Tarde,Estaba solo,Caminó a algún lado,"Viajó a algún lado (coche, caminando, bicicleta)",4,5,1,2,1,5,6,"Viajó a algún lado (coche, caminando, bicicleta)",6,5,12:00:00,,20,25,5,10,5,25,30,
Gabriela61307Virginia7,Gabriela61307Virginia,Gabriela61307Virginia7,Tarde,Estaba solo,Preparó comida,"Tareas domésticas (comida, cuida a los hijos, mascotas)",2,2,2,2,2,8,9,Casa donde vive,6,90,13:00:00,,180,180,180,180,180,720,810,
Gabriela61307Virginia8,Gabriela61307Virginia,Gabriela61307Virginia8,Tarde,Con otros familiares,Comió,"Dedicación personal (comió, bañó, descansó)",9,9,6,2,2,7,9,Casa donde vive,6,30,14:00:00,9,270,270,180,60,60,210,270,270
Gabriela61307Virginia9,Gabriela61307Virginia,Gabriela61307Virginia9,Tarde,Estaba solo,Trabajó,Trabajó,2,2,2,2,2,8,9,Casa donde vive,6,180,16:00:00,,360,360,360,360,360,1440,1620,
Gabriela61307Virginia10,Gabriela61307Virginia,Gabriela61307Virginia10,Tarde,Con amigos,Viajó en coche/colectivo/moto,"Viajó a algún lado (coche, caminando, bicicleta)",6,9,7,4,6,3,6,"Viajó a algún lado (coche, caminando, bicicleta)",12,30,18:00:00,6,180,270,210,120,180,90,180,180
Gabriela61307Virginia11,Gabriela61307Virginia,Gabriela61307Virginia11,Noche,Con otros familiares,Caminó a algún lado,"Viajó a algún lado (coche, caminando, bicicleta)",4,2,8,5,4,4,6,"Viajó a algún lado (coche, caminando, bicicleta)",0,90,19:00:00,4,360,180,720,450,360,360,540,360
Gabriela61307Virginia12,Gabriela61307Virginia,Gabriela61307Virginia12,Noche,Con compañeros de trabajo / escuela / club,Trabajó,Trabajó,4,8,2,2,1,4,2,"Viajó a algún lado (coche, caminando, bicicleta)",0,30,20:00:00,7,120,240,60,60,30,120,60,210
Gabriela61307Virginia13,Gabriela61307Virginia,Gabriela61307Virginia13,Noche,Estaba solo,Caminó a algún lado,"Viajó a algún lado (coche, caminando, bicicleta)",2,2,2,5,2,8,9,"Viajó a algún lado (coche, caminando, bicicleta)",12,10,20:00:00,,20,20,20,50,20,80,90,
Gabriela61307Virginia14,Gabriela61307Virginia,Gabriela61307Virginia14,Noche,Con otros familiares,"Descansó (siesta,tomar mate, té o café)","Dedicación personal (comió, bañó, descansó)",3,1,3,3,1,9,10,Bar o café,12,120,21:00:00,10,360,120,360,360,120,1080,1200,1200
Gabriela61307Virginia15,Gabriela61307Virginia,Gabriela61307Virginia15,Noche,Estaba solo,Viajó en coche/colectivo/moto,"Viajó a algún lado (coche, caminando, bicicleta)",2,2,2,2,2,10,8,"Viajó a algún lado (coche, caminando, bicicleta)",6,30,22:00:00,,60,60,60,60,60,300,240,
Gabriela61307Virginia16,Gabriela61307Virginia,Gabriela61307Virginia16,Noche,Estaba solo,Se baño o arregló,"Dedicación personal (comió, bañó, descansó)",2,2,2,2,2,8,8,Casa donde vive,6,50,23:00:00,,100,100,100,100,100,400,400,
Gabriela61308Juan Pablo1,Gabriela61308Juan Pablo,Gabriela61308Juan Pablo1,Mañana,Estaba solo,Hizo tareas domésticas,"Tareas domésticas (comida, cuida a los hijos, mascotas)",6,7,5,5,6,7,4,Casa donde vive,6,30,8:00:00,,180,210,150,150,180,210,120,
Gabriela61308Juan Pablo2,Gabriela61308Juan Pablo,Gabriela61308Juan Pablo2,Mañana,Estaba solo,Preparó comida,"Tareas domésticas (comida, cuida a los hijos, mascotas)",6,7,6,4,5,6,6,Casa donde vive,6,10,9:00:00,,60,70,60,40,50,60,60,
Gabriela61308Juan Pablo3,Gabriela61308Juan Pablo,Gabriela61308Juan Pablo3,Mañana,Estaba solo,Escucho radio ,"Entretenimiento (radio, televisión, computadora, juego en casa)",8,5,8,7,6,3,7,Casa donde vive,6,30,9:00:00,,240,150,240,210,180,90,210,
Gabriela61308Juan Pablo4,Gabriela61308Juan Pablo,Gabriela61308Juan Pablo4,Mañana,Estaba solo,Leyó / Estudió,Leyó o estudió,9,6,5,5,6,5,6,Casa donde vive,6,60,10:00:00,,540,360,300,300,360,300,360,
Gabriela61308Juan Pablo5,Gabriela61308Juan Pablo,Gabriela61308Juan Pablo5,Mañana,Estaba solo,Caminó a algún lado,"Viajó a algún lado (coche, caminando, bicicleta)",4,7,4,4,4,7,4,"Viajó a algún lado (coche, caminando, bicicleta)",5,10,10:00:00,,40,70,40,40,40,70,40,
Gabriela61308Juan Pablo6,Gabriela61308Juan Pablo,Gabriela61308Juan Pablo6,Mañana,Estaba solo,Viajó en coche/colectivo/moto,"Viajó a algún lado (coche, caminando, bicicleta)",6,6,5,5,5,5,5,"Viajó a algún lado (coche, caminando, bicicleta)",4,30,11:00:00,,180,180,150,150,150,150,150,
Gabriela61308Juan Pablo7,Gabriela61308Juan Pablo,Gabriela61308Juan Pablo7,Mañana,Con amigos,Habló con alguien,"Relaciones sociales (Charlar, cuidar, actividad religiosa, otras relaciones)",6,6,5,4,4,8,8,"Escuela, Campus, u otro establecimiento educativo",4,30,11:00:00,9,180,180,150,120,120,240,240,270
Gabriela61308Juan Pablo8,Gabriela61308Juan Pablo,Gabriela61308Juan Pablo8,Tarde,Estaba solo,Comió,"Dedicación personal (comió, bañó, descansó)",4,6,5,5,5,5,5,"Escuela, Campus, u otro establecimiento educativo",4,30,12:00:00,,120,180,150,150,150,150,150,
Gabriela61308Juan Pablo9,Gabriela61308Juan Pablo,Gabriela61308Juan Pablo9,Tarde,Con compañeros de trabajo / escuela / club,Trabajó,Trabajó,6,7,5,4,6,6,6,"Escuela, Campus, u otro establecimiento educativo",4,270,14:00:00,6,1620,1890,1350,1080,1620,1620,1620,1620
Gabriela61308Juan Pablo10,Gabriela61308Juan Pablo,Gabriela61308Juan Pablo10,Tarde,Estaba solo,Viajó en coche/colectivo/moto,"Viajó a algún lado (coche, caminando, bicicleta)",4,4,4,4,4,7,3,"Viajó a algún lado (coche, caminando, bicicleta)",12,30,17:00:00,,120,120,120,120,120,210,90,
Gabriela61308Juan Pablo11,Gabriela61308Juan Pablo,Gabriela61308Juan Pablo11,Tarde,Estaba solo,"Descansó (siesta,tomar mate, té o café)","Dedicación personal (comió, bañó, descansó)",5,4,4,4,4,7,8,Casa  de novio/a,12,30,17:00:00,,150,120,120,120,120,210,240,
Gabriela61308Juan Pablo12,Gabriela61308Juan Pablo,Gabriela61308Juan Pablo12,Noche,Estaba solo,Caminó a algún lado,"Viajó a algún lado (coche, caminando, bicicleta)",7,7,6,6,6,4,4,"Viajó a algún lado (coche, caminando, bicicleta)",12,40,18:00:00,,280,280,240,240,240,160,160,
Gabriela61308Juan Pablo13,Gabriela61308Juan Pablo,Gabriela61308Juan Pablo13,Noche,Destinatario de nuestra actividad laboral (Cliente / paciente / alumno),Trabajó,Trabajó,7,6,6,6,6,4,8,Lugar de trabajo,12,120,19:00:00,8,840,720,720,720,720,480,960,960
Gabriela61308Juan Pablo14,Gabriela61308Juan Pablo,Gabriela61308Juan Pablo14,Noche,Estaba solo,Viajó en coche/colectivo/moto,"Viajó a algún lado (coche, caminando, bicicleta)",4,4,5,5,5,7,5,"Viajó a algún lado (coche, caminando, bicicleta)",6,30,20:00:00,,120,120,150,150,150,210,150,
Gabriela61308Juan Pablo15,Gabriela61308Juan Pablo,Gabriela61308Juan Pablo15,Noche,Estaba solo,Preparó comida,"Tareas domésticas (comida, cuida a los hijos, mascotas)",4,4,4,4,4,8,6,Casa donde vive,6,30,21:00:00,,120,120,120,120,120,240,180,
Gabriela61308Juan Pablo16,Gabriela61308Juan Pablo,Gabriela61308Juan Pablo16,Noche,Estaba solo,Comió,"Dedicación personal (comió, bañó, descansó)",4,4,4,4,4,7,7,Casa donde vive,6,30,21:00:00,,120,120,120,120,120,210,210,
Gabriela61320Jorge1,Gabriela61320Jorge,Gabriela61320Jorge1,Mañana,Con su pareja,"Descansó (siesta,tomar mate, té o café)","Dedicación personal (comió, bañó, descansó)",2,3,1,1,1,9,9,Casa donde vive,6,60,10:00:00,9,120,180,60,60,60,540,540,540
Gabriela61320Jorge2,Gabriela61320Jorge,Gabriela61320Jorge2,Mañana,Con su pareja,Caminó a algún lado,"Viajó a algún lado (coche, caminando, bicicleta)",1,1,1,1,1,9,9,"Viajó a algún lado (coche, caminando, bicicleta)",6,30,11:00:00,9,30,30,30,30,30,270,270,270
Gabriela61320Jorge3,Gabriela61320Jorge,Gabriela61320Jorge3,Mañana,Con su pareja,Fue de compras,Compras,1,1,1,1,1,9,9,"Supermercado, despensa, verdulería, carnicería, dietética",6,90,12:00:00,10,90,90,90,90,90,810,810,900
Gabriela61320Jorge4,Gabriela61320Jorge,Gabriela61320Jorge4,Tarde,Con su pareja,Caminó a algún lado,"Viajó a algún lado (coche, caminando, bicicleta)",1,1,1,1,1,9,9,"Viajó a algún lado (coche, caminando, bicicleta)",6,30,13:00:00,9,30,30,30,30,30,270,270,270
Gabriela61320Jorge5,Gabriela61320Jorge,Gabriela61320Jorge5,Tarde,Con su pareja,Comió,"Dedicación personal (comió, bañó, descansó)",1,1,1,1,1,10,10,Casa donde vive,6,60,13:00:00,10,60,60,60,60,60,600,600,600
Gabriela61320Jorge6,Gabriela61320Jorge,Gabriela61320Jorge6,Tarde,Con su pareja,"Descansó (siesta,tomar mate, té o café)","Dedicación personal (comió, bañó, descansó)",1,1,1,1,1,10,10,Casa donde vive,6,90,15:00:00,9,90,90,90,90,90,900,900,810
Gabriela61320Jorge7,Gabriela61320Jorge,Gabriela61320Jorge7,Tarde,Con su pareja,Caminó a algún lado,"Viajó a algún lado (coche, caminando, bicicleta)",1,1,1,1,1,9,9,"Viajó a algún lado (coche, caminando, bicicleta)",13,30,16:00:00,10,30,30,30,30,30,270,270,300
Gabriela61320Jorge8,Gabriela61320Jorge,Gabriela61320Jorge8,Tarde,Con pareja e hijos,Habló con alguien,"Relaciones sociales (Charlar, cuidar, actividad religiosa, otras relaciones)",1,1,1,1,1,9,9,Casa de parientes,13,120,17:00:00,10,120,120,120,120,120,1080,1080,1200
Gabriela61320Jorge9,Gabriela61320Jorge,Gabriela61320Jorge9,Noche,Con su pareja,Caminó a algún lado,"Viajó a algún lado (coche, caminando, bicicleta)",1,1,1,1,1,9,9,"Viajó a algún lado (coche, caminando, bicicleta)",6,30,18:00:00,10,30,30,30,30,30,270,270,300
Gabriela61320Jorge10,Gabriela61320Jorge,Gabriela61320Jorge10,Noche,Con su pareja,Vió televisión,"Entretenimiento (radio, televisión, computadora, juego en casa)",1,1,1,1,1,9,9,Casa donde vive,6,90,19:00:00,10,90,90,90,90,90,810,810,900
Gabriela61320Jorge11,Gabriela61320Jorge,Gabriela61320Jorge11,Noche,Con su pareja,Comió,"Dedicación personal (comió, bañó, descansó)",1,1,1,1,1,9,9,Casa donde vive,6,90,21:00:00,10,90,90,90,90,90,810,810,900
Gabriela71220Abel1,Gabriela71220Abel,Gabriela71220Abel1,Mañana,Estaba solo,"Descansó (siesta,tomar mate, té o café)","Dedicación personal (comió, bañó, descansó)",1,1,1,1,1,8,9,Casa donde vive,7,15,8:00:00,,15,15,15,15,15,120,135,
Gabriela71220Abel2,Gabriela71220Abel,Gabriela71220Abel2,Mañana,Estaba solo,Hizo tareas domésticas,"Tareas domésticas (comida, cuida a los hijos, mascotas)",1,1,1,1,1,10,6,Casa donde vive,7,75,8:00:00,,75,75,75,75,75,750,450,
Gabriela71220Abel3,Gabriela71220Abel,Gabriela71220Abel3,Mañana,Estaba solo,Caminó a algún lado,"Viajó a algún lado (coche, caminando, bicicleta)",1,1,1,1,1,10,6,"Viajó a algún lado (coche, caminando, bicicleta)",6,40,9:00:00,,40,40,40,40,40,400,240,
Gabriela71220Abel4,Gabriela71220Abel,Gabriela71220Abel4,Mañana,"Personal de servicios, responsables de nuestra actividad, extraños ",Fue de compras,Compras,1,1,1,1,1,8,6,"Supermercado, despensa, verdulería, carnicería, dietética",6,60,10:00:00,9,60,60,60,60,60,480,360,540
Gabriela71220Abel5,Gabriela71220Abel,Gabriela71220Abel5,Mañana,Estaba solo,Caminó a algún lado,"Viajó a algún lado (coche, caminando, bicicleta)",1,1,1,1,1,9,7,"Viajó a algún lado (coche, caminando, bicicleta)",7,40,11:00:00,,40,40,40,40,40,360,280,
Gabriela71220Abel6,Gabriela71220Abel,Gabriela71220Abel6,Mañana,Estaba solo,Preparó comida,"Tareas domésticas (comida, cuida a los hijos, mascotas)",1,1,1,1,1,9,8,Casa donde vive,7,60,12:00:00,,60,60,60,60,60,540,480,
Gabriela71220Abel7,Gabriela71220Abel,Gabriela71220Abel7,Tarde,Estaba solo,Comió,"Dedicación personal (comió, bañó, descansó)",1,1,1,1,1,10,9,Casa donde vive,7,90,13:00:00,,90,90,90,90,90,900,810,
Gabriela71220Abel8,Gabriela71220Abel,Gabriela71220Abel8,Tarde,Estaba solo,Hizo tareas domésticas,"Tareas domésticas (comida, cuida a los hijos, mascotas)",1,1,1,1,1,9,7,Casa donde vive,7,20,14:00:00,,20,20,20,20,20,180,140,
Gabriela71220Abel9,Gabriela71220Abel,Gabriela71220Abel9,Tarde,Estaba solo,"Descansó (siesta,tomar mate, té o café)","Dedicación personal (comió, bañó, descansó)",1,1,1,1,1,9,9,Casa donde vive,7,50,15:00:00,,50,50,50,50,50,450,450,
Gabriela71220Abel10,Gabriela71220Abel,Gabriela71220Abel10,Tarde,Destinatario de nuestra actividad laboral (Cliente / paciente / alumno),Trabajó,Trabajó,1,1,1,1,1,9,9,Casa donde vive,7,300,17:00:00,9,300,300,300,300,300,2700,2700,2700
Gabriela71220Abel11,Gabriela71220Abel,Gabriela71220Abel11,Noche,Estaba solo,Preparó comida,"Tareas domésticas (comida, cuida a los hijos, mascotas)",1,1,1,1,1,9,7,Casa donde vive,7,90,21:00:00,,90,90,90,90,90,810,630,
Gabriela71220Abel12,Gabriela71220Abel,Gabriela71220Abel12,Noche,Estaba solo,Comió,"Dedicación personal (comió, bañó, descansó)",1,1,1,1,1,10,9,Casa donde vive,7,60,22:00:00,,60,60,60,60,60,600,540,
Gabriela71220Abel13,Gabriela71220Abel,Gabriela71220Abel13,Noche,Estaba solo,Vió televisión,"Entretenimiento (radio, televisión, computadora, juego en casa)",1,1,1,1,1,10,9,Casa donde vive,7,60,23:00:00,,60,60,60,60,60,600,540,
Gabriela71220Abel14,Gabriela71220Abel,Gabriela71220Abel14,Noche,Estaba solo,Se baño o arregló,"Dedicación personal (comió, bañó, descansó)",1,1,1,1,1,10,9,Casa donde vive,7,15,0:00:00,,15,15,15,15,15,150,135,
Gabriela71302Antonela1,Gabriela71302Antonela,Gabriela71302Antonela1,Mañana,Con pareja e hijos,Preparó comida,"Tareas domésticas (comida, cuida a los hijos, mascotas)",1,8,9,1,8,9,9,Casa donde vive,7,60,11:00:00,10,60,480,540,60,480,540,540,600
Gabriela71302Antonela2,Gabriela71302Antonela,Gabriela71302Antonela2,Tarde,Con su pareja,Preparó comida,"Tareas domésticas (comida, cuida a los hijos, mascotas)",1,1,1,1,1,9,9,Casa donde vive,7,60,12:00:00,8,60,60,60,60,60,540,540,480
Gabriela71302Antonela3,Gabriela71302Antonela,Gabriela71302Antonela3,Tarde,Con pareja e hijos,Hizo tareas domésticas,"Tareas domésticas (comida, cuida a los hijos, mascotas)",1,1,1,1,1,9,9,Casa donde vive,7,120,14:00:00,8,120,120,120,120,120,1080,1080,960
Gabriela71302Antonela4,Gabriela71302Antonela,Gabriela71302Antonela4,Tarde,Con pareja e hijos,Cuidó a los niños,"Tareas domésticas (comida, cuida a los hijos, mascotas)",1,1,1,1,1,8,9,Casa donde vive,7,120,16:00:00,9,120,120,120,120,120,960,1080,1080
Gabriela71302Antonela5,Gabriela71302Antonela,Gabriela71302Antonela5,Tarde,Estaba solo,Viajó en coche/colectivo/moto,"Viajó a algún lado (coche, caminando, bicicleta)",1,1,1,1,1,10,10,"Viajó a algún lado (coche, caminando, bicicleta)",15,15,17:00:00,,15,15,15,15,15,150,150,
Gabriela71302Antonela6,Gabriela71302Antonela,Gabriela71302Antonela6,Tarde,Con amigos,Hizo ejercicio o dio paseo,Hizo ejercicio o dio paseo,1,1,1,1,1,10,10,Clubes deportivos,15,90,18:00:00,9,90,90,90,90,90,900,900,810
Gabriela71302Antonela7,Gabriela71302Antonela,Gabriela71302Antonela7,Noche,Estaba solo,Viajó en coche/colectivo/moto,"Viajó a algún lado (coche, caminando, bicicleta)",1,1,1,1,1,8,8,"Viajó a algún lado (coche, caminando, bicicleta)",7,15,19:00:00,,15,15,15,15,15,120,120,
Gabriela71302Antonela8,Gabriela71302Antonela,Gabriela71302Antonela8,Noche,Con pareja e hijos,"Descansó (siesta,tomar mate, té o café)","Dedicación personal (comió, bañó, descansó)",1,1,1,1,1,10,10,Casa donde vive,7,60,19:00:00,10,60,60,60,60,60,600,600,600
Gabriela71302Antonela9,Gabriela71302Antonela,Gabriela71302Antonela9,Noche,Con su pareja,Preparó comida,"Tareas domésticas (comida, cuida a los hijos, mascotas)",1,1,1,1,1,9,8,Casa donde vive,7,90,21:00:00,8,90,90,90,90,90,810,720,720
Gabriela71302Antonela10,Gabriela71302Antonela,Gabriela71302Antonela10,Noche,Con pareja e hijos,Comió,"Dedicación personal (comió, bañó, descansó)",1,1,1,1,1,9,9,Casa donde vive,7,90,22:00:00,9,90,90,90,90,90,810,810,810
Gabriela71302Antonela11,Gabriela71302Antonela,Gabriela71302Antonela11,Noche,Estaba solo,Se baño o arregló,"Dedicación personal (comió, bañó, descansó)",1,1,1,1,1,9,9,Casa donde vive,7,30,23:00:00,,30,30,30,30,30,270,270,
Gabriela71302Antonela12,Gabriela71302Antonela,Gabriela71302Antonela12,Noche,Con su pareja,Vió televisión,"Entretenimiento (radio, televisión, computadora, juego en casa)",1,1,1,1,1,10,10,Casa donde vive,7,60,0:00:00,9,60,60,60,60,60,600,600,540
Gabriela71302Dario1,Gabriela71302Dario,Gabriela71302Dario1,Mañana,Estaba solo,Se baño o arregló,"Dedicación personal (comió, bañó, descansó)",7,1,1,1,1,8,5,Casa donde vive,7,5,10:00:00,,35,5,5,5,5,40,25,
Gabriela71302Dario2,Gabriela71302Dario,Gabriela71302Dario2,Mañana,Con otros familiares,Comió,"Dedicación personal (comió, bañó, descansó)",7,9,8,1,8,1,5,Casa donde vive,7,15,10:00:00,8,105,135,120,15,120,15,75,120
Gabriela71302Dario3,Gabriela71302Dario,Gabriela71302Dario3,Mañana,Con amigos,Viajó en coche/colectivo/moto,"Viajó a algún lado (coche, caminando, bicicleta)",8,8,7,1,7,1,8,"Viajó a algún lado (coche, caminando, bicicleta)",12,20,10:00:00,9,160,160,140,20,140,20,160,180
Gabriela71302Dario4,Gabriela71302Dario,Gabriela71302Dario4,Mañana,"Personal de servicios, responsables de nuestra actividad, extraños ",Trámites,Trámites o Salud,1,1,1,1,7,7,1,Locales de pago de servicios públicos u otros servicios en general,12,60,11:00:00,8,60,60,60,60,420,420,60,480
Gabriela71302Dario5,Gabriela71302Dario,Gabriela71302Dario5,Mañana,Estaba solo,Viajó en coche/colectivo/moto,"Viajó a algún lado (coche, caminando, bicicleta)",1,1,1,1,8,8,8,"Viajó a algún lado (coche, caminando, bicicleta)",7,10,11:00:00,,10,10,10,10,80,80,80,
Gabriela71302Dario6,Gabriela71302Dario,Gabriela71302Dario6,Mañana,Estaba solo,Vió televisión,"Entretenimiento (radio, televisión, computadora, juego en casa)",8,1,1,1,7,8,8,Casa donde vive,7,60,12:00:00,,480,60,60,60,420,480,480,
Gabriela71302Dario7,Gabriela71302Dario,Gabriela71302Dario7,Tarde,Con otros familiares,Comió,"Dedicación personal (comió, bañó, descansó)",8,8,1,1,6,5,9,Casa donde vive,7,90,13:00:00,9,720,720,90,90,540,450,810,810
Gabriela71302Dario8,Gabriela71302Dario,Gabriela71302Dario8,Tarde,Estaba solo,Hizo tareas domésticas,"Tareas domésticas (comida, cuida a los hijos, mascotas)",8,8,2,1,6,5,1,Casa donde vive,7,60,14:00:00,,480,480,120,60,360,300,60,
Gabriela71302Dario9,Gabriela71302Dario,Gabriela71302Dario9,Tarde,Estaba solo,Caminó a algún lado,"Viajó a algún lado (coche, caminando, bicicleta)",1,1,1,1,1,9,10,"Viajó a algún lado (coche, caminando, bicicleta)",7,15,15:00:00,,15,15,15,15,15,135,150,
Gabriela71302Dario10,Gabriela71302Dario,Gabriela71302Dario10,Tarde,Con amigos,Hizo ejercicio o dio paseo,Hizo ejercicio o dio paseo,1,1,1,1,1,8,9,Gimnasio y spa,7,120,16:00:00,10,120,120,120,120,120,960,1080,1200
Gabriela71302Dario11,Gabriela71302Dario,Gabriela71302Dario11,Tarde,Estaba solo,Caminó a algún lado,"Viajó a algún lado (coche, caminando, bicicleta)",5,1,1,1,1,9,5,"Viajó a algún lado (coche, caminando, bicicleta)",7,15,17:00:00,,75,15,15,15,15,135,75,
Gabriela71302Dario12,Gabriela71302Dario,Gabriela71302Dario12,Tarde,Estaba solo,Se baño o arregló,"Dedicación personal (comió, bañó, descansó)",1,1,1,1,1,9,9,Casa donde vive,7,30,18:00:00,,30,30,30,30,30,270,270,
Gabriela71302Dario13,Gabriela71302Dario,Gabriela71302Dario13,Noche,Con otros familiares,"Descansó (siesta,tomar mate, té o café)","Dedicación personal (comió, bañó, descansó)",1,1,1,1,1,8,8,Casa donde vive,7,60,18:00:00,8,60,60,60,60,60,480,480,480
Gabriela71302Dario14,Gabriela71302Dario,Gabriela71302Dario14,Noche,Estaba solo,Viajó en coche/colectivo/moto,"Viajó a algún lado (coche, caminando, bicicleta)",1,1,1,1,1,8,8,"Viajó a algún lado (coche, caminando, bicicleta)",13,60,19:00:00,,60,60,60,60,60,480,480,
Gabriela71302Dario15,Gabriela71302Dario,Gabriela71302Dario15,Noche,Con compañeros de trabajo / escuela / club,Habló con alguien,"Relaciones sociales (Charlar, cuidar, actividad religiosa, otras relaciones)",7,3,9,1,3,8,5,"Escuela, Campus, u otro establecimiento educativo",13,30,20:00:00,,210,90,270,30,90,240,150,
Gabriela71302Dario16,Gabriela71302Dario,Gabriela71302Dario16,Noche,Estaba solo,Viajó en coche/colectivo/moto,"Viajó a algún lado (coche, caminando, bicicleta)",1,1,7,1,3,3,8,"Viajó a algún lado (coche, caminando, bicicleta)",7,60,21:00:00,,60,60,420,60,180,180,480,
Gabriela71302Dario17,Gabriela71302Dario,Gabriela71302Dario17,Noche,Con otros familiares,Comió,"Dedicación personal (comió, bañó, descansó)",1,1,3,1,1,3,8,Casa donde vive,7,60,22:00:00,8,60,60,180,60,60,180,480,480
Gabriela71302Dario18,Gabriela71302Dario,Gabriela71302Dario18,Noche,Con otros familiares,Vió televisión,"Entretenimiento (radio, televisión, computadora, juego en casa)",1,1,1,1,2,9,9,Casa donde vive,7,60,23:00:00,9,60,60,60,60,120,540,540,540
Gabriela81218Sandra1,Gabriela81218Sandra,Gabriela81218Sandra1,Mañana,Estaba solo,Hizo tareas domésticas,"Tareas domésticas (comida, cuida a los hijos, mascotas)",4,10,2,8,10,2,10,Casa donde vive,8,90,7:00:00,,360,900,180,720,900,180,900,
Gabriela81218Sandra2,Gabriela81218Sandra,Gabriela81218Sandra2,Mañana,Estaba solo,Viajó en bicicleta,"Viajó a algún lado (coche, caminando, bicicleta)",8,10,5,3,2,8,8,"Viajó a algún lado (coche, caminando, bicicleta)",8,30,8:00:00,,240,300,150,90,60,240,240,
Gabriela81218Sandra3,Gabriela81218Sandra,Gabriela81218Sandra3,Mañana,Con compañeros de trabajo / escuela / club,Trabajó,Trabajó,2,5,2,2,2,9,9,Lugar de trabajo,8,480,12:00:00,10,960,2400,960,960,960,4320,4320,4800
Gabriela81218Sandra4,Gabriela81218Sandra,Gabriela81218Sandra4,Tarde,Estaba solo,Viajó en bicicleta,"Viajó a algún lado (coche, caminando, bicicleta)",10,10,5,2,5,10,10,"Viajó a algún lado (coche, caminando, bicicleta)",8,30,16:00:00,,300,300,150,60,150,300,300,
Gabriela81218Sandra5,Gabriela81218Sandra,Gabriela81218Sandra5,Tarde,Estaba solo,Caminó a algún lado,"Viajó a algún lado (coche, caminando, bicicleta)",2,5,2,2,2,10,5,"Viajó a algún lado (coche, caminando, bicicleta)",8,15,17:00:00,,30,75,30,30,30,150,75,
Gabriela81218Sandra6,Gabriela81218Sandra,Gabriela81218Sandra6,Tarde,"Personal de servicios, responsables de nuestra actividad, extraños ",Fue de compras,Compras,1,5,2,2,2,10,8,"Supermercado, despensa, verdulería, carnicería, dietética",8,60,17:00:00,9,60,300,120,120,120,600,480,540
Gabriela81218Sandra7,Gabriela81218Sandra,Gabriela81218Sandra7,Tarde,Estaba solo,Caminó a algún lado,"Viajó a algún lado (coche, caminando, bicicleta)",2,5,2,2,2,10,5,"Viajó a algún lado (coche, caminando, bicicleta)",8,15,18:00:00,,30,75,30,30,30,150,75,
Gabriela81218Sandra8,Gabriela81218Sandra,Gabriela81218Sandra8,Noche,Con su pareja,Preparó comida,"Tareas domésticas (comida, cuida a los hijos, mascotas)",5,2,8,2,2,5,8,Casa donde vive,8,30,18:00:00,10,150,60,240,60,60,150,240,300
Gabriela81218Sandra9,Gabriela81218Sandra,Gabriela81218Sandra9,Noche,Estaba solo,Hizo tareas domésticas,"Tareas domésticas (comida, cuida a los hijos, mascotas)",2,2,2,2,2,8,8,Casa donde vive,8,30,19:00:00,,60,60,60,60,60,240,240,
Gabriela81218Sandra10,Gabriela81218Sandra,Gabriela81218Sandra10,Noche,Con su pareja,Vió televisión,"Entretenimiento (radio, televisión, computadora, juego en casa)",8,2,2,2,2,8,9,Casa donde vive,8,120,20:00:00,10,960,240,240,240,240,960,1080,1200
Gabriela81218Sandra11,Gabriela81218Sandra,Gabriela81218Sandra11,Noche,Con su pareja,Comió,"Dedicación personal (comió, bañó, descansó)",8,2,2,2,2,8,9,Casa donde vive,8,40,21:00:00,9,320,80,80,80,80,320,360,360
Gabriela81218Sandra12,Gabriela81218Sandra,Gabriela81218Sandra12,Noche,Estaba solo,Se baño o arregló,"Dedicación personal (comió, bañó, descansó)",5,2,8,2,8,2,9,Casa donde vive,8,60,22:00:00,,300,120,480,120,480,120,540,
Gabriela9101Ester1,Gabriela9101Ester,Gabriela9101Ester1,Mañana,Estaba solo,Preparó comida,"Tareas domésticas (comida, cuida a los hijos, mascotas)",2,2,2,5,2,8,8,Casa donde vive,9,30,10:00:00,,60,60,60,150,60,240,240,
Gabriela9101Ester2,Gabriela9101Ester,Gabriela9101Ester2,Mañana,Estaba solo,Hizo tareas domésticas,"Tareas domésticas (comida, cuida a los hijos, mascotas)",1,1,1,1,1,10,10,Casa donde vive,9,110,11:00:00,,110,110,110,110,110,1100,1100,
Gabriela9101Ester3,Gabriela9101Ester,Gabriela9101Ester3,Tarde,Con otros familiares,Comió,"Dedicación personal (comió, bañó, descansó)",1,1,1,1,1,10,10,Casa donde vive,9,60,12:00:00,10,60,60,60,60,60,600,600,600
Gabriela9101Ester4,Gabriela9101Ester,Gabriela9101Ester4,Tarde,Con otros familiares,Vió televisión,"Entretenimiento (radio, televisión, computadora, juego en casa)",1,1,2,2,4,9,10,Casa donde vive,9,180,14:00:00,10,180,180,360,360,720,1620,1800,1800
Gabriela9101Ester5,Gabriela9101Ester,Gabriela9101Ester5,Tarde,Con amigos,"Descansó (siesta,tomar mate, té o café)","Dedicación personal (comió, bañó, descansó)",2,2,2,2,2,10,10,Casa donde vive,9,120,17:00:00,10,240,240,240,240,240,1200,1200,1200
Gabriela9101Ester6,Gabriela9101Ester,Gabriela9101Ester6,Noche,Estaba solo,Vió televisión,"Entretenimiento (radio, televisión, computadora, juego en casa)",1,1,1,1,1,10,10,Casa donde vive,9,60,18:00:00,,60,60,60,60,60,600,600,
Gabriela9101Ester7,Gabriela9101Ester,Gabriela9101Ester7,Noche,Estaba solo,Caminó a algún lado,"Viajó a algún lado (coche, caminando, bicicleta)",1,3,3,2,3,8,8,"Viajó a algún lado (coche, caminando, bicicleta)",9,10,19:00:00,,10,30,30,20,30,80,80,
Gabriela9101Ester8,Gabriela9101Ester,Gabriela9101Ester8,Noche,"Personal de servicios, responsables de nuestra actividad, extraños ",Fue de compras,Compras,3,3,3,2,2,8,8,"Supermercado, despensa, verdulería, carnicería, dietética",9,40,19:00:00,9,120,120,120,80,80,320,320,360
Gabriela9101Ester9,Gabriela9101Ester,Gabriela9101Ester9,Noche,Estaba solo,Caminó a algún lado,"Viajó a algún lado (coche, caminando, bicicleta)",1,1,2,2,2,8,8,"Viajó a algún lado (coche, caminando, bicicleta)",9,10,20:00:00,,10,10,20,20,20,80,80,
Gabriela9101Ester10,Gabriela9101Ester,Gabriela9101Ester10,Noche,Estaba solo,Preparó comida,"Tareas domésticas (comida, cuida a los hijos, mascotas)",2,2,2,4,3,10,10,Casa donde vive,9,90,21:00:00,,180,180,180,360,270,900,900,
Gabriela9101Ester11,Gabriela9101Ester,Gabriela9101Ester11,Noche,Estaba solo,Vió televisión,"Entretenimiento (radio, televisión, computadora, juego en casa)",2,1,1,3,2,9,9,Casa donde vive,9,60,22:00:00,,120,60,60,180,120,540,540,
Gabriela9101Ester12,Gabriela9101Ester,Gabriela9101Ester12,Noche,Con otros familiares,Comió,"Dedicación personal (comió, bañó, descansó)",1,1,1,1,1,9,10,Casa donde vive,9,60,23:00:00,9,60,60,60,60,60,540,600,540
Gabriela9101Ester13,Gabriela9101Ester,Gabriela9101Ester13,Noche,Estaba solo,Se baño o arregló,"Dedicación personal (comió, bañó, descansó)",1,1,1,1,1,9,9,Casa donde vive,9,30,0:00:00,,30,30,30,30,30,270,270,
Gabriela9101Julieta1,Gabriela9101Julieta,Gabriela9101Julieta1,Mañana,Estaba solo,Comió,"Dedicación personal (comió, bañó, descansó)",2,2,1,2,2,8,8,Casa donde vive,9,45,7:00:00,,90,90,45,90,90,360,360,
Gabriela9101Julieta2,Gabriela9101Julieta,Gabriela9101Julieta2,Mañana,Estaba solo,Hizo tareas domésticas,"Tareas domésticas (comida, cuida a los hijos, mascotas)",1,6,1,1,1,9,9,Casa donde vive,9,120,8:00:00,,120,720,120,120,120,1080,1080,
Gabriela9101Julieta3,Gabriela9101Julieta,Gabriela9101Julieta3,Mañana,Con pareja e hijos,Cuidó a los niños,"Tareas domésticas (comida, cuida a los hijos, mascotas)",2,3,2,2,3,8,9,Casa donde vive,9,180,11:00:00,9,360,540,360,360,540,1440,1620,1620
Gabriela9101Julieta4,Gabriela9101Julieta,Gabriela9101Julieta4,Tarde,Con pareja e hijos,Preparó comida,"Tareas domésticas (comida, cuida a los hijos, mascotas)",2,3,2,2,2,9,9,Casa donde vive,9,1,13:00:00,9,2,3,2,2,2,9,9,9
Gabriela9101Julieta5,Gabriela9101Julieta,Gabriela9101Julieta5,Tarde,Con pareja e hijos,Comió,"Dedicación personal (comió, bañó, descansó)",2,2,2,2,2,9,9,Casa donde vive,9,30,13:00:00,9,60,60,60,60,60,270,270,270
Gabriela9101Julieta6,Gabriela9101Julieta,Gabriela9101Julieta6,Tarde,Estaba solo,Escucho radio ,"Entretenimiento (radio, televisión, computadora, juego en casa)",2,2,2,2,2,9,9,Casa donde vive,9,120,14:00:00,,240,240,240,240,240,1080,1080,
Gabriela9101Julieta7,Gabriela9101Julieta,Gabriela9101Julieta7,Tarde,Estaba solo,"Descansó (siesta,tomar mate, té o café)","Dedicación personal (comió, bañó, descansó)",1,1,1,1,1,10,10,Casa donde vive,9,60,16:00:00,,60,60,60,60,60,600,600,
Gabriela9101Julieta8,Gabriela9101Julieta,Gabriela9101Julieta8,Tarde,Con sus hijos jóvenes o nietos,Vió televisión,"Entretenimiento (radio, televisión, computadora, juego en casa)",1,1,1,1,1,9,9,Casa donde vive,9,60,17:00:00,9,60,60,60,60,60,540,540,540
Gabriela9101Julieta9,Gabriela9101Julieta,Gabriela9101Julieta9,Noche,Con pareja e hijos,Hizo tareas domésticas,"Tareas domésticas (comida, cuida a los hijos, mascotas)",2,2,2,2,8,4,9,Casa donde vive,9,120,18:00:00,9,240,240,240,240,960,480,1080,1080
Gabriela9101Julieta10,Gabriela9101Julieta,Gabriela9101Julieta10,Noche,Estaba solo,Se baño o arregló,"Dedicación personal (comió, bañó, descansó)",4,8,2,1,6,8,9,Casa donde vive,9,30,19:00:00,,120,240,60,30,180,240,270,
Gabriela9101Julieta11,Gabriela9101Julieta,Gabriela9101Julieta11,Noche,Con pareja e hijos,Preparó comida,"Tareas domésticas (comida, cuida a los hijos, mascotas)",3,3,2,1,6,6,9,Casa donde vive,9,1,20:00:00,9,3,3,2,1,6,6,9,9
Gabriela9101Julieta12,Gabriela9101Julieta,Gabriela9101Julieta12,Noche,Con pareja e hijos,Comió,"Dedicación personal (comió, bañó, descansó)",2,1,1,1,1,9,9,Casa donde vive,9,1,20:00:00,9,2,1,1,1,1,9,9,9
Gabriela9101Julieta13,Gabriela9101Julieta,Gabriela9101Julieta13,Noche,Con pareja e hijos,Comió,"Dedicación personal (comió, bañó, descansó)",2,1,1,1,1,9,9,Casa donde vive,9,60,20:00:00,9,120,60,60,60,60,540,540,540
Gabriela9101Julieta14,Gabriela9101Julieta,Gabriela9101Julieta14,Noche,Con pareja e hijos,Hizo tareas domésticas,"Tareas domésticas (comida, cuida a los hijos, mascotas)",2,2,2,2,1,9,8,Casa donde vive,9,60,21:00:00,,120,120,120,120,60,540,480,
Gabriela9101Sergio1,Gabriela9101Sergio,Gabriela9101Sergio1,Mañana,Con su pareja,Comió,"Dedicación personal (comió, bañó, descansó)",5,9,1,1,7,8,9,Casa donde vive,9,15,8:00:00,10,75,135,15,15,105,120,135,150
Gabriela9101Sergio2,Gabriela9101Sergio,Gabriela9101Sergio2,Mañana,Estaba solo,Viajó en coche/colectivo/moto,"Viajó a algún lado (coche, caminando, bicicleta)",7,7,1,1,1,8,9,"Viajó a algún lado (coche, caminando, bicicleta)",9,50,9:00:00,,350,350,50,50,50,400,450,
Gabriela9101Sergio3,Gabriela9101Sergio,Gabriela9101Sergio3,Mañana,Destinatario de nuestra actividad laboral (Cliente / paciente / alumno),Trabajó,Trabajó,7,9,1,1,7,9,9,Casa donde vive,9,240,11:00:00,10,1680,2160,240,240,1680,2160,2160,2400
Gabriela9101Sergio4,Gabriela9101Sergio,Gabriela9101Sergio4,Tarde,Con otros familiares,Comió,"Dedicación personal (comió, bañó, descansó)",4,4,1,1,4,8,9,Casa donde vive,9,60,14:00:00,10,240,240,60,60,240,480,540,600
Gabriela9101Sergio5,Gabriela9101Sergio,Gabriela9101Sergio5,Tarde,Destinatario de nuestra actividad laboral (Cliente / paciente / alumno),Trabajó,Trabajó,3,4,1,1,4,8,9,Casa donde vive,9,360,17:00:00,9,1080,1440,360,360,1440,2880,3240,3240
Gabriela9101Sergio6,Gabriela9101Sergio,Gabriela9101Sergio6,Noche,Estaba solo,Viajó en coche/colectivo/moto,"Viajó a algún lado (coche, caminando, bicicleta)",4,6,1,1,4,9,9,"Viajó a algún lado (coche, caminando, bicicleta)",FZ,60,21:00:00,,240,360,60,60,240,540,540,
Gabriela9101Sergio7,Gabriela9101Sergio,Gabriela9101Sergio7,Noche,Con su pareja,Comió,"Dedicación personal (comió, bañó, descansó)",1,1,1,1,1,10,10,Otros……..,FZ,60,22:00:00,10,60,60,60,60,60,600,600,600
Gabriela9101Sergio8,Gabriela9101Sergio,Gabriela9101Sergio8,Noche,Con su pareja,Vió televisión,"Entretenimiento (radio, televisión, computadora, juego en casa)",4,1,1,1,1,10,10,Otros……..,FZ,60,23:00:00,10,240,60,60,60,60,600,600,600
Gabriela9102Enrique1,Gabriela9102Enrique,Gabriela9102Enrique1,Mañana,Con su pareja,Comió,"Dedicación personal (comió, bañó, descansó)",1,1,1,1,1,10,10,Casa donde vive,9,60,5:00:00,9,60,60,60,60,60,600,600,540
Gabriela9102Enrique2,Gabriela9102Enrique,Gabriela9102Enrique2,Mañana,Estaba solo,Trabajó,Trabajó,1,1,1,1,1,10,10,Casa donde vive,9,420,9:00:00,,420,420,420,420,420,4200,4200,
Gabriela9102Enrique3,Gabriela9102Enrique,Gabriela9102Enrique3,Tarde,Con su pareja,Comió,"Dedicación personal (comió, bañó, descansó)",1,1,1,1,1,10,10,Casa donde vive,9,45,13:00:00,9,45,45,45,45,45,450,450,405
Gabriela9102Enrique4,Gabriela9102Enrique,Gabriela9102Enrique4,Tarde,Estaba solo,"Descansó (siesta,tomar mate, té o café)","Dedicación personal (comió, bañó, descansó)",1,1,1,1,1,10,10,Casa donde vive,9,75,14:00:00,,75,75,75,75,75,750,750,
Gabriela9102Enrique5,Gabriela9102Enrique,Gabriela9102Enrique5,Tarde,Con su pareja,"Descansó (siesta,tomar mate, té o café)","Dedicación personal (comió, bañó, descansó)",1,1,1,1,1,10,10,Casa donde vive,9,30,15:00:00,10,30,30,30,30,30,300,300,300
Gabriela9102Enrique6,Gabriela9102Enrique,Gabriela9102Enrique6,Tarde,Estaba solo,Trabajó,Trabajó,1,1,1,1,1,10,10,Casa donde vive,9,210,17:00:00,,210,210,210,210,210,2100,2100,
Gabriela9102Enrique7,Gabriela9102Enrique,Gabriela9102Enrique7,Noche,Estaba solo,Caminó a algún lado,"Viajó a algún lado (coche, caminando, bicicleta)",1,1,1,1,1,10,10,"Viajó a algún lado (coche, caminando, bicicleta)",9,5,19:00:00,,5,5,5,5,5,50,50,
Gabriela9102Enrique8,Gabriela9102Enrique,Gabriela9102Enrique8,Noche,Con amigos,Otra actividad de ocio,"Entretenimiento (radio, televisión, computadora, juego en casa)",1,1,1,1,1,10,10,Clubes deportivos,9,110,20:00:00,10,110,110,110,110,110,1100,1100,1100
Gabriela9102Enrique9,Gabriela9102Enrique,Gabriela9102Enrique9,Noche,Estaba solo,Caminó a algún lado,"Viajó a algún lado (coche, caminando, bicicleta)",1,1,1,1,1,10,10,"Viajó a algún lado (coche, caminando, bicicleta)",9,5,21:00:00,,5,5,5,5,5,50,50,
Gabriela9102Enrique10,Gabriela9102Enrique,Gabriela9102Enrique10,Noche,Con su pareja,Comió,"Dedicación personal (comió, bañó, descansó)",1,1,1,1,1,10,10,Casa donde vive,9,60,21:00:00,10,60,60,60,60,60,600,600,600
Gabriela9102Enrique11,Gabriela9102Enrique,Gabriela9102Enrique11,Noche,Estaba solo,Se baño o arregló,"Dedicación personal (comió, bañó, descansó)",1,1,1,1,1,10,10,Casa donde vive,9,15,22:00:00,,15,15,15,15,15,150,150,
Gabriela9102Ezequiel1,Gabriela9102Ezequiel,Gabriela9102Ezequiel1,Mañana,Con pareja e hijos,Comió,"Dedicación personal (comió, bañó, descansó)",6,1,1,3,7,8,9,Casa donde vive,9,30,10:00:00,9,180,30,30,90,210,240,270,270
Gabriela9102Ezequiel2,Gabriela9102Ezequiel,Gabriela9102Ezequiel2,Mañana,Con sus hijos jóvenes o nietos,Hizo tareas domésticas,"Tareas domésticas (comida, cuida a los hijos, mascotas)",3,1,3,2,6,8,7,Casa donde vive,9,60,11:00:00,9,180,60,180,120,360,480,420,540
Gabriela9102Ezequiel3,Gabriela9102Ezequiel,Gabriela9102Ezequiel3,Mañana,Con sus hijos jóvenes o nietos,Preparó comida,"Tareas domésticas (comida, cuida a los hijos, mascotas)",3,1,1,1,3,9,9,Casa donde vive,9,60,12:00:00,9,180,60,60,60,180,540,540,540
Gabriela9102Ezequiel4,Gabriela9102Ezequiel,Gabriela9102Ezequiel4,Tarde,Con sus hijos jóvenes o nietos,Comió,"Dedicación personal (comió, bañó, descansó)",2,1,2,2,2,9,9,Casa donde vive,9,60,13:00:00,9,120,60,120,120,120,540,540,540
Gabriela9102Ezequiel5,Gabriela9102Ezequiel,Gabriela9102Ezequiel5,Tarde,Con sus hijos jóvenes o nietos,Vió televisión,"Entretenimiento (radio, televisión, computadora, juego en casa)",2,2,2,2,2,9,9,Casa donde vive,9,180,15:00:00,9,360,360,360,360,360,1620,1620,1620
Gabriela9102Ezequiel6,Gabriela9102Ezequiel,Gabriela9102Ezequiel6,Tarde,Con sus hijos jóvenes o nietos,Viajó en coche/colectivo/moto,"Viajó a algún lado (coche, caminando, bicicleta)",1,1,6,1,1,8,8,"Viajó a algún lado (coche, caminando, bicicleta)",5,30,17:00:00,10,30,30,180,30,30,240,240,300
Gabriela9102Ezequiel7,Gabriela9102Ezequiel,Gabriela9102Ezequiel7,Tarde,Con sus hijos jóvenes o nietos,Habló con alguien,"Relaciones sociales (Charlar, cuidar, actividad religiosa, otras relaciones)",1,1,1,1,1,10,10,Casa de los padres,5,180,18:00:00,10,180,180,180,180,180,1800,1800,1800
Gabriela9102Ezequiel8,Gabriela9102Ezequiel,Gabriela9102Ezequiel8,Noche,Con sus hijos jóvenes o nietos,Viajó en coche/colectivo/moto,"Viajó a algún lado (coche, caminando, bicicleta)",1,1,4,1,3,8,8,"Viajó a algún lado (coche, caminando, bicicleta)",9,30,20:00:00,9,30,30,120,30,90,240,240,270
Gabriela9102Ezequiel9,Gabriela9102Ezequiel,Gabriela9102Ezequiel9,Noche,Con pareja e hijos,Preparó comida,"Tareas domésticas (comida, cuida a los hijos, mascotas)",1,1,1,1,1,10,10,Casa donde vive,9,30,21:00:00,9,30,30,30,30,30,300,300,270
Gabriela9102Ezequiel10,Gabriela9102Ezequiel,Gabriela9102Ezequiel10,Noche,Con pareja e hijos,Comió,"Dedicación personal (comió, bañó, descansó)",1,1,1,1,1,10,10,Casa donde vive,9,60,21:00:00,9,60,60,60,60,60,600,600,540
Gabriela9102Ezequiel11,Gabriela9102Ezequiel,Gabriela9102Ezequiel11,Noche,Con pareja e hijos,Vió televisión,"Entretenimiento (radio, televisión, computadora, juego en casa)",1,1,1,1,1,10,10,Casa donde vive,9,60,22:00:00,9,60,60,60,60,60,600,600,540
Gabriela9102Guillermo1,Gabriela9102Guillermo,Gabriela9102Guillermo1,Mañana,Estaba solo,Comió,"Dedicación personal (comió, bañó, descansó)",4,1,4,1,4,8,9,Casa donde vive,9,15,6:00:00,,60,15,60,15,60,120,135,
Gabriela9102Guillermo2,Gabriela9102Guillermo,Gabriela9102Guillermo2,Mañana,Estaba solo,Caminó a algún lado,"Viajó a algún lado (coche, caminando, bicicleta)",4,3,3,1,1,8,8,"Viajó a algún lado (coche, caminando, bicicleta)",9,10,6:00:00,,40,30,30,10,10,80,80,
Gabriela9102Guillermo3,Gabriela9102Guillermo,Gabriela9102Guillermo3,Mañana,Con compañeros de trabajo / escuela / club,Viajó en coche/colectivo/moto,"Viajó a algún lado (coche, caminando, bicicleta)",3,1,2,1,2,8,9,"Viajó a algún lado (coche, caminando, bicicleta)",7,30,7:00:00,9,90,30,60,30,60,240,270,270
Gabriela9102Guillermo4,Gabriela9102Guillermo,Gabriela9102Guillermo4,Mañana,Con compañeros de trabajo / escuela / club,Trabajó,Trabajó,4,1,1,1,3,8,9,Lugar de trabajo,7,360,10:00:00,9,1440,360,360,360,1080,2880,3240,3240
Gabriela9102Guillermo5,Gabriela9102Guillermo,Gabriela9102Guillermo5,Tarde,Con compañeros de trabajo / escuela / club,Viajó en coche/colectivo/moto,"Viajó a algún lado (coche, caminando, bicicleta)",2,1,2,1,3,9,9,"Viajó a algún lado (coche, caminando, bicicleta)",9,30,13:00:00,9,60,30,60,30,90,270,270,270
Gabriela9102Guillermo6,Gabriela9102Guillermo,Gabriela9102Guillermo6,Tarde,Estaba solo,Caminó a algún lado,"Viajó a algún lado (coche, caminando, bicicleta)",4,1,1,1,2,8,8,"Viajó a algún lado (coche, caminando, bicicleta)",9,10,13:00:00,,40,10,10,10,20,80,80,
Gabriela9102Guillermo7,Gabriela9102Guillermo,Gabriela9102Guillermo7,Tarde,Estaba solo,Comió,"Dedicación personal (comió, bañó, descansó)",3,1,2,1,3,8,9,Casa donde vive,9,45,14:00:00,,135,45,90,45,135,360,405,
Gabriela9102Guillermo8,Gabriela9102Guillermo,Gabriela9102Guillermo8,Tarde,Estaba solo,"Descansó (siesta,tomar mate, té o café)","Dedicación personal (comió, bañó, descansó)",1,1,1,1,1,10,10,Casa donde vive,9,90,15:00:00,,90,90,90,90,90,900,900,
Gabriela9102Guillermo9,Gabriela9102Guillermo,Gabriela9102Guillermo9,Tarde,Estaba solo,Caminó a algún lado,"Viajó a algún lado (coche, caminando, bicicleta)",1,1,1,1,1,9,9,"Viajó a algún lado (coche, caminando, bicicleta)",10,10,16:00:00,,10,10,10,10,10,90,90,
Gabriela9102Guillermo10,Gabriela9102Guillermo,Gabriela9102Guillermo10,Tarde,Estaba solo,Fue de compras,Compras,3,1,1,1,3,9,10,"Supermercado, despensa, verdulería, carnicería, dietética",10,120,17:00:00,,360,120,120,120,360,1080,1200,
Gabriela9102Guillermo11,Gabriela9102Guillermo,Gabriela9102Guillermo11,Noche,Estaba solo,Caminó a algún lado,"Viajó a algún lado (coche, caminando, bicicleta)",3,1,1,1,1,9,10,"Viajó a algún lado (coche, caminando, bicicleta)",9,10,18:00:00,,30,10,10,10,10,90,100,
Gabriela9102Guillermo12,Gabriela9102Guillermo,Gabriela9102Guillermo12,Noche,Con su pareja,Vió televisión,"Entretenimiento (radio, televisión, computadora, juego en casa)",3,1,1,1,3,9,10,Casa donde vive,9,100,19:00:00,10,300,100,100,100,300,900,1000,1000
Gabriela9102Guillermo13,Gabriela9102Guillermo,Gabriela9102Guillermo13,Noche,Con su pareja,Comió,"Dedicación personal (comió, bañó, descansó)",4,1,3,1,3,8,8,Casa donde vive,9,60,20:00:00,10,240,60,180,60,180,480,480,600
Gabriela9102Guillermo14,Gabriela9102Guillermo,Gabriela9102Guillermo14,Noche,Estaba solo,Se baño o arregló,"Dedicación personal (comió, bañó, descansó)",3,1,1,1,1,9,10,Casa donde vive,9,20,21:00:00,,60,20,20,20,20,180,200,
Gabriela91214Emanuel1,Gabriela91214Emanuel,Gabriela91214Emanuel1,Mañana,Con otros familiares,Comió,"Dedicación personal (comió, bañó, descansó)",1,1,1,1,1,9,9,Casa donde vive,9,15,10:00:00,9,15,15,15,15,15,135,135,135
Gabriela91214Emanuel2,Gabriela91214Emanuel,Gabriela91214Emanuel2,Mañana,Con amigos,Caminó a algún lado,"Viajó a algún lado (coche, caminando, bicicleta)",1,1,1,1,1,10,10,"Viajó a algún lado (coche, caminando, bicicleta)",9,15,10:00:00,10,15,15,15,15,15,150,150,150
Gabriela91214Emanuel3,Gabriela91214Emanuel,Gabriela91214Emanuel3,Mañana,Con amigos,Hizo ejercicio o dio paseo,Hizo ejercicio o dio paseo,1,1,7,1,1,8,10,Cancha de futbol,9,120,11:00:00,9,120,120,840,120,120,960,1200,1080
Gabriela91214Emanuel4,Gabriela91214Emanuel,Gabriela91214Emanuel4,Tarde,Con amigos,Caminó a algún lado,"Viajó a algún lado (coche, caminando, bicicleta)",1,1,1,1,1,10,10,"Viajó a algún lado (coche, caminando, bicicleta)",9,15,13:00:00,9,15,15,15,15,15,150,150,135
Gabriela91214Emanuel5,Gabriela91214Emanuel,Gabriela91214Emanuel5,Tarde,Con otros familiares,Comió,"Dedicación personal (comió, bañó, descansó)",1,1,1,1,1,10,10,Casa donde vive,9,90,13:00:00,9,90,90,90,90,90,900,900,810
Gabriela91214Emanuel6,Gabriela91214Emanuel,Gabriela91214Emanuel6,Tarde,Con amigos,Viajó en bicicleta,"Viajó a algún lado (coche, caminando, bicicleta)",1,1,1,1,1,10,10,"Viajó a algún lado (coche, caminando, bicicleta)",9,15,14:00:00,10,15,15,15,15,15,150,150,150
Gabriela91214Emanuel7,Gabriela91214Emanuel,Gabriela91214Emanuel7,Tarde,Con amigos,Habló con alguien,"Relaciones sociales (Charlar, cuidar, actividad religiosa, otras relaciones)",1,1,1,1,1,10,10,Casa de amigos,9,300,17:00:00,10,300,300,300,300,300,3000,3000,3000
Gabriela91214Emanuel8,Gabriela91214Emanuel,Gabriela91214Emanuel8,Noche,Con amigos,Viajó en bicicleta,"Viajó a algún lado (coche, caminando, bicicleta)",1,1,1,1,1,9,9,"Viajó a algún lado (coche, caminando, bicicleta)",9,15,20:00:00,9,15,15,15,15,15,135,135,135
Gabriela91214Emanuel9,Gabriela91214Emanuel,Gabriela91214Emanuel9,Noche,Con otros familiares,Otra actividad de ocio,"Entretenimiento (radio, televisión, computadora, juego en casa)",1,1,1,1,1,9,9,Casa donde vive,9,75,20:00:00,9,75,75,75,75,75,675,675,675
Gabriela91214Emanuel10,Gabriela91214Emanuel,Gabriela91214Emanuel10,Noche,Con otros familiares,Comió,"Dedicación personal (comió, bañó, descansó)",1,1,1,1,1,9,9,Casa donde vive,9,30,21:00:00,9,30,30,30,30,30,270,270,270
Gabriela91214Emanuel11,Gabriela91214Emanuel,Gabriela91214Emanuel11,Noche,Con otros familiares,Vió televisión,"Entretenimiento (radio, televisión, computadora, juego en casa)",1,1,1,1,7,9,9,Casa donde vive,9,60,22:00:00,9,60,60,60,60,420,540,540,540
Gabriela91214Emanuel12,Gabriela91214Emanuel,Gabriela91214Emanuel12,Noche,Estaba solo,Se baño o arregló,"Dedicación personal (comió, bañó, descansó)",1,1,1,1,1,10,10,Casa donde vive,9,30,23:00:00,,30,30,30,30,30,300,300,
Gabriela91214María Cristina1,Gabriela91214María Cristina,Gabriela91214María Cristina1,Mañana,Estaba solo,Trabajó,Trabajó,2,5,2,2,5,4,8,Casa donde vive,9,180,8:00:00,,360,900,360,360,900,720,1440,
Gabriela91214María Cristina2,Gabriela91214María Cristina,Gabriela91214María Cristina2,Mañana,Estaba solo,Viajó en coche/colectivo/moto,"Viajó a algún lado (coche, caminando, bicicleta)",1,1,1,1,1,8,8,"Viajó a algún lado (coche, caminando, bicicleta)",9,10,10:00:00,,10,10,10,10,10,80,80,
Gabriela91214María Cristina3,Gabriela91214María Cristina,Gabriela91214María Cristina3,Mañana,Destinatario de nuestra actividad laboral (Cliente / paciente / alumno),Trabajó,Trabajó,1,1,1,1,1,8,7,Lugar de trabajo,9,210,12:00:00,10,210,210,210,210,210,1680,1470,2100
Gabriela91214María Cristina4,Gabriela91214María Cristina,Gabriela91214María Cristina4,Tarde,Estaba solo,Viajó en coche/colectivo/moto,"Viajó a algún lado (coche, caminando, bicicleta)",1,1,1,1,1,9,8,"Viajó a algún lado (coche, caminando, bicicleta)",15,10,13:00:00,,10,10,10,10,10,90,80,
Gabriela91214María Cristina5,Gabriela91214María Cristina,Gabriela91214María Cristina5,Tarde,Estaba solo,Hizo tareas domésticas,"Tareas domésticas (comida, cuida a los hijos, mascotas)",1,1,1,1,2,9,8,Casa donde vive,15,20,14:00:00,,20,20,20,20,40,180,160,
Gabriela91214María Cristina6,Gabriela91214María Cristina,Gabriela91214María Cristina6,Tarde,Estaba solo,Preparó comida,"Tareas domésticas (comida, cuida a los hijos, mascotas)",1,1,1,1,1,9,8,Casa donde vive,15,90,15:00:00,,90,90,90,90,90,810,720,
Gabriela91214María Cristina7,Gabriela91214María Cristina,Gabriela91214María Cristina7,Tarde,Con su pareja,Comió,"Dedicación personal (comió, bañó, descansó)",1,1,1,1,1,9,9,Casa donde vive,15,30,16:00:00,9,30,30,30,30,30,270,270,270
Gabriela91214María Cristina8,Gabriela91214María Cristina,Gabriela91214María Cristina8,Tarde,Estaba solo,Se baño o arregló,"Dedicación personal (comió, bañó, descansó)",1,1,1,1,1,10,10,Casa donde vive,15,45,16:00:00,,45,45,45,45,45,450,450,
Gabriela91214María Cristina9,Gabriela91214María Cristina,Gabriela91214María Cristina9,Tarde,Con su pareja,"Descansó (siesta,tomar mate, té o café)","Dedicación personal (comió, bañó, descansó)",1,1,1,1,1,9,9,Casa donde vive,15,60,17:00:00,9,60,60,60,60,60,540,540,540
Gabriela91214María Cristina10,Gabriela91214María Cristina,Gabriela91214María Cristina10,Tarde,Estaba solo,Vió televisión,"Entretenimiento (radio, televisión, computadora, juego en casa)",1,1,1,1,2,9,8,Casa donde vive,15,75,18:00:00,,75,75,75,75,150,675,600,
Gabriela91214María Cristina11,Gabriela91214María Cristina,Gabriela91214María Cristina11,Noche,Estaba solo,Caminó a algún lado,"Viajó a algún lado (coche, caminando, bicicleta)",1,1,1,1,1,9,8,"Viajó a algún lado (coche, caminando, bicicleta)",9,10,19:00:00,,10,10,10,10,10,90,80,
Gabriela91214María Cristina12,Gabriela91214María Cristina,Gabriela91214María Cristina12,Noche,Destinatario de nuestra actividad laboral (Cliente / paciente / alumno),Fue de compras,Compras,1,1,1,1,1,9,9,"Supermercado, despensa, verdulería, carnicería, dietética",9,40,19:00:00,10,40,40,40,40,40,360,360,400
Gabriela91214María Cristina13,Gabriela91214María Cristina,Gabriela91214María Cristina13,Noche,Estaba solo,Caminó a algún lado,"Viajó a algún lado (coche, caminando, bicicleta)",1,1,1,1,2,8,8,"Viajó a algún lado (coche, caminando, bicicleta)",9,10,20:00:00,,10,10,10,10,20,80,80,
Gabriela91214María Cristina14,Gabriela91214María Cristina,Gabriela91214María Cristina14,Noche,Estaba solo,Preparó comida,"Tareas domésticas (comida, cuida a los hijos, mascotas)",2,2,2,1,3,8,8,Casa donde vive,9,60,20:00:00,,120,120,120,60,180,480,480,
Gabriela91214María Cristina15,Gabriela91214María Cristina,Gabriela91214María Cristina15,Noche,Con su pareja,Comió,"Dedicación personal (comió, bañó, descansó)",1,1,1,1,1,9,9,Casa donde vive,9,60,21:00:00,9,60,60,60,60,60,540,540,540
Gabriela91214María Cristina16,Gabriela91214María Cristina,Gabriela91214María Cristina16,Noche,Con su pareja,Vió televisión,"Entretenimiento (radio, televisión, computadora, juego en casa)",1,1,1,1,1,9,9,Casa donde vive,9,90,23:00:00,10,90,90,90,90,90,810,810,900
Majo10110Hernán1,Majo10110Hernán,Majo10110Hernán1,Mañana,Estaba solo,Se baño o arregló,"Dedicación personal (comió, bañó, descansó)",2,2,7,2,2,5,8,Casa donde vive,10,20,6:00:00,,40,40,140,40,40,100,160,
Majo10110Hernán2,Majo10110Hernán,Majo10110Hernán2,Mañana,Estaba solo,Comió,"Dedicación personal (comió, bañó, descansó)",2,4,7,2,4,6,6,Casa donde vive,10,30,7:00:00,,60,120,210,60,120,180,180,
Majo10110Hernán3,Majo10110Hernán,Majo10110Hernán3,Mañana,Estaba solo,Viajó en coche/colectivo/moto,"Viajó a algún lado (coche, caminando, bicicleta)",2,5,5,2,5,4,6,"Viajó a algún lado (coche, caminando, bicicleta)",FZ,60,7:00:00,,120,300,300,120,300,240,360,
Majo10110Hernán4,Majo10110Hernán,Majo10110Hernán4,Mañana,Con compañeros de trabajo / escuela / club,Trabajó,Trabajó,3,3,3,2,5,8,7,Lugar de trabajo,FZ,540,12:00:00,8,1620,1620,1620,1080,2700,4320,3780,4320
Majo10110Hernán5,Majo10110Hernán,Majo10110Hernán5,Tarde,Estaba solo,Viajó en coche/colectivo/moto,"Viajó a algún lado (coche, caminando, bicicleta)",7,7,5,2,7,5,5,"Viajó a algún lado (coche, caminando, bicicleta)",4,75,17:00:00,,525,525,375,150,525,375,375,
Majo10110Hernán6,Majo10110Hernán,Majo10110Hernán6,Noche,Con sus hijos jóvenes o nietos,Viajó en coche/colectivo/moto,"Viajó a algún lado (coche, caminando, bicicleta)",5,3,3,2,3,7,7,"Viajó a algún lado (coche, caminando, bicicleta)",9,20,18:00:00,9,100,60,60,40,60,140,140,180
Majo10110Hernán7,Majo10110Hernán,Majo10110Hernán7,Noche,Con sus hijos jóvenes o nietos,Comió,"Dedicación personal (comió, bañó, descansó)",3,2,2,2,2,8,8,Casa donde vive,9,40,19:00:00,9,120,80,80,80,80,320,320,360
Majo10110Hernán8,Majo10110Hernán,Majo10110Hernán8,Noche,Con sus hijos jóvenes o nietos,Vió televisión,"Entretenimiento (radio, televisión, computadora, juego en casa)",3,2,2,2,2,7,8,Casa donde vive,9,75,20:00:00,9,225,150,150,150,150,525,600,675
Majo10110Hernán9,Majo10110Hernán,Majo10110Hernán9,Noche,Estaba solo,Viajó en coche/colectivo/moto,"Viajó a algún lado (coche, caminando, bicicleta)",3,6,3,2,3,7,8,"Viajó a algún lado (coche, caminando, bicicleta)",9,15,20:00:00,,45,90,45,30,45,105,120,
Majo10110Hernán10,Majo10110Hernán,Majo10110Hernán10,Noche,Con su pareja,Viajó en coche/colectivo/moto,"Viajó a algún lado (coche, caminando, bicicleta)",3,3,2,2,3,7,8,"Viajó a algún lado (coche, caminando, bicicleta)",9,15,21:00:00,9,45,45,30,30,45,105,120,135
Majo10110Hernán11,Majo10110Hernán,Majo10110Hernán11,Noche,Estaba solo,Entretetenimiento con la computadora,"Entretenimiento (radio, televisión, computadora, juego en casa)",2,2,2,2,2,8,8,Casa donde vive,9,60,21:00:00,,120,120,120,120,120,480,480,
Majo10110Hernán12,Majo10110Hernán,Majo10110Hernán12,Noche,Con pareja e hijos,Comió,"Dedicación personal (comió, bañó, descansó)",2,2,2,2,2,8,9,Casa donde vive,9,60,22:00:00,9,120,120,120,120,120,480,540,540
Majo10110Hernán13,Majo10110Hernán,Majo10110Hernán13,Noche,Con su pareja,Vió televisión,"Entretenimiento (radio, televisión, computadora, juego en casa)",2,2,2,2,2,8,8,Casa donde vive,9,90,0:00:00,9,180,180,180,180,180,720,720,810
Majo10211Ruben1,Majo10211Ruben,Majo10211Ruben1,Mañana,Estaba solo,Hizo ejercicio o dio paseo,Hizo ejercicio o dio paseo,2,2,2,2,2,9,9,Casa donde vive,10,30,6:00:00,,60,60,60,60,60,270,270,
Majo10211Ruben2,Majo10211Ruben,Majo10211Ruben2,Mañana,Estaba solo,Realizó actividad religiosa,"Relaciones sociales (Charlar, cuidar, actividad religiosa, otras relaciones)",2,2,2,2,2,8,9,Casa donde vive,10,20,7:00:00,,40,40,40,40,40,160,180,
Majo10211Ruben3,Majo10211Ruben,Majo10211Ruben3,Mañana,Con compañeros de trabajo / escuela / club,Comió,"Dedicación personal (comió, bañó, descansó)",2,7,2,2,2,9,9,Casa donde vive,10,20,7:00:00,9,40,140,40,40,40,180,180,180
Majo10211Ruben4,Majo10211Ruben,Majo10211Ruben4,Mañana,Estaba solo,Hizo tareas domésticas,"Tareas domésticas (comida, cuida a los hijos, mascotas)",2,2,2,2,2,9,8,Casa donde vive,10,30,7:00:00,,60,60,60,60,60,270,240,
Majo10211Ruben5,Majo10211Ruben,Majo10211Ruben5,Mañana,Estaba solo,Viajó en coche/colectivo/moto,"Viajó a algún lado (coche, caminando, bicicleta)",2,2,2,2,2,8,9,"Viajó a algún lado (coche, caminando, bicicleta)",3,15,8:00:00,,30,30,30,30,30,120,135,
Majo10211Ruben6,Majo10211Ruben,Majo10211Ruben6,Mañana,Estaba solo,Viajó en coche/colectivo/moto,"Viajó a algún lado (coche, caminando, bicicleta)",2,2,2,2,2,8,9,"Viajó a algún lado (coche, caminando, bicicleta)",4,15,8:00:00,,30,30,30,30,30,120,135,
Majo10211Ruben7,Majo10211Ruben,Majo10211Ruben7,Mañana,Con compañeros de trabajo / escuela / club,Trabajó,Trabajó,2,2,2,2,2,8,9,Lugar de trabajo,4,180,10:00:00,9,360,360,360,360,360,1440,1620,1620
Majo10211Ruben8,Majo10211Ruben,Majo10211Ruben8,Tarde,Estaba solo,Viajó en coche/colectivo/moto,"Viajó a algún lado (coche, caminando, bicicleta)",2,2,2,2,2,8,8,"Viajó a algún lado (coche, caminando, bicicleta)",10,15,11:00:00,,30,30,30,30,30,120,120,
Majo10211Ruben9,Majo10211Ruben,Majo10211Ruben9,Tarde,Estaba solo,Preparó comida,"Tareas domésticas (comida, cuida a los hijos, mascotas)",3,2,2,2,2,8,10,Casa donde vive,10,30,12:00:00,,90,60,60,60,60,240,300,
Majo10211Ruben10,Majo10211Ruben,Majo10211Ruben10,Tarde,Estaba solo,Comió,"Dedicación personal (comió, bañó, descansó)",2,2,2,2,2,9,9,Casa donde vive,10,60,12:00:00,,120,120,120,120,120,540,540,
Majo10211Ruben11,Majo10211Ruben,Majo10211Ruben11,Tarde,Estaba solo,"Descansó (siesta,tomar mate, té o café)","Dedicación personal (comió, bañó, descansó)",3,3,2,2,2,6,8,Casa donde vive,10,120,14:00:00,,360,360,240,240,240,720,960,
Majo10211Ruben12,Majo10211Ruben,Majo10211Ruben12,Tarde,"Personal de servicios, responsables de nuestra actividad, extraños ",Hizo tareas domésticas,"Tareas domésticas (comida, cuida a los hijos, mascotas)",2,2,2,2,7,5,5,Casa donde vive,10,120,16:00:00,9,240,240,240,240,840,600,600,1080
Majo10211Ruben13,Majo10211Ruben,Majo10211Ruben13,Noche,Estaba solo,Viajó en coche/colectivo/moto,"Viajó a algún lado (coche, caminando, bicicleta)",2,2,2,2,2,8,8,"Viajó a algún lado (coche, caminando, bicicleta)",4,15,17:00:00,,30,30,30,30,30,120,120,
Majo10211Ruben14,Majo10211Ruben,Majo10211Ruben14,Noche,Con compañeros de trabajo / escuela / club,Trabajó,Trabajó,2,2,2,2,2,8,8,Lugar de trabajo,4,10,17:00:00,9,20,20,20,20,20,80,80,90
Majo10211Ruben15,Majo10211Ruben,Majo10211Ruben15,Noche,Estaba solo,Viajó en coche/colectivo/moto,"Viajó a algún lado (coche, caminando, bicicleta)",2,2,2,2,2,8,9,"Viajó a algún lado (coche, caminando, bicicleta)",12,15,17:00:00,,30,30,30,30,30,120,135,
Majo10211Ruben16,Majo10211Ruben,Majo10211Ruben16,Noche,Estaba solo,Fue de compras,Compras,2,2,2,2,2,8,10,Comercio de ropa u otro tipo de comercio de compras,12,15,18:00:00,,30,30,30,30,30,120,150,
Majo10211Ruben17,Majo10211Ruben,Majo10211Ruben17,Noche,Estaba solo,Viajó en coche/colectivo/moto,"Viajó a algún lado (coche, caminando, bicicleta)",2,3,2,2,2,8,8,"Viajó a algún lado (coche, caminando, bicicleta)",13,15,18:00:00,,30,45,30,30,30,120,120,
Majo10211Ruben18,Majo10211Ruben,Majo10211Ruben18,Noche,Estaba solo,Se baño o arregló,"Dedicación personal (comió, bañó, descansó)",2,4,2,2,2,8,8,Casa donde vive,13,20,18:00:00,,40,80,40,40,40,160,160,
Majo10211Ruben19,Majo10211Ruben,Majo10211Ruben19,Noche,Estaba solo,Habló con alguien,"Relaciones sociales (Charlar, cuidar, actividad religiosa, otras relaciones)",2,4,2,2,2,8,8,Casa donde vive,13,15,19:00:00,,30,60,30,30,30,120,120,
Majo10211Ruben20,Majo10211Ruben,Majo10211Ruben20,Noche,Estaba solo,Viajó en coche/colectivo/moto,"Viajó a algún lado (coche, caminando, bicicleta)",2,2,2,2,2,8,8,"Viajó a algún lado (coche, caminando, bicicleta)",12,15,19:00:00,,30,30,30,30,30,120,120,
Majo10211Ruben21,Majo10211Ruben,Majo10211Ruben21,Noche,Estaba solo,Viajó en coche/colectivo/moto,"Viajó a algún lado (coche, caminando, bicicleta)",2,2,2,2,2,8,8,"Viajó a algún lado (coche, caminando, bicicleta)",10,10,19:00:00,,20,20,20,20,20,80,80,
Majo10211Ruben22,Majo10211Ruben,Majo10211Ruben22,Noche,Estaba solo,Vió televisión,"Entretenimiento (radio, televisión, computadora, juego en casa)",2,2,2,2,2,9,10,Casa donde vive,10,120,20:00:00,,240,240,240,240,240,1080,1200,
Majo11109ale1,Majo11109ale,Majo11109ale1,Mañana,Con su pareja,Comió,"Dedicación personal (comió, bañó, descansó)",9,3,2,2,2,7,8,Casa donde vive,11,30,8:00:00,7,270,90,60,60,60,210,240,210
Majo11109ale2,Majo11109ale,Majo11109ale2,Mañana,Estaba solo,Se baño o arregló,"Dedicación personal (comió, bañó, descansó)",2,2,2,4,3,7,8,Casa donde vive,11,30,9:00:00,,60,60,60,120,90,210,240,
Majo11109ale3,Majo11109ale,Majo11109ale3,Mañana,Estaba solo,Hizo ejercicio o dio paseo,Hizo ejercicio o dio paseo,4,4,2,4,2,7,10,Casa donde vive,11,60,9:00:00,,240,240,120,240,120,420,600,
Majo11109ale4,Majo11109ale,Majo11109ale4,Mañana,Estaba solo,Se baño o arregló,"Dedicación personal (comió, bañó, descansó)",2,2,2,4,2,8,10,Casa donde vive,11,30,10:00:00,,60,60,60,120,60,240,300,
Majo11109ale5,Majo11109ale,Majo11109ale5,Mañana,Estaba solo,Viajó en coche/colectivo/moto,"Viajó a algún lado (coche, caminando, bicicleta)",4,2,2,3,4,4,9,"Viajó a algún lado (coche, caminando, bicicleta)",10,15,11:00:00,,60,30,30,45,60,60,135,
Majo11109ale6,Majo11109ale,Majo11109ale6,Mañana,"Personal de servicios, responsables de nuestra actividad, extraños ","Por salud (estudios, consulta)",Trámites o Salud,4,2,2,3,7,4,4,"Hospital, Clínica, Centro de Salud",10,30,11:00:00,8,120,60,60,90,210,120,120,240
Majo11109ale7,Majo11109ale,Majo11109ale7,Mañana,Estaba solo,Viajó en coche/colectivo/moto,"Viajó a algún lado (coche, caminando, bicicleta)",2,2,2,4,3,6,8,"Viajó a algún lado (coche, caminando, bicicleta)",11,15,11:00:00,,30,30,30,60,45,90,120,
Majo11109ale8,Majo11109ale,Majo11109ale8,Mañana,Estaba solo,Preparó comida,"Tareas domésticas (comida, cuida a los hijos, mascotas)",2,3,2,4,2,7,8,Casa donde vive,11,40,12:00:00,,80,120,80,160,80,280,320,
Majo11109ale9,Majo11109ale,Majo11109ale9,Tarde,Con sus hijos jóvenes o nietos,Comió,"Dedicación personal (comió, bañó, descansó)",2,3,2,2,2,7,7,Casa donde vive,11,40,12:00:00,,80,120,80,80,80,280,280,
Majo11109ale10,Majo11109ale,Majo11109ale10,Tarde,Estaba solo,"Descansó (siesta,tomar mate, té o café)","Dedicación personal (comió, bañó, descansó)",2,2,2,2,2,7,8,Casa donde vive,11,30,13:00:00,,60,60,60,60,60,210,240,
Majo11109ale11,Majo11109ale,Majo11109ale11,Tarde,Estaba solo,Leyó / Estudió,Leyó o estudió,2,2,2,2,2,7,9,Casa donde vive,11,80,14:00:00,,160,160,160,160,160,560,720,
Majo11109ale12,Majo11109ale,Majo11109ale12,Tarde,Estaba solo,Viajó en coche/colectivo/moto,"Viajó a algún lado (coche, caminando, bicicleta)",2,2,2,2,2,7,7,"Viajó a algún lado (coche, caminando, bicicleta)",4,15,15:00:00,,30,30,30,30,30,105,105,
Majo11109ale13,Majo11109ale,Majo11109ale13,Tarde,Con compañeros de trabajo / escuela / club,Hizo ejercicio o dio paseo,Hizo ejercicio o dio paseo,2,2,2,2,2,7,9,Otros……..,4,60,15:00:00,9,120,120,120,120,120,420,540,540
Majo11109ale14,Majo11109ale,Majo11109ale14,Tarde,Estaba solo,Viajó en coche/colectivo/moto,"Viajó a algún lado (coche, caminando, bicicleta)",2,3,2,2,2,7,7,"Viajó a algún lado (coche, caminando, bicicleta)",11,15,16:00:00,,30,45,30,30,30,105,105,
Majo11109ale15,Majo11109ale,Majo11109ale15,Tarde,Estaba solo,Se baño o arregló,"Dedicación personal (comió, bañó, descansó)",2,2,2,2,2,8,8,Casa donde vive,11,45,17:00:00,,90,90,90,90,90,360,360,
Majo11109ale16,Majo11109ale,Majo11109ale16,Tarde,Con amigos,Trabajó,Trabajó,2,2,2,2,2,8,9,Casa donde vive,11,120,18:00:00,,240,240,240,240,240,960,1080,
Majo11109ale17,Majo11109ale,Majo11109ale17,Noche,Con pareja e hijos,Comió,"Dedicación personal (comió, bañó, descansó)",2,2,2,2,2,8,9,Casa donde vive,11,45,19:00:00,10,90,90,90,90,90,360,405,450
Majo11109ale18,Majo11109ale,Majo11109ale18,Noche,Con sus hijos jóvenes o nietos,Vió televisión,"Entretenimiento (radio, televisión, computadora, juego en casa)",2,2,2,2,2,8,8,Casa donde vive,11,75,20:00:00,9,150,150,150,150,150,600,600,675
Majo11109ale19,Majo11109ale,Majo11109ale19,Noche,Con sus hijos jóvenes o nietos,Preparó comida,"Tareas domésticas (comida, cuida a los hijos, mascotas)",2,2,2,2,2,7,8,Casa donde vive,11,40,21:00:00,9,80,80,80,80,80,280,320,360
Majo11109ale20,Majo11109ale,Majo11109ale20,Noche,Estaba solo,Habló con alguien,"Relaciones sociales (Charlar, cuidar, actividad religiosa, otras relaciones)",2,2,2,4,2,7,9,Casa donde vive,11,30,22:00:00,,60,60,60,120,60,210,270,
Majo11109ale21,Majo11109ale,Majo11109ale21,Noche,Con pareja e hijos,Comió,"Dedicación personal (comió, bañó, descansó)",2,2,2,2,2,8,9,Casa donde vive,11,40,22:00:00,,80,80,80,80,80,320,360,
Majo11109ale22,Majo11109ale,Majo11109ale22,Noche,Con pareja e hijos,Vió televisión,"Entretenimiento (radio, televisión, computadora, juego en casa)",2,2,2,8,9,"7,29674537332483","7,95789473684211",Casa donde vive,11,90,23:00:00,2,180,180,180,720,810,"656,707083599234","716,21052631579",180
Majo11109leo1,Majo11109leo,Majo11109leo1,Mañana,Estaba solo,Comió,"Dedicación personal (comió, bañó, descansó)",7,4,3,6,5,8,6,Casa donde vive,11,15,8:00:00,,105,60,45,90,75,120,90,
Majo11109leo2,Majo11109leo,Majo11109leo2,Mañana,Estaba solo,Trabajó,Trabajó,6,5,2,5,5,8,8,Casa donde vive,11,315,11:00:00,,1890,1575,630,1575,1575,2520,2520,
Majo11109leo3,Majo11109leo,Majo11109leo3,Tarde,Estaba solo,Preparó comida,"Tareas domésticas (comida, cuida a los hijos, mascotas)",5,5,2,4,4,7,6,Casa donde vive,11,20,14:00:00,,100,100,40,80,80,140,120,
Majo11109leo4,Majo11109leo,Majo11109leo4,Tarde,Estaba solo,Comió,"Dedicación personal (comió, bañó, descansó)",4,4,2,4,2,6,8,Casa donde vive,11,40,14:00:00,,160,160,80,160,80,240,320,
Majo11109leo5,Majo11109leo,Majo11109leo5,Tarde,Estaba solo,Hizo tareas domésticas,"Tareas domésticas (comida, cuida a los hijos, mascotas)",4,6,4,3,3,7,7,Casa donde vive,11,30,15:00:00,,120,180,120,90,90,210,210,
Majo11109leo6,Majo11109leo,Majo11109leo6,Tarde,Estaba solo,Trabajó,Trabajó,5,5,2,3,3,8,8,Casa donde vive,11,120,16:00:00,,600,600,240,360,360,960,960,
Majo11109leo7,Majo11109leo,Majo11109leo7,Tarde,Estaba solo,Viajó en coche/colectivo/moto,"Viajó a algún lado (coche, caminando, bicicleta)",3,3,2,3,5,8,8,"Viajó a algún lado (coche, caminando, bicicleta)",13,15,17:00:00,,45,45,30,45,75,120,120,
Majo11109leo8,Majo11109leo,Majo11109leo8,Tarde,Destinatario de nuestra actividad laboral (Cliente / paciente / alumno),Habló con alguien,"Relaciones sociales (Charlar, cuidar, actividad religiosa, otras relaciones)",3,3,2,3,5,7,9,Casa de cliente,13,90,18:00:00,9,270,270,180,270,450,630,810,810
Majo11109leo9,Majo11109leo,Majo11109leo9,Noche,Estaba solo,Viajó en coche/colectivo/moto,"Viajó a algún lado (coche, caminando, bicicleta)",3,3,2,3,3,8,8,"Viajó a algún lado (coche, caminando, bicicleta)",11,15,19:00:00,,45,45,30,45,45,120,120,
Majo11109leo10,Majo11109leo,Majo11109leo10,Noche,Estaba solo,Trabajó,Trabajó,3,3,2,3,3,8,8,Casa donde vive,11,90,20:00:00,,270,270,180,270,270,720,720,
Majo11109leo11,Majo11109leo,Majo11109leo11,Noche,Estaba solo,Entretetenimiento con la computadora,"Entretenimiento (radio, televisión, computadora, juego en casa)",3,3,2,2,2,8,8,Casa donde vive,11,60,21:00:00,,180,180,120,120,120,480,480,
Majo11109leo12,Majo11109leo,Majo11109leo12,Noche,Estaba solo,Preparó comida,"Tareas domésticas (comida, cuida a los hijos, mascotas)",3,2,2,3,2,8,8,Casa donde vive,11,30,22:00:00,,90,60,60,90,60,240,240,
Majo11109leo13,Majo11109leo,Majo11109leo13,Noche,Estaba solo,Comió,"Dedicación personal (comió, bañó, descansó)",3,2,2,2,2,8,8,Casa donde vive,11,40,22:00:00,,120,80,80,80,80,320,320,
Majo11109leo14,Majo11109leo,Majo11109leo14,Noche,Estaba solo,"Descansó (siesta,tomar mate, té o café)","Dedicación personal (comió, bañó, descansó)",2,2,2,2,2,7,8,Casa donde vive,11,30,23:00:00,,60,60,60,60,60,210,240,
Majo11403Alfredo1,Majo11403Alfredo,Majo11403Alfredo1,Mañana,Con su pareja,Comió,"Dedicación personal (comió, bañó, descansó)",5,2,2,2,5,3,7,Casa donde vive,11,30,5:00:00,9,150,60,60,60,150,90,210,270
Majo11403Alfredo2,Majo11403Alfredo,Majo11403Alfredo2,Mañana,Estaba solo,Se baño o arregló,"Dedicación personal (comió, bañó, descansó)",4,4,2,2,2,6,6,Casa donde vive,11,80,6:00:00,,320,320,160,160,160,480,480,
Majo11403Alfredo3,Majo11403Alfredo,Majo11403Alfredo3,Mañana,Estaba solo,Viajó en coche/colectivo/moto,"Viajó a algún lado (coche, caminando, bicicleta)",4,4,2,2,2,7,9,"Viajó a algún lado (coche, caminando, bicicleta)",FZ,120,8:00:00,,480,480,240,240,240,840,1080,
Majo11403Alfredo4,Majo11403Alfredo,Majo11403Alfredo4,Mañana,Con compañeros de trabajo / escuela / club,Trabajó,Trabajó,3,2,2,2,5,5,8,Otros……..,FZ,300,11:00:00,9,900,600,600,600,1500,1500,2400,2700
Majo11403Alfredo5,Majo11403Alfredo,Majo11403Alfredo5,Tarde,Estaba solo,Viajó en coche/colectivo/moto,"Viajó a algún lado (coche, caminando, bicicleta)",4,4,2,2,5,6,8,"Viajó a algún lado (coche, caminando, bicicleta)",11,150,15:00:00,,600,600,300,300,750,900,1200,
Majo11403Alfredo6,Majo11403Alfredo,Majo11403Alfredo6,Tarde,Con su pareja,Comió,"Dedicación personal (comió, bañó, descansó)",3,3,2,2,2,7,9,Casa donde vive,11,60,17:00:00,9,180,180,120,120,120,420,540,540
Majo11403Alfredo7,Majo11403Alfredo,Majo11403Alfredo7,Tarde,Estaba solo,"Descansó (siesta,tomar mate, té o café)","Dedicación personal (comió, bañó, descansó)",2,2,2,2,2,7,8,Casa donde vive,11,120,18:00:00,,240,240,240,240,240,840,960,
Majo11403Alfredo8,Majo11403Alfredo,Majo11403Alfredo8,Noche,Estaba solo,Viajó en coche/colectivo/moto,"Viajó a algún lado (coche, caminando, bicicleta)",4,2,2,2,2,7,7,"Viajó a algún lado (coche, caminando, bicicleta)",13,10,19:00:00,,40,20,20,20,20,70,70,
Majo11403Alfredo9,Majo11403Alfredo,Majo11403Alfredo9,Noche,Estaba solo,Fue de compras,Compras,3,2,2,2,2,8,9,"Supermercado, despensa, verdulería, carnicería, dietética",13,120,20:00:00,,360,240,240,240,240,960,1080,
Majo11403Alfredo10,Majo11403Alfredo,Majo11403Alfredo10,Noche,Estaba solo,Viajó en coche/colectivo/moto,"Viajó a algún lado (coche, caminando, bicicleta)",2,2,2,2,2,8,8,"Viajó a algún lado (coche, caminando, bicicleta)",11,10,22:00:00,,20,20,20,20,20,80,80,
Majo11403Alfredo11,Majo11403Alfredo,Majo11403Alfredo11,Noche,Con pareja e hijos,Comió,"Dedicación personal (comió, bañó, descansó)",3,2,2,2,2,7,9,Casa donde vive,11,60,22:00:00,9,180,120,120,120,120,420,540,540
Majo131315graciela1,Majo131315graciela,Majo131315graciela1,Mañana,Estaba solo,Hizo tareas domésticas,"Tareas domésticas (comida, cuida a los hijos, mascotas)",2,2,2,2,2,8,8,Casa donde vive,13,10,7:00:00,,20,20,20,20,20,80,80,
Majo131315graciela2,Majo131315graciela,Majo131315graciela2,Mañana,Con su pareja,"Descansó (siesta,tomar mate, té o café)","Dedicación personal (comió, bañó, descansó)",2,2,2,2,2,8,8,Casa donde vive,13,60,8:00:00,9,120,120,120,120,120,480,480,540
Majo131315graciela3,Majo131315graciela,Majo131315graciela3,Mañana,Con su pareja,Comió,"Dedicación personal (comió, bañó, descansó)",2,2,2,2,2,7,9,Casa donde vive,13,60,9:00:00,9,120,120,120,120,120,420,540,540
Majo131315graciela4,Majo131315graciela,Majo131315graciela4,Mañana,Estaba solo,Se baño o arregló,"Dedicación personal (comió, bañó, descansó)",2,3,2,2,2,6,8,Casa donde vive,13,30,9:00:00,,60,90,60,60,60,180,240,
Majo131315graciela5,Majo131315graciela,Majo131315graciela5,Mañana,Con su pareja,Viajó en coche/colectivo/moto,"Viajó a algún lado (coche, caminando, bicicleta)",2,3,2,2,6,5,8,"Viajó a algún lado (coche, caminando, bicicleta)",12,20,10:00:00,9,40,60,40,40,120,100,160,180
Majo131315graciela6,Majo131315graciela,Majo131315graciela6,Mañana,Con su pareja,Trámites,Trámites o Salud,5,2,2,2,2,8,9,"Bancos, u otra entidad financiera ",12,30,10:00:00,9,150,60,60,60,60,240,270,270
Majo131315graciela7,Majo131315graciela,Majo131315graciela7,Mañana,Con su pareja,"Descansó (siesta,tomar mate, té o café)","Dedicación personal (comió, bañó, descansó)",2,2,2,2,2,8,9,"Bancos, u otra entidad financiera ",12,60,11:00:00,,120,120,120,120,120,480,540,
Majo131315graciela8,Majo131315graciela,Majo131315graciela8,Mañana,Con su pareja,Caminó a algún lado,"Viajó a algún lado (coche, caminando, bicicleta)",2,2,2,2,2,8,9,"Viajó a algún lado (coche, caminando, bicicleta)",10,10,12:00:00,,20,20,20,20,20,80,90,
Majo131315graciela9,Majo131315graciela,Majo131315graciela9,Tarde,Con su pareja,Viajó en coche/colectivo/moto,"Viajó a algún lado (coche, caminando, bicicleta)",2,2,2,2,2,7,9,"Viajó a algún lado (coche, caminando, bicicleta)",13,15,12:00:00,9,30,30,30,30,30,105,135,135
Majo131315graciela10,Majo131315graciela,Majo131315graciela10,Tarde,Estaba solo,Hizo tareas domésticas,"Tareas domésticas (comida, cuida a los hijos, mascotas)",2,3,2,2,2,7,8,Casa donde vive,13,60,12:00:00,,120,180,120,120,120,420,480,
Majo131315graciela11,Majo131315graciela,Majo131315graciela11,Tarde,Con su pareja,Comió,"Dedicación personal (comió, bañó, descansó)",2,2,2,2,2,8,9,Casa donde vive,13,45,13:00:00,9,90,90,90,90,90,360,405,405
Majo131315graciela12,Majo131315graciela,Majo131315graciela12,Tarde,Con su pareja,Hizo tareas domésticas,"Tareas domésticas (comida, cuida a los hijos, mascotas)",2,2,2,2,2,7,8,Casa donde vive,13,40,14:00:00,9,80,80,80,80,80,280,320,360
Majo131315graciela13,Majo131315graciela,Majo131315graciela13,Tarde,Con su pareja,"Descansó (siesta,tomar mate, té o café)","Dedicación personal (comió, bañó, descansó)",2,2,2,2,2,8,8,Casa donde vive,13,90,15:00:00,9,180,180,180,180,180,720,720,810
Majo131315graciela14,Majo131315graciela,Majo131315graciela14,Tarde,Con su pareja,Preparó comida,"Tareas domésticas (comida, cuida a los hijos, mascotas)",2,2,2,2,2,7,8,Casa donde vive,13,20,16:00:00,9,40,40,40,40,40,140,160,180
Majo131315graciela15,Majo131315graciela,Majo131315graciela15,Tarde,Con su pareja,Comió,"Dedicación personal (comió, bañó, descansó)",2,2,2,2,2,7,9,Casa donde vive,13,60,17:00:00,9,120,120,120,120,120,420,540,540
Majo131315graciela16,Majo131315graciela,Majo131315graciela16,Tarde,Con su pareja,Vió televisión,"Entretenimiento (radio, televisión, computadora, juego en casa)",2,2,2,2,2,8,8,Casa donde vive,13,120,18:00:00,9,240,240,240,240,240,960,960,1080
Majo131315graciela17,Majo131315graciela,Majo131315graciela17,Noche,Con pareja e hijos,Habló con alguien,"Relaciones sociales (Charlar, cuidar, actividad religiosa, otras relaciones)",2,2,2,2,2,8,9,Casa donde vive,13,60,20:00:00,9,120,120,120,120,120,480,540,540
Majo131315graciela18,Majo131315graciela,Majo131315graciela18,Noche,Con su pareja,Comió,"Dedicación personal (comió, bañó, descansó)",2,2,2,2,2,7,8,Casa donde vive,13,40,20:00:00,9,80,80,80,80,80,280,320,360
Majo131315graciela19,Majo131315graciela,Majo131315graciela19,Noche,Estaba solo,Leyó / Estudió,Leyó o estudió,2,2,2,2,2,8,9,Casa donde vive,13,40,21:00:00,,80,80,80,80,80,320,360,
Majo131315graciela20,Majo131315graciela,Majo131315graciela20,Noche,Con su pareja,Entretetenimiento con la computadora,"Entretenimiento (radio, televisión, computadora, juego en casa)",2,2,2,2,2,8,9,Casa donde vive,13,60,22:00:00,9,120,120,120,120,120,480,540,540
Majo13209Agus1,Majo13209Agus,Majo13209Agus1,Mañana,Con otros familiares,Comió,"Dedicación personal (comió, bañó, descansó)",9,6,2,3,"2,55303514376997",7,8,Casa donde vive,13,60,10:00:00,8,540,360,120,180,"153,182108626198",420,480,480
Majo13209Agus2,Majo13209Agus,Majo13209Agus2,Mañana,Estaba solo,Preparó comida,"Tareas domésticas (comida, cuida a los hijos, mascotas)",8,6,2,2,3,5,5,Casa donde vive,13,40,11:00:00,,320,240,80,80,120,200,200,
Majo13209Agus3,Majo13209Agus,Majo13209Agus3,Tarde,Con sus hijos jóvenes o nietos,Cuidó a los niños,"Tareas domésticas (comida, cuida a los hijos, mascotas)",3,8,2,2,5,5,5,Casa donde vive,13,30,12:00:00,9,90,240,60,60,150,150,150,270
Majo13209Agus4,Majo13209Agus,Majo13209Agus4,Tarde,Con sus hijos jóvenes o nietos,Viajó en coche/colectivo/moto,"Viajó a algún lado (coche, caminando, bicicleta)",5,7,2,2,5,5,8,"Viajó a algún lado (coche, caminando, bicicleta)",12,15,12:00:00,9,75,105,30,30,75,75,120,135
Majo13209Agus5,Majo13209Agus,Majo13209Agus5,Tarde,Estaba solo,Caminó a algún lado,"Viajó a algún lado (coche, caminando, bicicleta)",4,6,2,2,5,5,6,"Viajó a algún lado (coche, caminando, bicicleta)",12,5,12:00:00,,20,30,10,10,25,25,30,
Majo13209Agus6,Majo13209Agus,Majo13209Agus6,Tarde,Estaba solo,Trabajó,Trabajó,4,2,2,2,2,8,6,Bar o café,12,300,15:00:00,,1200,600,600,600,600,2400,1800,
Majo13209Agus7,Majo13209Agus,Majo13209Agus7,Noche,Estaba solo,Viajó en coche/colectivo/moto,"Viajó a algún lado (coche, caminando, bicicleta)",2,2,2,2,2,7,8,"Viajó a algún lado (coche, caminando, bicicleta)",13,15,18:00:00,,30,30,30,30,30,105,120,
Majo13209Agus8,Majo13209Agus,Majo13209Agus8,Noche,Estaba solo,Otra actividad de ocio,"Entretenimiento (radio, televisión, computadora, juego en casa)",2,2,2,2,2,8,8,Casa donde vive,13,180,19:00:00,,360,360,360,360,360,1440,1440,
Majo13209Agus9,Majo13209Agus,Majo13209Agus9,Noche,Con pareja e hijos,Comió,"Dedicación personal (comió, bañó, descansó)",2,2,2,2,2,8,9,Casa donde vive,13,60,21:00:00,9,120,120,120,120,120,480,540,540
Majo13209Agus10,Majo13209Agus,Majo13209Agus10,Noche,Con pareja e hijos,Vió televisión,"Entretenimiento (radio, televisión, computadora, juego en casa)",2,2,2,2,2,8,8,Casa donde vive,13,120,23:00:00,,240,240,240,240,240,960,960,
Majo13209norma1,Majo13209norma,Majo13209norma1,Mañana,Estaba solo,Comió,"Dedicación personal (comió, bañó, descansó)",3,3,2,2,2,8,8,Casa donde vive,13,30,6:00:00,,90,90,60,60,60,240,240,
Majo13209norma2,Majo13209norma,Majo13209norma2,Mañana,Estaba solo,Leyó / Estudió,Leyó o estudió,2,2,2,2,2,8,10,Casa donde vive,13,90,7:00:00,,180,180,180,180,180,720,900,
Majo13209norma3,Majo13209norma,Majo13209norma3,Mañana,Con su pareja,Preparó comida,"Tareas domésticas (comida, cuida a los hijos, mascotas)",2,2,2,2,2,7,7,Casa donde vive,13,15,8:00:00,8,30,30,30,30,30,105,105,120
Majo13209norma4,Majo13209norma,Majo13209norma4,Mañana,Estaba solo,Hizo tareas domésticas,"Tareas domésticas (comida, cuida a los hijos, mascotas)",2,2,2,2,2,8,7,Casa donde vive,13,120,9:00:00,,240,240,240,240,240,960,840,
Majo13209norma5,Majo13209norma,Majo13209norma5,Mañana,Estaba solo,Vió televisión,"Entretenimiento (radio, televisión, computadora, juego en casa)",2,2,2,2,2,8,8,Casa donde vive,13,60,11:00:00,,120,120,120,120,120,480,480,
Majo13209norma6,Majo13209norma,Majo13209norma6,Mañana,Estaba solo,Preparó comida,"Tareas domésticas (comida, cuida a los hijos, mascotas)",2,3,2,2,2,8,9,Casa donde vive,13,60,12:00:00,,120,180,120,120,120,480,540,
Majo13209norma7,Majo13209norma,Majo13209norma7,Tarde,Con pareja e hijos,Comió,"Dedicación personal (comió, bañó, descansó)",2,2,2,2,2,8,9,Casa donde vive,13,60,13:00:00,9,120,120,120,120,120,480,540,540
Majo13209norma8,Majo13209norma,Majo13209norma8,Tarde,Estaba solo,Hizo tareas domésticas,"Tareas domésticas (comida, cuida a los hijos, mascotas)",3,3,2,2,3,8,6,Casa donde vive,13,45,14:00:00,,135,135,90,90,135,360,270,
Majo13209norma9,Majo13209norma,Majo13209norma9,Tarde,Estaba solo,"Descansó (siesta,tomar mate, té o café)","Dedicación personal (comió, bañó, descansó)",2,2,2,2,2,8,8,Casa donde vive,13,90,15:00:00,,180,180,180,180,180,720,720,
Majo13209norma10,Majo13209norma,Majo13209norma10,Tarde,Estaba solo,Se baño o arregló,"Dedicación personal (comió, bañó, descansó)",2,2,2,2,2,8,8,Casa donde vive,13,60,16:00:00,,120,120,120,120,120,480,480,
Majo13209norma11,Majo13209norma,Majo13209norma11,Tarde,Con amigos,Viajó en coche/colectivo/moto,"Viajó a algún lado (coche, caminando, bicicleta)",2,2,2,2,2,8,8,"Viajó a algún lado (coche, caminando, bicicleta)",3,30,17:00:00,9,60,60,60,60,60,240,240,270
Majo13209norma12,Majo13209norma,Majo13209norma12,Tarde,Con amigos,Comió,"Dedicación personal (comió, bañó, descansó)",2,2,2,2,2,7,9,Bar o café,3,90,18:00:00,9,180,180,180,180,180,630,810,810
Majo13209norma13,Majo13209norma,Majo13209norma13,Noche,Con amigos,Viajó en coche/colectivo/moto,"Viajó a algún lado (coche, caminando, bicicleta)",2,2,2,2,2,7,9,"Viajó a algún lado (coche, caminando, bicicleta)",13,15,19:00:00,,30,30,30,30,30,105,135,
Majo13209norma14,Majo13209norma,Majo13209norma14,Noche,Con amigos,Jugó (cartas /juegos),"Entretenimiento (radio, televisión, computadora, juego en casa)",2,2,2,2,2,8,9,Casino,13,75,19:00:00,9,150,150,150,150,150,600,675,675
Majo13209norma15,Majo13209norma,Majo13209norma15,Noche,Con amigos,Viajó en coche/colectivo/moto,"Viajó a algún lado (coche, caminando, bicicleta)",3,3,2,2,2,8,8,"Viajó a algún lado (coche, caminando, bicicleta)",13,15,20:00:00,,45,45,30,30,30,120,120,
Majo13209norma16,Majo13209norma,Majo13209norma16,Noche,Con su pareja,Preparó comida,"Tareas domésticas (comida, cuida a los hijos, mascotas)",3,5,2,2,2,8,8,Casa donde vive,13,40,21:00:00,7,120,200,80,80,80,320,320,280
Majo13209norma17,Majo13209norma,Majo13209norma17,Noche,Con su pareja,Comió,"Dedicación personal (comió, bañó, descansó)",2,2,2,2,2,8,8,Casa donde vive,13,60,21:00:00,8,120,120,120,120,120,480,480,480
Majo13209norma18,Majo13209norma,Majo13209norma18,Noche,Estaba solo,Hizo tareas domésticas,"Tareas domésticas (comida, cuida a los hijos, mascotas)",2,2,2,2,2,8,8,Casa donde vive,13,30,22:00:00,,60,60,60,60,60,240,240,
Majo13209norma19,Majo13209norma,Majo13209norma19,Noche,Estaba solo,Leyó / Estudió,Leyó o estudió,2,2,2,2,2,7,10,Casa donde vive,13,90,23:00:00,,180,180,180,180,180,630,900,
Majo13305Fabián1,Majo13305Fabián,Majo13305Fabián1,Mañana,Estaba solo,Se baño o arregló,"Dedicación personal (comió, bañó, descansó)",4,2,2,2,2,8,8,Casa donde vive,13,15,7:00:00,,60,30,30,30,30,120,120,
Majo13305Fabián2,Majo13305Fabián,Majo13305Fabián2,Mañana,Estaba solo,Comió,"Dedicación personal (comió, bañó, descansó)",2,2,2,2,5,7,9,Casa donde vive,13,60,8:00:00,,120,120,120,120,300,420,540,
Majo13305Fabián3,Majo13305Fabián,Majo13305Fabián3,Mañana,Con sus hijos jóvenes o nietos,Preparó comida,"Tareas domésticas (comida, cuida a los hijos, mascotas)",3,3,2,2,2,8,8,Casa donde vive,13,10,8:00:00,9,30,30,20,20,20,80,80,90
Majo13305Fabián4,Majo13305Fabián,Majo13305Fabián4,Mañana,Estaba solo,Viajó en coche/colectivo/moto,"Viajó a algún lado (coche, caminando, bicicleta)",3,3,2,2,5,7,7,"Viajó a algún lado (coche, caminando, bicicleta)",13,10,8:00:00,,30,30,20,20,50,70,70,
Majo13305Fabián5,Majo13305Fabián,Majo13305Fabián5,Mañana,Estaba solo,Trabajó,Trabajó,6,5,2,2,2,8,6,Lugar de trabajo,13,210,10:00:00,,1260,1050,420,420,420,1680,1260,
Majo13305Fabián6,Majo13305Fabián,Majo13305Fabián6,Tarde,Estaba solo,Viajó en coche/colectivo/moto,"Viajó a algún lado (coche, caminando, bicicleta)",5,5,2,2,2,8,8,"Viajó a algún lado (coche, caminando, bicicleta)",13,10,12:00:00,,50,50,20,20,20,80,80,
Majo13305Fabián7,Majo13305Fabián,Majo13305Fabián7,Tarde,Con sus hijos jóvenes o nietos,Preparó comida,"Tareas domésticas (comida, cuida a los hijos, mascotas)",2,5,2,2,2,7,8,Casa donde vive,13,20,12:00:00,9,40,100,40,40,40,140,160,180
Majo13305Fabián8,Majo13305Fabián,Majo13305Fabián8,Tarde,Con sus hijos jóvenes o nietos,Comió,"Dedicación personal (comió, bañó, descansó)",5,7,2,2,5,8,9,Casa donde vive,13,20,13:00:00,9,100,140,40,40,100,160,180,180
Majo13305Fabián9,Majo13305Fabián,Majo13305Fabián9,Tarde,Con sus hijos jóvenes o nietos,Viajó en coche/colectivo/moto,"Viajó a algún lado (coche, caminando, bicicleta)",2,6,2,2,2,7,8,"Viajó a algún lado (coche, caminando, bicicleta)",3,15,13:00:00,9,30,90,30,30,30,105,120,135
Majo13305Fabián10,Majo13305Fabián,Majo13305Fabián10,Tarde,Estaba solo,Viajó en coche/colectivo/moto,"Viajó a algún lado (coche, caminando, bicicleta)",3,3,2,2,2,7,7,"Viajó a algún lado (coche, caminando, bicicleta)",13,15,13:00:00,,45,45,30,30,30,105,105,
Majo13305Fabián11,Majo13305Fabián,Majo13305Fabián11,Tarde,Estaba solo,Comió,"Dedicación personal (comió, bañó, descansó)",2,6,2,2,2,6,8,Casa de parientes,13,30,14:00:00,,60,180,60,60,60,180,240,
Majo13305Fabián12,Majo13305Fabián,Majo13305Fabián12,Tarde,Estaba solo,Caminó a algún lado,"Viajó a algún lado (coche, caminando, bicicleta)",4,4,2,2,2,8,8,"Viajó a algún lado (coche, caminando, bicicleta)",13,5,14:00:00,,20,20,10,10,10,40,40,
Majo13305Fabián13,Majo13305Fabián,Majo13305Fabián13,Tarde,Destinatario de nuestra actividad laboral (Cliente / paciente / alumno),Trabajó,Trabajó,6,5,2,2,2,8,8,Lugar de trabajo,13,420,17:00:00,9,2520,2100,840,840,840,3360,3360,3780
Majo13305Fabián14,Majo13305Fabián,Majo13305Fabián14,Noche,Estaba solo,Viajó en coche/colectivo/moto,"Viajó a algún lado (coche, caminando, bicicleta)",3,3,2,2,2,7,9,"Viajó a algún lado (coche, caminando, bicicleta)",13,10,21:00:00,,30,30,20,20,20,70,90,
Majo13305Fabián15,Majo13305Fabián,Majo13305Fabián15,Noche,Con amigos,"Descansó (siesta,tomar mate, té o café)","Dedicación personal (comió, bañó, descansó)",3,3,3,2,3,7,7,Casa donde vive,13,50,22:00:00,9,150,150,150,100,150,350,350,450
Majo13305Fabián16,Majo13305Fabián,Majo13305Fabián16,Noche,Con amigos,Hizo ejercicio o dio paseo,Hizo ejercicio o dio paseo,2,2,2,2,2,8,10,Casa donde vive,13,40,22:00:00,10,80,80,80,80,80,320,400,400
Majo13305Fabián17,Majo13305Fabián,Majo13305Fabián17,Noche,Estaba solo,Se baño o arregló,"Dedicación personal (comió, bañó, descansó)",2,2,2,"1,62559846792212",2,9,9,Casa donde vive,13,20,23:00:00,,40,40,40,"32,5119693584424",40,180,180,
Majo13305Fabián18,Majo13305Fabián,Majo13305Fabián18,Noche,Estaba solo,Comió,"Dedicación personal (comió, bañó, descansó)",3,2,2,2,2,8,8,Casa donde vive,13,20,23:00:00,,60,40,40,40,40,160,160,
Majo13305Fabián19,Majo13305Fabián,Majo13305Fabián19,Noche,Estaba solo,Entretetenimiento con la computadora,"Entretenimiento (radio, televisión, computadora, juego en casa)",2,2,2,2,2,9,9,Casa donde vive,13,60,0:00:00,,120,120,120,120,120,540,540,
Majo13305Ricardo1,Majo13305Ricardo,Majo13305Ricardo1,Mañana,Con otros familiares,Comió,"Dedicación personal (comió, bañó, descansó)",2,2,2,2,4,8,9,Casa donde vive,13,30,7:00:00,9,60,60,60,60,120,240,270,270
Majo13305Ricardo2,Majo13305Ricardo,Majo13305Ricardo2,Mañana,Estaba solo,Viajó en coche/colectivo/moto,"Viajó a algún lado (coche, caminando, bicicleta)",3,3,2,2,3,7,7,"Viajó a algún lado (coche, caminando, bicicleta)",13,5,7:00:00,,15,15,10,10,15,35,35,
Majo13305Ricardo3,Majo13305Ricardo,Majo13305Ricardo3,Mañana,Con compañeros de trabajo / escuela / club,Trabajó,Trabajó,4,6,2,2,5,5,8,Lugar de trabajo,13,360,10:00:00,10,1440,2160,720,720,1800,1800,2880,3600
Majo13305Ricardo4,Majo13305Ricardo,Majo13305Ricardo4,Tarde,Con sus hijos jóvenes o nietos,Comió,"Dedicación personal (comió, bañó, descansó)",5,5,2,2,5,6,9,Lugar de trabajo,13,60,14:00:00,9,300,300,120,120,300,360,540,540
Majo13305Ricardo5,Majo13305Ricardo,Majo13305Ricardo5,Tarde,Estaba solo,Vió televisión,"Entretenimiento (radio, televisión, computadora, juego en casa)",4,4,2,2,2,4,7,Lugar de trabajo,13,60,15:00:00,,240,240,120,120,120,240,420,
Majo13305Ricardo6,Majo13305Ricardo,Majo13305Ricardo6,Tarde,Estaba solo,"Descansó (siesta,tomar mate, té o café)","Dedicación personal (comió, bañó, descansó)",2,2,2,2,2,7,8,Lugar de trabajo,13,80,16:00:00,,160,160,160,160,160,560,640,
Majo13305Ricardo7,Majo13305Ricardo,Majo13305Ricardo7,Tarde,Con compañeros de trabajo / escuela / club,Trabajó,Trabajó,7,7,2,2,5,5,8,Lugar de trabajo,13,255,19:00:00,9,1785,1785,510,510,1275,1275,2040,2295
Majo13305Ricardo8,Majo13305Ricardo,Majo13305Ricardo8,Noche,Estaba solo,Viajó en coche/colectivo/moto,"Viajó a algún lado (coche, caminando, bicicleta)",5,5,2,2,3,7,7,"Viajó a algún lado (coche, caminando, bicicleta)",13,5,21:00:00,,25,25,10,10,15,35,35,
Majo13305Ricardo9,Majo13305Ricardo,Majo13305Ricardo9,Noche,Estaba solo,Comió,"Dedicación personal (comió, bañó, descansó)",3,5,2,2,3,8,8,Casa donde vive,13,45,21:00:00,,135,225,90,90,135,360,360,
Majo13305Ricardo10,Majo13305Ricardo,Majo13305Ricardo10,Noche,Estaba solo,Entretetenimiento con la computadora,"Entretenimiento (radio, televisión, computadora, juego en casa)",2,2,2,2,2,7,8,Casa donde vive,13,120,23:00:00,,240,240,240,240,240,840,960,
Majo13305Ricardo11,Majo13305Ricardo,Majo13305Ricardo11,Noche,Estaba solo,Se baño o arregló,"Dedicación personal (comió, bañó, descansó)",2,4,2,2,5,8,8,Casa donde vive,13,15,0:00:00,,30,60,30,30,75,120,120,
Majo13311gustavo1,Majo13311gustavo,Majo13311gustavo1,Mañana,Con sus hijos jóvenes o nietos,Se baño o arregló,"Dedicación personal (comió, bañó, descansó)",2,5,3,2,2,6,6,Casa donde vive,13,25,6:00:00,8,50,125,75,50,50,150,150,200
Majo13311gustavo2,Majo13311gustavo,Majo13311gustavo2,Mañana,Con sus hijos jóvenes o nietos,Comió,"Dedicación personal (comió, bañó, descansó)",2,5,2,2,2,7,7,Casa donde vive,13,20,7:00:00,9,40,100,40,40,40,140,140,180
Majo13311gustavo3,Majo13311gustavo,Majo13311gustavo3,Mañana,Con sus hijos jóvenes o nietos,Viajó en coche/colectivo/moto,"Viajó a algún lado (coche, caminando, bicicleta)",2,3,3,3,3,7,7,"Viajó a algún lado (coche, caminando, bicicleta)",12,10,7:00:00,9,20,30,30,30,30,70,70,90
Majo13311gustavo4,Majo13311gustavo,Majo13311gustavo4,Mañana,Estaba solo,Viajó en coche/colectivo/moto,"Viajó a algún lado (coche, caminando, bicicleta)",2,4,4,2,2,7,7,"Viajó a algún lado (coche, caminando, bicicleta)",12,5,7:00:00,,10,20,20,10,10,35,35,
Majo13311gustavo5,Majo13311gustavo,Majo13311gustavo5,Mañana,Con compañeros de trabajo / escuela / club,Trabajó,Trabajó,3,3,2,2,2,7,8,Lugar de trabajo,12,480,11:00:00,9,1440,1440,960,960,960,3360,3840,4320
Majo13311gustavo6,Majo13311gustavo,Majo13311gustavo6,Tarde,Estaba solo,Viajó en coche/colectivo/moto,"Viajó a algún lado (coche, caminando, bicicleta)",2,2,2,2,2,8,7,"Viajó a algún lado (coche, caminando, bicicleta)",10,10,15:00:00,,20,20,20,20,20,80,70,
Majo13311gustavo7,Majo13311gustavo,Majo13311gustavo7,Tarde,Estaba solo,Comió,"Dedicación personal (comió, bañó, descansó)",2,2,2,2,2,7,8,Casa donde vive,10,30,15:00:00,,60,60,60,60,60,210,240,
Majo13311gustavo8,Majo13311gustavo,Majo13311gustavo8,Tarde,Estaba solo,"Descansó (siesta,tomar mate, té o café)","Dedicación personal (comió, bañó, descansó)",2,2,2,2,2,8,8,Casa donde vive,10,60,16:00:00,,120,120,120,120,120,480,480,
Majo13311gustavo9,Majo13311gustavo,Majo13311gustavo9,Tarde,Con sus hijos jóvenes o nietos,Estudio,Leyó o estudió,2,2,4,2,2,5,8,Casa donde vive,10,50,17:00:00,9,100,100,200,100,100,250,400,450
Majo13311gustavo10,Majo13311gustavo,Majo13311gustavo10,Tarde,Con sus hijos jóvenes o nietos,Caminó a algún lado,"Viajó a algún lado (coche, caminando, bicicleta)",2,2,2,2,2,7,8,"Viajó a algún lado (coche, caminando, bicicleta)",12,20,18:00:00,9,40,40,40,40,40,140,160,180
Majo13311gustavo11,Majo13311gustavo,Majo13311gustavo11,Tarde,Con pareja e hijos,Caminó a algún lado,"Viajó a algún lado (coche, caminando, bicicleta)",2,2,2,2,2,8,8,"Viajó a algún lado (coche, caminando, bicicleta)",10,20,18:00:00,9,40,40,40,40,40,160,160,180
Majo13311gustavo12,Majo13311gustavo,Majo13311gustavo12,Noche,Con pareja e hijos,Comió,"Dedicación personal (comió, bañó, descansó)",2,2,2,2,2,7,9,Casa donde vive,10,50,19:00:00,9,100,100,100,100,100,350,450,450
Majo13311gustavo13,Majo13311gustavo,Majo13311gustavo13,Noche,Con pareja e hijos,Cuidó a los niños,"Tareas domésticas (comida, cuida a los hijos, mascotas)",2,4,2,2,2,7,9,Casa donde vive,10,100,20:00:00,9,200,400,200,200,200,700,900,900
Majo13311gustavo14,Majo13311gustavo,Majo13311gustavo14,Noche,Estaba solo,Preparó comida,"Tareas domésticas (comida, cuida a los hijos, mascotas)",2,2,2,2,2,7,7,Casa donde vive,10,30,21:00:00,,60,60,60,60,60,210,210,
Majo13311gustavo15,Majo13311gustavo,Majo13311gustavo15,Noche,Con pareja e hijos,Comió,"Dedicación personal (comió, bañó, descansó)",2,2,2,2,3,9,9,Casa donde vive,10,40,21:00:00,9,80,80,80,80,120,360,360,360
Majo13311gustavo16,Majo13311gustavo,Majo13311gustavo16,Noche,Con su pareja,Vió televisión,"Entretenimiento (radio, televisión, computadora, juego en casa)",2,2,2,2,2,8,8,Casa donde vive,10,90,23:00:00,,180,180,180,180,180,720,720,
Majo13311Leonardo1,Majo13311Leonardo,Majo13311Leonardo1,Mañana,Estaba solo,Comió,"Dedicación personal (comió, bañó, descansó)",2,2,2,2,2,8,8,Casa donde vive,13,30,5:00:00,,60,60,60,60,60,240,240,
Majo13311Leonardo2,Majo13311Leonardo,Majo13311Leonardo2,Mañana,Estaba solo,Viajó en bicicleta,"Viajó a algún lado (coche, caminando, bicicleta)",2,2,2,2,2,8,8,"Viajó a algún lado (coche, caminando, bicicleta)",13,10,6:00:00,,20,20,20,20,20,80,80,
Majo13311Leonardo3,Majo13311Leonardo,Majo13311Leonardo3,Mañana,Con compañeros de trabajo / escuela / club,Trabajó,Trabajó,2,2,2,2,2,8,10,Lugar de trabajo,13,360,9:00:00,9,720,720,720,720,720,2880,3600,3240
Majo13311Leonardo4,Majo13311Leonardo,Majo13311Leonardo4,Tarde,Estaba solo,Viajó en bicicleta,"Viajó a algún lado (coche, caminando, bicicleta)",2,3,2,2,2,5,8,"Viajó a algún lado (coche, caminando, bicicleta)",13,15,12:00:00,,30,45,30,30,30,75,120,
Majo13311Leonardo5,Majo13311Leonardo,Majo13311Leonardo5,Tarde,Con pareja e hijos,Comió,"Dedicación personal (comió, bañó, descansó)",2,2,2,2,4,7,8,Casa donde vive,13,20,12:00:00,9,40,40,40,40,80,140,160,180
Majo13311Leonardo6,Majo13311Leonardo,Majo13311Leonardo6,Tarde,Estaba solo,Viajó en bicicleta,"Viajó a algún lado (coche, caminando, bicicleta)",2,3,2,2,2,7,7,"Viajó a algún lado (coche, caminando, bicicleta)",2,15,12:00:00,,30,45,30,30,30,105,105,
Majo13311Leonardo7,Majo13311Leonardo,Majo13311Leonardo7,Tarde,Con compañeros de trabajo / escuela / club,Trabajó,Trabajó,2,2,2,2,2,7,8,"Hospital, Clínica, Centro de Salud",2,300,15:00:00,9,600,600,600,600,600,2100,2400,2700
Majo13311Leonardo8,Majo13311Leonardo,Majo13311Leonardo8,Noche,Estaba solo,Hizo ejercicio o dio paseo,Hizo ejercicio o dio paseo,2,4,2,2,4,8,8,"Hospital, Clínica, Centro de Salud",2,15,18:00:00,,30,60,30,30,60,120,120,
Majo13311Leonardo9,Majo13311Leonardo,Majo13311Leonardo9,Noche,Con sus hijos jóvenes o nietos,Comió,"Dedicación personal (comió, bañó, descansó)",2,2,2,2,2,7,8,"Hospital, Clínica, Centro de Salud",2,60,18:00:00,9,120,120,120,120,120,420,480,540
Majo13311Leonardo10,Majo13311Leonardo,Majo13311Leonardo10,Noche,Con pareja e hijos,Vió televisión,"Entretenimiento (radio, televisión, computadora, juego en casa)",2,2,2,2,2,7,8,"Hospital, Clínica, Centro de Salud",2,90,19:00:00,9,180,180,180,180,180,630,720,810
Majo13311Leonardo11,Majo13311Leonardo,Majo13311Leonardo11,Noche,Estaba solo,Hizo tareas domésticas,"Tareas domésticas (comida, cuida a los hijos, mascotas)",2,2,2,2,2,8,8,"Hospital, Clínica, Centro de Salud",2,30,20:00:00,,60,60,60,60,60,240,240,
Majo13311Leonardo12,Majo13311Leonardo,Majo13311Leonardo12,Noche,Con pareja e hijos,Comió,"Dedicación personal (comió, bañó, descansó)",2,2,2,2,2,7,9,"Hospital, Clínica, Centro de Salud",2,60,21:00:00,9,120,120,120,120,120,420,540,540
Majo13311Leonardo13,Majo13311Leonardo,Majo13311Leonardo13,Noche,Estaba solo,Hizo tareas domésticas,"Tareas domésticas (comida, cuida a los hijos, mascotas)",2,4,2,2,2,7,8,"Hospital, Clínica, Centro de Salud",2,30,22:00:00,,60,120,60,60,60,210,240,
Majo13311Leonardo14,Majo13311Leonardo,Majo13311Leonardo14,Noche,Con su pareja,Vió televisión,"Entretenimiento (radio, televisión, computadora, juego en casa)",2,2,2,2,2,8,8,"Hospital, Clínica, Centro de Salud",2,120,23:00:00,9,240,240,240,240,240,960,960,1080
Majo13311Valeria1,Majo13311Valeria,Majo13311Valeria1,Mañana,Con pareja e hijos,Comió,"Dedicación personal (comió, bañó, descansó)",2,2,8,2,2,8,9,Casa donde vive,13,30,7:00:00,9,60,60,240,60,60,240,270,270
Majo13311Valeria2,Majo13311Valeria,Majo13311Valeria2,Mañana,Estaba solo,Caminó a algún lado,"Viajó a algún lado (coche, caminando, bicicleta)",2,2,2,2,2,8,10,"Viajó a algún lado (coche, caminando, bicicleta)",13,60,7:00:00,,120,120,120,120,120,480,600,
Majo13311Valeria3,Majo13311Valeria,Majo13311Valeria3,Mañana,Estaba solo,Fue de compras,Compras,2,2,2,2,2,8,10,Parques Naturales o Plazas,13,30,8:00:00,,60,60,60,60,60,240,300,
Majo13311Valeria4,Majo13311Valeria,Majo13311Valeria4,Mañana,Estaba solo,"Descansó (siesta,tomar mate, té o café)","Dedicación personal (comió, bañó, descansó)",2,3,2,2,2,9,9,Parques Naturales o Plazas,13,30,9:00:00,,60,90,60,60,60,270,270,
Majo13311Valeria5,Majo13311Valeria,Majo13311Valeria5,Mañana,Estaba solo,Hizo tareas domésticas,"Tareas domésticas (comida, cuida a los hijos, mascotas)",2,2,2,2,2,7,9,Parques Naturales o Plazas,13,90,10:00:00,,180,180,180,180,180,630,810,
Majo13311Valeria6,Majo13311Valeria,Majo13311Valeria6,Mañana,Estaba solo,Caminó a algún lado,"Viajó a algún lado (coche, caminando, bicicleta)",2,4,2,2,2,8,7,"Viajó a algún lado (coche, caminando, bicicleta)",13,5,11:00:00,,10,20,10,10,10,40,35,
Majo13311Valeria7,Majo13311Valeria,Majo13311Valeria7,Mañana,Estaba solo,Fue de compras,Compras,2,8,2,2,4,6,9,"Supermercado, despensa, verdulería, carnicería, dietética",13,25,11:00:00,,50,200,50,50,100,150,225,
Majo13311Valeria8,Majo13311Valeria,Majo13311Valeria8,Mañana,Estaba solo,Caminó a algún lado,"Viajó a algún lado (coche, caminando, bicicleta)",2,6,2,2,2,7,8,"Viajó a algún lado (coche, caminando, bicicleta)",13,5,11:00:00,,10,30,10,10,10,35,40,
Majo13311Valeria9,Majo13311Valeria,Majo13311Valeria9,Mañana,Estaba solo,Preparó comida,"Tareas domésticas (comida, cuida a los hijos, mascotas)",2,5,2,2,2,7,9,Casa donde vive,13,60,12:00:00,,120,300,120,120,120,420,540,
Majo13311Valeria10,Majo13311Valeria,Majo13311Valeria10,Tarde,Con pareja e hijos,Comió,"Dedicación personal (comió, bañó, descansó)",2,2,2,2,2,8,9,Casa donde vive,13,60,13:00:00,9,120,120,120,120,120,480,540,540
Majo13311Valeria11,Majo13311Valeria,Majo13311Valeria11,Tarde,Con sus hijos jóvenes o nietos,Hizo tareas domésticas,"Tareas domésticas (comida, cuida a los hijos, mascotas)",2,3,2,2,2,6,8,Casa donde vive,13,40,13:00:00,9,80,120,80,80,80,240,320,360
Majo13311Valeria12,Majo13311Valeria,Majo13311Valeria12,Tarde,Con sus hijos jóvenes o nietos,"Descansó (siesta,tomar mate, té o café)","Dedicación personal (comió, bañó, descansó)",2,2,2,2,2,8,9,Casa donde vive,13,120,15:00:00,9,240,240,240,240,240,960,1080,1080
Majo13311Valeria13,Majo13311Valeria,Majo13311Valeria13,Tarde,Con sus hijos jóvenes o nietos,Comió,"Dedicación personal (comió, bañó, descansó)",2,2,2,2,2,7,8,Casa donde vive,13,30,16:00:00,9,60,60,60,60,60,210,240,270
Majo13311Valeria14,Majo13311Valeria,Majo13311Valeria14,Tarde,Estaba solo,Se baño o arregló,"Dedicación personal (comió, bañó, descansó)",3,3,2,2,2,8,9,Casa donde vive,13,20,16:00:00,,60,60,40,40,40,160,180,
Majo13311Valeria15,Majo13311Valeria,Majo13311Valeria15,Tarde,Con sus hijos jóvenes o nietos,Cuidó a alguien,"Relaciones sociales (Charlar, cuidar, actividad religiosa, otras relaciones)",2,2,2,2,2,7,8,Casa donde vive,13,60,17:00:00,9,120,120,120,120,120,420,480,540
Majo13311Valeria16,Majo13311Valeria,Majo13311Valeria16,Noche,Con sus hijos jóvenes o nietos,"Descansó (siesta,tomar mate, té o café)","Dedicación personal (comió, bañó, descansó)",2,2,2,2,2,7,9,Casa donde vive,13,90,18:00:00,9,180,180,180,180,180,630,810,810
Majo13311Valeria17,Majo13311Valeria,Majo13311Valeria17,Noche,Con pareja e hijos,Caminó a algún lado,"Viajó a algún lado (coche, caminando, bicicleta)",3,3,2,2,2,8,8,"Viajó a algún lado (coche, caminando, bicicleta)",12,15,19:00:00,9,45,45,30,30,30,120,120,135
Majo13311Valeria18,Majo13311Valeria,Majo13311Valeria18,Noche,Con pareja e hijos,Fue de compras,Compras,3,3,2,2,2,7,8,"Supermercado, despensa, verdulería, carnicería, dietética",12,35,20:00:00,9,105,105,70,70,70,245,280,315
Majo13311Valeria19,Majo13311Valeria,Majo13311Valeria19,Noche,Con pareja e hijos,Caminó a algún lado,"Viajó a algún lado (coche, caminando, bicicleta)",2,4,2,2,2,7,7,"Viajó a algún lado (coche, caminando, bicicleta)",13,15,20:00:00,9,30,60,30,30,30,105,105,135
Majo13311Valeria20,Majo13311Valeria,Majo13311Valeria20,Noche,Estaba solo,Preparó comida,"Tareas domésticas (comida, cuida a los hijos, mascotas)",2,2,2,2,2,8,8,Casa donde vive,13,30,20:00:00,,60,60,60,60,60,240,240,
Majo13311Valeria21,Majo13311Valeria,Majo13311Valeria21,Noche,Con pareja e hijos,Comió,"Dedicación personal (comió, bañó, descansó)",2,2,2,2,2,8,8,Casa donde vive,13,60,21:00:00,9,120,120,120,120,120,480,480,540
Majo13311Valeria22,Majo13311Valeria,Majo13311Valeria22,Noche,Con su pareja,Vió televisión,"Entretenimiento (radio, televisión, computadora, juego en casa)",2,2,2,2,2,8,9,Casa donde vive,13,120,23:00:00,9,240,240,240,240,240,960,1080,1080
Majo141204Ricardo1,Majo141204Ricardo,Majo141204Ricardo1,Mañana,Con su pareja,Comió,"Dedicación personal (comió, bañó, descansó)",8,2,2,2,2,9,8,Casa donde vive,14,60,7:00:00,9,480,120,120,120,120,540,480,540
Majo141204Ricardo2,Majo141204Ricardo,Majo141204Ricardo2,Mañana,Con su pareja,Trabajó,Trabajó,2,6,2,2,2,8,8,Casa donde vive,14,300,10:00:00,9,600,1800,600,600,600,2400,2400,2700
Majo141204Ricardo3,Majo141204Ricardo,Majo141204Ricardo3,Tarde,Con su pareja,Caminó a algún lado,"Viajó a algún lado (coche, caminando, bicicleta)",2,7,2,2,2,8,10,"Viajó a algún lado (coche, caminando, bicicleta)",7,120,14:00:00,9,240,840,240,240,240,960,1200,1080
Majo141204Ricardo4,Majo141204Ricardo,Majo141204Ricardo4,Tarde,Con su pareja,Caminó a algún lado,"Viajó a algún lado (coche, caminando, bicicleta)",2,5,2,2,2,8,10,"Viajó a algún lado (coche, caminando, bicicleta)",14,10,15:00:00,9,20,50,20,20,20,80,100,90
Majo141204Ricardo5,Majo141204Ricardo,Majo141204Ricardo5,Tarde,Estaba solo,Se baño o arregló,"Dedicación personal (comió, bañó, descansó)",2,5,2,2,2,8,9,Casa donde vive,14,10,15:00:00,,20,50,20,20,20,80,90,
Majo141204Ricardo6,Majo141204Ricardo,Majo141204Ricardo6,Tarde,Estaba solo,Comió,"Dedicación personal (comió, bañó, descansó)",5,6,2,2,2,9,9,Casa donde vive,14,40,16:00:00,,200,240,80,80,80,360,360,
Majo141204Ricardo7,Majo141204Ricardo,Majo141204Ricardo7,Tarde,Con su pareja,Trabajó,Trabajó,2,6,2,2,2,8,8,Casa donde vive,14,300,18:00:00,9,600,1800,600,600,600,2400,2400,2700
Majo141204Ricardo8,Majo141204Ricardo,Majo141204Ricardo8,Noche,Con su pareja,Comió,"Dedicación personal (comió, bañó, descansó)",2,2,2,2,2,8,8,Casa donde vive,14,45,21:00:00,10,90,90,90,90,90,360,360,450
Majo141204Ricardo9,Majo141204Ricardo,Majo141204Ricardo9,Noche,Con su pareja,Tuvo relaciones íntimas,"Relaciones sociales (Charlar, cuidar, actividad religiosa, otras relaciones)",2,2,2,2,2,8,9,Casa donde vive,14,30,22:00:00,10,60,60,60,60,60,240,270,300
Majo1416irina1,Majo1416irina,Majo1416irina1,Mañana,Con sus hijos jóvenes o nietos,Preparó comida,"Tareas domésticas (comida, cuida a los hijos, mascotas)",4,4,2,5,2,8,8,Casa donde vive,1,15,7:00:00,,60,60,30,75,30,120,120,
Majo1416irina2,Majo1416irina,Majo1416irina2,Mañana,Con sus hijos jóvenes o nietos,Comió,"Dedicación personal (comió, bañó, descansó)",2,3,2,5,2,7,8,Casa donde vive,1,20,7:00:00,9,40,60,40,100,40,140,160,180
Majo1416irina3,Majo1416irina,Majo1416irina3,Mañana,Estaba solo,Hizo tareas domésticas,"Tareas domésticas (comida, cuida a los hijos, mascotas)",4,6,2,4,2,7,7,Casa donde vive,1,75,8:00:00,,300,450,150,300,150,525,525,
Majo1416irina4,Majo1416irina,Majo1416irina4,Mañana,Estaba solo,Se baño o arregló,"Dedicación personal (comió, bañó, descansó)",2,4,2,3,2,8,8,Casa donde vive,1,20,8:00:00,,40,80,40,60,40,160,160,
Majo1416irina5,Majo1416irina,Majo1416irina5,Mañana,Estaba solo,Viajó en bicicleta,"Viajó a algún lado (coche, caminando, bicicleta)",2,2,2,2,4,8,8,"Viajó a algún lado (coche, caminando, bicicleta)",3,15,9:00:00,,30,30,30,30,60,120,120,
Majo1416irina6,Majo1416irina,Majo1416irina6,Mañana,Estaba solo,Trabajó,Trabajó,4,4,2,4,2,7,6,Lugar de trabajo,3,240,11:00:00,,960,960,480,960,480,1680,1440,
Majo1416irina7,Majo1416irina,Majo1416irina7,Tarde,Estaba solo,Viajó en bicicleta,"Viajó a algún lado (coche, caminando, bicicleta)",2,2,2,4,2,7,8,"Viajó a algún lado (coche, caminando, bicicleta)",1,20,13:00:00,,40,40,40,80,40,140,160,
Majo1416irina8,Majo1416irina,Majo1416irina8,Tarde,Con sus hijos jóvenes o nietos,Comió,"Dedicación personal (comió, bañó, descansó)",2,2,2,3,5,8,9,Casa donde vive,1,30,13:00:00,9,60,60,60,90,150,240,270,270
Majo1416irina9,Majo1416irina,Majo1416irina9,Tarde,Estaba solo,Caminó a algún lado,"Viajó a algún lado (coche, caminando, bicicleta)",2,2,2,2,2,7,8,"Viajó a algún lado (coche, caminando, bicicleta)",1,10,14:00:00,,20,20,20,20,20,70,80,
Majo1416irina10,Majo1416irina,Majo1416irina10,Tarde,Con compañeros de trabajo / escuela / club,Hizo tareas domésticas,"Tareas domésticas (comida, cuida a los hijos, mascotas)",2,2,2,2,2,8,9,Otros……..,1,120,15:00:00,9,240,240,240,240,240,960,1080,1080
Majo1416irina11,Majo1416irina,Majo1416irina11,Tarde,Estaba solo,Caminó a algún lado,"Viajó a algún lado (coche, caminando, bicicleta)",2,2,2,2,2,7,7,"Viajó a algún lado (coche, caminando, bicicleta)",1,10,16:00:00,,20,20,20,20,20,70,70,
Majo1416irina12,Majo1416irina,Majo1416irina12,Tarde,Con sus hijos jóvenes o nietos,Hizo tareas domésticas,"Tareas domésticas (comida, cuida a los hijos, mascotas)",2,2,2,2,2,8,7,Casa donde vive,1,90,17:00:00,9,180,180,180,180,180,720,630,810
Majo1416irina13,Majo1416irina,Majo1416irina13,Tarde,Con pareja e hijos,"Descansó (siesta,tomar mate, té o café)","Dedicación personal (comió, bañó, descansó)",2,2,2,2,2,7,9,Casa donde vive,1,60,18:00:00,9,120,120,120,120,120,420,540,540
Majo1416irina14,Majo1416irina,Majo1416irina14,Noche,Con sus hijos jóvenes o nietos,Vió televisión,"Entretenimiento (radio, televisión, computadora, juego en casa)",2,2,2,2,2,8,8,Casa donde vive,1,60,19:00:00,9,120,120,120,120,120,480,480,540
Majo1416irina15,Majo1416irina,Majo1416irina15,Noche,Estaba solo,Preparó comida,"Tareas domésticas (comida, cuida a los hijos, mascotas)",2,2,2,2,2,8,9,Casa donde vive,1,80,20:00:00,,160,160,160,160,160,640,720,
Majo1416irina16,Majo1416irina,Majo1416irina16,Noche,Con sus hijos jóvenes o nietos,Comió,"Dedicación personal (comió, bañó, descansó)",2,2,2,2,2,8,9,Casa donde vive,1,50,21:00:00,9,100,100,100,100,100,400,450,450
Majo1416irina17,Majo1416irina,Majo1416irina17,Noche,Estaba solo,Hizo tareas domésticas,"Tareas domésticas (comida, cuida a los hijos, mascotas)",2,2,2,2,2,8,8,Casa donde vive,1,30,22:00:00,,60,60,60,60,60,240,240,
Majo1416irina18,Majo1416irina,Majo1416irina18,Noche,Estaba solo,Entretetenimiento con la computadora,"Entretenimiento (radio, televisión, computadora, juego en casa)",2,2,2,2,2,7,8,Casa donde vive,1,90,23:00:00,,180,180,180,180,180,630,720,
Majo14202María1,Majo14202María,Majo14202María1,Mañana,Estaba solo,Comió,"Dedicación personal (comió, bañó, descansó)",2,2,2,2,2,8,8,Casa donde vive,14,15,10:00:00,,30,30,30,30,30,120,120,
Majo14202María2,Majo14202María,Majo14202María2,Mañana,Con otros familiares,Hizo tareas domésticas,"Tareas domésticas (comida, cuida a los hijos, mascotas)",2,2,2,2,2,6,7,Casa donde vive,14,120,11:00:00,8,240,240,240,240,240,720,840,960
Majo14202María3,Majo14202María,Majo14202María3,Tarde,Con sus hijos jóvenes o nietos,Comió,"Dedicación personal (comió, bañó, descansó)",2,2,2,2,2,9,9,Casa donde vive,14,60,12:00:00,10,120,120,120,120,120,540,540,600
Majo14202María4,Majo14202María,Majo14202María4,Tarde,Con sus hijos adultos,Hizo tareas domésticas,"Tareas domésticas (comida, cuida a los hijos, mascotas)",2,2,2,2,2,8,8,Casa donde vive,14,30,13:00:00,9,60,60,60,60,60,240,240,270
Majo14202María5,Majo14202María,Majo14202María5,Tarde,Estaba solo,Entretetenimiento con la computadora,"Entretenimiento (radio, televisión, computadora, juego en casa)",2,2,2,2,2,8,9,Casa donde vive,14,90,14:00:00,,180,180,180,180,180,720,810,
Majo14202María6,Majo14202María,Majo14202María6,Tarde,Estaba solo,"Descansó (siesta,tomar mate, té o café)","Dedicación personal (comió, bañó, descansó)",2,2,2,2,2,8,8,Casa donde vive,14,20,15:00:00,,40,40,40,40,40,160,160,
Majo14202María7,Majo14202María,Majo14202María7,Tarde,Estaba solo,Se baño o arregló,"Dedicación personal (comió, bañó, descansó)",2,2,2,2,2,8,10,Casa donde vive,14,20,15:00:00,,40,40,40,40,40,160,200,
Majo14202María8,Majo14202María,Majo14202María8,Tarde,Estaba solo,Viajó en coche/colectivo/moto,"Viajó a algún lado (coche, caminando, bicicleta)",2,2,2,2,2,8,9,"Viajó a algún lado (coche, caminando, bicicleta)",6,20,16:00:00,,40,40,40,40,40,160,180,
Majo14202María9,Majo14202María,Majo14202María9,Noche,Con compañeros de trabajo / escuela / club,Trabajó,Trabajó,2,2,2,2,2,8,9,"Escuela, Campus, u otro establecimiento educativo",6,285,18:00:00,10,570,570,570,570,570,2280,2565,2850
Majo14202María10,Majo14202María,Majo14202María10,Noche,Estaba solo,Viajó en coche/colectivo/moto,"Viajó a algún lado (coche, caminando, bicicleta)",2,3,2,2,2,7,7,"Viajó a algún lado (coche, caminando, bicicleta)",14,15,21:00:00,,30,45,30,30,30,105,105,
Majo14202María11,Majo14202María,Majo14202María11,Noche,Con pareja e hijos,Comió,"Dedicación personal (comió, bañó, descansó)",2,2,2,2,2,8,9,Casa donde vive,14,30,21:00:00,9,60,60,60,60,60,240,270,270
Majo14202María12,Majo14202María,Majo14202María12,Noche,Con pareja e hijos,Vió televisión,"Entretenimiento (radio, televisión, computadora, juego en casa)",2,2,2,2,2,8,8,Casa donde vive,14,90,22:00:00,9,180,180,180,180,180,720,720,810
Majo14203Liliana1,Majo14203Liliana,Majo14203Liliana1,Mañana,Con su pareja,Comió,"Dedicación personal (comió, bañó, descansó)",4,7,2,2,2,8,5,Casa donde vive,14,60,8:00:00,9,240,420,120,120,120,480,300,540
Majo14203Liliana2,Majo14203Liliana,Majo14203Liliana2,Mañana,Estaba solo,Trabajó,Trabajó,4,7,2,2,2,4,9,Casa donde vive,14,210,11:00:00,,840,1470,420,420,420,840,1890,
Majo14203Liliana3,Majo14203Liliana,Majo14203Liliana3,Tarde,Con sus hijos jóvenes o nietos,Comió,"Dedicación personal (comió, bañó, descansó)",4,4,2,2,5,5,5,Casa donde vive,14,30,13:00:00,9,120,120,60,60,150,150,150,270
Majo14203Liliana4,Majo14203Liliana,Majo14203Liliana4,Tarde,Estaba solo,Hizo tareas domésticas,"Tareas domésticas (comida, cuida a los hijos, mascotas)",5,8,2,2,7,4,8,Casa donde vive,14,60,13:00:00,,300,480,120,120,420,240,480,
Majo14203Liliana5,Majo14203Liliana,Majo14203Liliana5,Tarde,Estaba solo,"Descansó (siesta,tomar mate, té o café)","Dedicación personal (comió, bañó, descansó)",6,5,2,2,2,7,8,Casa donde vive,14,50,14:00:00,,300,250,100,100,100,350,400,
Majo14203Liliana6,Majo14203Liliana,Majo14203Liliana6,Tarde,Estaba solo,Se baño o arregló,"Dedicación personal (comió, bañó, descansó)",5,6,2,2,5,6,6,Casa donde vive,14,60,15:00:00,,300,360,120,120,300,360,360,
Majo14203Liliana7,Majo14203Liliana,Majo14203Liliana7,Tarde,Estaba solo,Comió,"Dedicación personal (comió, bañó, descansó)",5,4,2,2,6,8,9,Casa donde vive,14,40,16:00:00,,200,160,80,80,240,320,360,
Majo14203Liliana8,Majo14203Liliana,Majo14203Liliana8,Tarde,Estaba solo,Trabajó,Trabajó,2,8,2,2,7,5,9,Casa donde vive,14,210,18:00:00,,420,1680,420,420,1470,1050,1890,
Majo14203Liliana9,Majo14203Liliana,Majo14203Liliana9,Noche,Estaba solo,Preparó comida,"Tareas domésticas (comida, cuida a los hijos, mascotas)",4,5,2,2,5,8,8,Casa donde vive,14,60,20:00:00,,240,300,120,120,300,480,480,
Majo14203Liliana10,Majo14203Liliana,Majo14203Liliana10,Noche,Con su pareja,Comió,"Dedicación personal (comió, bañó, descansó)",4,2,2,2,2,9,9,Casa donde vive,14,60,21:00:00,9,240,120,120,120,120,540,540,540
Majo14203Liliana11,Majo14203Liliana,Majo14203Liliana11,Noche,Estaba solo,Hizo tareas domésticas,"Tareas domésticas (comida, cuida a los hijos, mascotas)",5,2,2,2,3,7,8,Casa donde vive,14,30,22:00:00,,150,60,60,60,90,210,240,
Majo14203Liliana12,Majo14203Liliana,Majo14203Liliana12,Noche,Estaba solo,Vió televisión,"Entretenimiento (radio, televisión, computadora, juego en casa)",5,5,2,2,2,8,9,Casa donde vive,14,60,23:00:00,,300,300,120,120,120,480,540,
Majo14207Ana1,Majo14207Ana,Majo14207Ana1,Mañana,Estaba solo,Se baño o arregló,"Dedicación personal (comió, bañó, descansó)",3,6,2,5,5,6,7,Casa donde vive,14,20,7:00:00,,60,120,40,100,100,120,140,
Majo14207Ana2,Majo14207Ana,Majo14207Ana2,Mañana,Estaba solo,Comió,"Dedicación personal (comió, bañó, descansó)",3,6,2,5,5,6,6,Casa donde vive,14,10,8:00:00,,30,60,20,50,50,60,60,
Majo14207Ana3,Majo14207Ana,Majo14207Ana3,Mañana,Estaba solo,Viajó en coche/colectivo/moto,"Viajó a algún lado (coche, caminando, bicicleta)",3,6,2,4,5,7,6,"Viajó a algún lado (coche, caminando, bicicleta)",4,15,8:00:00,,45,90,30,60,75,105,90,
Majo14207Ana4,Majo14207Ana,Majo14207Ana4,Mañana,Con compañeros de trabajo / escuela / club,Trabajó,Trabajó,4,4,2,3,6,8,8,Lugar de trabajo,4,420,12:00:00,10,1680,1680,840,1260,2520,3360,3360,4200
Majo14207Ana5,Majo14207Ana,Majo14207Ana5,Tarde,Con sus hijos adultos,Viajó en coche/colectivo/moto,"Viajó a algún lado (coche, caminando, bicicleta)",3,2,2,3,3,7,8,"Viajó a algún lado (coche, caminando, bicicleta)",14,15,15:00:00,9,45,30,30,45,45,105,120,135
Majo14207Ana6,Majo14207Ana,Majo14207Ana6,Tarde,Con sus hijos adultos,Comió,"Dedicación personal (comió, bañó, descansó)",3,2,2,3,3,7,9,Casa donde vive,14,80,16:00:00,10,240,160,160,240,240,560,720,800
Majo14207Ana7,Majo14207Ana,Majo14207Ana7,Tarde,Con amigos,Habló con alguien,"Relaciones sociales (Charlar, cuidar, actividad religiosa, otras relaciones)",2,2,2,3,2,7,8,Casa donde vive,14,80,17:00:00,9,160,160,160,240,160,560,640,720
Majo14207Ana8,Majo14207Ana,Majo14207Ana8,Noche,Con sus hijos jóvenes o nietos,Otra actividad de ocio,"Entretenimiento (radio, televisión, computadora, juego en casa)",2,2,2,2,2,8,9,Casa donde vive,14,120,19:00:00,9,240,240,240,240,240,960,1080,1080
Majo14207Ana9,Majo14207Ana,Majo14207Ana9,Noche,Con sus hijos jóvenes o nietos,Hizo tareas domésticas,"Tareas domésticas (comida, cuida a los hijos, mascotas)",2,2,2,2,2,8,8,Casa donde vive,14,90,21:00:00,9,180,180,180,180,180,720,720,810
Majo14207Ana10,Majo14207Ana,Majo14207Ana10,Noche,Con sus hijos adultos,Comió,"Dedicación personal (comió, bañó, descansó)",2,2,2,2,2,7,9,Casa donde vive,14,60,22:00:00,9,120,120,120,120,120,420,540,540
Majo14207Ana11,Majo14207Ana,Majo14207Ana11,Noche,Con sus hijos adultos,Hizo tareas domésticas,"Tareas domésticas (comida, cuida a los hijos, mascotas)",2,6,2,2,4,8,8,Casa donde vive,14,15,23:00:00,9,30,90,30,30,60,120,120,135
Majo14207Ana12,Majo14207Ana,Majo14207Ana12,Noche,Con sus hijos adultos,Vió televisión,"Entretenimiento (radio, televisión, computadora, juego en casa)",2,2,2,2,2,8,9,Casa donde vive,14,120,0:00:00,9,240,240,240,240,240,960,1080,1080
Majo14207Ana13,Majo14207Ana,Majo14207Ana13,Noche,Estaba solo,Entretetenimiento con la computadora,"Entretenimiento (radio, televisión, computadora, juego en casa)",2,2,2,2,2,7,10,Casa donde vive,14,90,0:00:00,,180,180,180,180,180,630,900,
Majo14207Cristina1,Majo14207Cristina,Majo14207Cristina1,Mañana,Con sus hijos adultos,Comió,"Dedicación personal (comió, bañó, descansó)",2,8,2,5,2,5,8,Casa donde vive,14,30,11:00:00,10,60,240,60,150,60,150,240,300
Majo14207Cristina2,Majo14207Cristina,Majo14207Cristina2,Mañana,Estaba solo,Trabajó,Trabajó,7,9,4,6,2,6,5,Casa donde vive,14,150,13:00:00,,1050,1350,600,900,300,900,750,
Majo14207Cristina3,Majo14207Cristina,Majo14207Cristina3,Tarde,Con sus hijos adultos,Comió,"Dedicación personal (comió, bañó, descansó)",2,7,2,2,2,8,9,Casa donde vive,14,40,14:00:00,10,80,280,80,80,80,320,360,400
Majo14207Cristina4,Majo14207Cristina,Majo14207Cristina4,Tarde,Estaba solo,Hizo tareas domésticas,"Tareas domésticas (comida, cuida a los hijos, mascotas)",5,7,2,5,2,8,7,Casa donde vive,14,40,15:00:00,,200,280,80,200,80,320,280,
Majo14207Cristina5,Majo14207Cristina,Majo14207Cristina5,Tarde,Estaba solo,Otra actividad de ocio,"Entretenimiento (radio, televisión, computadora, juego en casa)",2,2,2,4,2,8,9,Casa donde vive,14,60,16:00:00,,120,120,120,240,120,480,540,
Majo14207Cristina6,Majo14207Cristina,Majo14207Cristina6,Tarde,Estaba solo,Trabajó,Trabajó,7,8,3,6,4,7,3,Casa donde vive,14,120,17:00:00,,840,960,360,720,480,840,360,
Majo14207Cristina7,Majo14207Cristina,Majo14207Cristina7,Noche,Con sus hijos adultos,Caminó a algún lado,"Viajó a algún lado (coche, caminando, bicicleta)",2,9,2,2,2,9,7,"Viajó a algún lado (coche, caminando, bicicleta)",10,15,18:00:00,9,30,135,30,30,30,135,105,135
Majo14207Cristina8,Majo14207Cristina,Majo14207Cristina8,Noche,Con sus hijos adultos,Fue de compras,Compras,2,7,2,2,2,9,7,"Supermercado, despensa, verdulería, carnicería, dietética",10,45,19:00:00,9,90,315,90,90,90,405,315,405
Majo14207Cristina9,Majo14207Cristina,Majo14207Cristina9,Noche,Con sus hijos adultos,Caminó a algún lado,"Viajó a algún lado (coche, caminando, bicicleta)",2,6,2,2,4,8,8,"Viajó a algún lado (coche, caminando, bicicleta)",14,15,19:00:00,9,30,90,30,30,60,120,120,135
Majo14207Cristina10,Majo14207Cristina,Majo14207Cristina10,Noche,Estaba solo,Trabajó,Trabajó,5,9,2,2,6,4,4,Casa donde vive,14,90,20:00:00,,450,810,180,180,540,360,360,
Majo14207Cristina11,Majo14207Cristina,Majo14207Cristina11,Noche,Con sus hijos adultos,Preparó comida,"Tareas domésticas (comida, cuida a los hijos, mascotas)",2,2,2,2,2,8,9,Casa donde vive,14,60,22:00:00,9,120,120,120,120,120,480,540,540
Majo14207Cristina12,Majo14207Cristina,Majo14207Cristina12,Noche,Con sus hijos adultos,Comió,"Dedicación personal (comió, bañó, descansó)",2,2,2,2,2,9,9,Casa donde vive,14,60,23:00:00,10,120,120,120,120,120,540,540,600
Majo14207Cristina13,Majo14207Cristina,Majo14207Cristina13,Noche,Con sus hijos adultos,Vió televisión,"Entretenimiento (radio, televisión, computadora, juego en casa)",2,2,2,2,2,8,9,Casa donde vive,14,60,0:00:00,9,120,120,120,120,120,480,540,540
Majo14207Cristina14,Majo14207Cristina,Majo14207Cristina14,Noche,Estaba solo,Hizo tareas domésticas,"Tareas domésticas (comida, cuida a los hijos, mascotas)",1,6,2,2,2,8,4,Casa donde vive,14,30,0:00:00,,30,180,60,60,60,240,120,
Majo14207Florencia1,Majo14207Florencia,Majo14207Florencia1,Mañana,Con sus hijos jóvenes o nietos,Se baño o arregló,"Dedicación personal (comió, bañó, descansó)",2,5,2,2,2,8,8,Casa donde vive,14,10,7:00:00,9,20,50,20,20,20,80,80,90
Majo14207Florencia2,Majo14207Florencia,Majo14207Florencia2,Mañana,Estaba solo,Se baño o arregló,"Dedicación personal (comió, bañó, descansó)",2,3,2,2,2,8,9,Casa donde vive,14,20,8:00:00,,40,60,40,40,40,160,180,
Majo14207Florencia3,Majo14207Florencia,Majo14207Florencia3,Mañana,Con sus hijos jóvenes o nietos,Otra,"Relaciones sociales (Charlar, cuidar, actividad religiosa, otras relaciones)",2,4,2,2,2,7,8,Casa donde vive,14,10,8:00:00,9,20,40,20,20,20,70,80,90
Majo14207Florencia4,Majo14207Florencia,Majo14207Florencia4,Mañana,Con sus hijos jóvenes o nietos,Caminó a algún lado,"Viajó a algún lado (coche, caminando, bicicleta)",2,3,2,2,2,8,8,"Viajó a algún lado (coche, caminando, bicicleta)",14,5,8:00:00,9,10,15,10,10,10,40,40,45
Majo14207Florencia5,Majo14207Florencia,Majo14207Florencia5,Mañana,Estaba solo,Caminó a algún lado,"Viajó a algún lado (coche, caminando, bicicleta)",2,2,2,2,2,7,8,"Viajó a algún lado (coche, caminando, bicicleta)",14,10,8:00:00,,20,20,20,20,20,70,80,
Majo14207Florencia6,Majo14207Florencia,Majo14207Florencia6,Mañana,Estaba solo,Hizo tareas domésticas,"Tareas domésticas (comida, cuida a los hijos, mascotas)",2,2,2,2,2,8,9,Casa donde vive,14,180,10:00:00,,360,360,360,360,360,1440,1620,
Majo14207Florencia7,Majo14207Florencia,Majo14207Florencia7,Mañana,Estaba solo,Preparó comida,"Tareas domésticas (comida, cuida a los hijos, mascotas)",2,2,2,2,2,8,9,Casa donde vive,14,60,12:00:00,,120,120,120,120,120,480,540,
Majo14207Florencia8,Majo14207Florencia,Majo14207Florencia8,Tarde,Con pareja e hijos,Comió,"Dedicación personal (comió, bañó, descansó)",2,2,2,2,2,8,9,Casa donde vive,14,60,13:00:00,9,120,120,120,120,120,480,540,540
Majo14207Florencia9,Majo14207Florencia,Majo14207Florencia9,Tarde,Estaba solo,Hizo tareas domésticas,"Tareas domésticas (comida, cuida a los hijos, mascotas)",2,2,2,2,2,7,8,Casa donde vive,14,30,13:00:00,,60,60,60,60,60,210,240,
Majo14207Florencia10,Majo14207Florencia,Majo14207Florencia10,Tarde,Con su pareja,Trabajó,Trabajó,2,2,2,2,2,8,10,Casa donde vive,14,390,17:00:00,10,780,780,780,780,780,3120,3900,3900
Majo14207Florencia11,Majo14207Florencia,Majo14207Florencia11,Noche,Con sus hijos jóvenes o nietos,Preparó comida,"Tareas domésticas (comida, cuida a los hijos, mascotas)",2,2,2,2,5,7,9,Casa donde vive,14,60,21:00:00,9,120,120,120,120,300,420,540,540
Majo14207Florencia12,Majo14207Florencia,Majo14207Florencia12,Noche,Con pareja e hijos,Comió,"Dedicación personal (comió, bañó, descansó)",2,2,2,2,5,8,9,Casa donde vive,14,60,22:00:00,9,120,120,120,120,300,480,540,540
Majo14207Florencia13,Majo14207Florencia,Majo14207Florencia13,Noche,Con su pareja,Hizo tareas domésticas,"Tareas domésticas (comida, cuida a los hijos, mascotas)",2,2,2,2,2,8,9,Casa donde vive,14,30,22:00:00,9,60,60,60,60,60,240,270,270
Majo14207Florencia14,Majo14207Florencia,Majo14207Florencia14,Noche,Con su pareja,Vió televisión,"Entretenimiento (radio, televisión, computadora, juego en casa)",2,2,2,2,2,8,9,Casa donde vive,14,120,0:00:00,9,240,240,240,240,240,960,1080,1080
Majo14207Javier1,Majo14207Javier,Majo14207Javier1,Mañana,Estaba solo,Viajó en coche/colectivo/moto,"Viajó a algún lado (coche, caminando, bicicleta)",2,8,2,2,2,8,7,"Viajó a algún lado (coche, caminando, bicicleta)",3,20,7:00:00,,40,160,40,40,40,160,140,
Majo14207Javier2,Majo14207Javier,Majo14207Javier2,Mañana,Con sus hijos jóvenes o nietos,Viajó en coche/colectivo/moto,"Viajó a algún lado (coche, caminando, bicicleta)",4,7,3,2,2,5,7,"Viajó a algún lado (coche, caminando, bicicleta)",3,15,8:00:00,10,60,105,45,30,30,75,105,150
Majo14207Javier3,Majo14207Javier,Majo14207Javier3,Mañana,Estaba solo,Viajó en coche/colectivo/moto,"Viajó a algún lado (coche, caminando, bicicleta)",2,2,2,2,2,2,7,"Viajó a algún lado (coche, caminando, bicicleta)",14,10,8:00:00,,20,20,20,20,20,20,70,
Majo14207Javier4,Majo14207Javier,Majo14207Javier4,Mañana,Estaba solo,"Descansó (siesta,tomar mate, té o café)","Dedicación personal (comió, bañó, descansó)",2,1,1,1,1,9,9,Casa donde vive,14,60,8:00:00,,120,60,60,60,60,540,540,
Majo14207Javier5,Majo14207Javier,Majo14207Javier5,Mañana,Estaba solo,Viajó en coche/colectivo/moto,"Viajó a algún lado (coche, caminando, bicicleta)",1,1,1,1,5,9,6,"Viajó a algún lado (coche, caminando, bicicleta)",5,10,9:00:00,,10,10,10,10,50,90,60,
Majo14207Javier6,Majo14207Javier,Majo14207Javier6,Mañana,Con compañeros de trabajo / escuela / club,Trabajó,Trabajó,5,5,2,2,2,7,7,Lugar de trabajo,5,60,10:00:00,8,300,300,120,120,120,420,420,480
Majo14207Javier7,Majo14207Javier,Majo14207Javier7,Mañana,Estaba solo,Viajó en coche/colectivo/moto,"Viajó a algún lado (coche, caminando, bicicleta)",1,1,1,1,1,6,8,"Viajó a algún lado (coche, caminando, bicicleta)",6,10,10:00:00,,10,10,10,10,10,60,80,
Majo14207Javier8,Majo14207Javier,Majo14207Javier8,Mañana,Estaba solo,Comió,"Dedicación personal (comió, bañó, descansó)",2,2,2,2,2,8,8,Bar o café,6,30,10:00:00,,60,60,60,60,60,240,240,
Majo14207Javier9,Majo14207Javier,Majo14207Javier9,Mañana,Con amigos,Habló con alguien,"Relaciones sociales (Charlar, cuidar, actividad religiosa, otras relaciones)",2,2,2,2,2,8,8,Bar o café,6,10,11:00:00,8,20,20,20,20,20,80,80,80
Majo14207Javier10,Majo14207Javier,Majo14207Javier10,Mañana,Estaba solo,Viajó en coche/colectivo/moto,"Viajó a algún lado (coche, caminando, bicicleta)",2,2,2,2,2,8,8,"Viajó a algún lado (coche, caminando, bicicleta)",13,10,11:00:00,,20,20,20,20,20,80,80,
Majo14207Javier11,Majo14207Javier,Majo14207Javier11,Mañana,Estaba solo,Viajó en coche/colectivo/moto,"Viajó a algún lado (coche, caminando, bicicleta)",2,7,2,2,2,"7,29674537332483",8,"Viajó a algún lado (coche, caminando, bicicleta)",10,15,11:00:00,,30,105,30,30,30,"109,451180599872",120,
Majo14207Javier12,Majo14207Javier,Majo14207Javier12,Tarde,Con sus hijos jóvenes o nietos,Viajó en coche/colectivo/moto,"Viajó a algún lado (coche, caminando, bicicleta)",2,3,2,2,2,8,8,"Viajó a algún lado (coche, caminando, bicicleta)",3,20,11:00:00,9,40,60,40,40,40,160,160,180
Majo14207Javier13,Majo14207Javier,Majo14207Javier13,Tarde,Estaba solo,Viajó en coche/colectivo/moto,"Viajó a algún lado (coche, caminando, bicicleta)",2,2,2,2,2,9,8,"Viajó a algún lado (coche, caminando, bicicleta)",11,15,12:00:00,,30,30,30,30,30,135,120,
Majo14207Javier14,Majo14207Javier,Majo14207Javier14,Tarde,Con sus hijos adultos,Comió,"Dedicación personal (comió, bañó, descansó)",2,1,2,1,1,8,8,Casa de los padres,11,90,13:00:00,8,180,90,180,90,90,720,720,720
Majo14207Javier15,Majo14207Javier,Majo14207Javier15,Tarde,Estaba solo,Viajó en coche/colectivo/moto,"Viajó a algún lado (coche, caminando, bicicleta)",2,2,2,2,2,8,8,"Viajó a algún lado (coche, caminando, bicicleta)",14,15,14:00:00,,30,30,30,30,30,120,120,
Majo14207Javier16,Majo14207Javier,Majo14207Javier16,Tarde,Estaba solo,"Descansó (siesta,tomar mate, té o café)","Dedicación personal (comió, bañó, descansó)",2,2,2,2,2,8,9,Casa donde vive,14,90,14:00:00,,180,180,180,180,180,720,810,
Majo14207Javier17,Majo14207Javier,Majo14207Javier17,Tarde,Estaba solo,Leyó / Estudió,Leyó o estudió,2,2,2,2,2,8,9,Casa donde vive,14,120,16:00:00,,240,240,240,240,240,960,1080,
Majo14207Javier18,Majo14207Javier,Majo14207Javier18,Noche,Estaba solo,Se baño o arregló,"Dedicación personal (comió, bañó, descansó)",2,2,2,2,2,10,9,Casa donde vive,14,20,17:00:00,,40,40,40,40,40,200,180,
Majo14207Javier19,Majo14207Javier,Majo14207Javier19,Noche,Con amigos,"Descansó (siesta,tomar mate, té o café)","Dedicación personal (comió, bañó, descansó)",2,2,2,2,2,9,9,Casa donde vive,14,90,18:00:00,9,180,180,180,180,180,810,810,810
Majo14207Javier20,Majo14207Javier,Majo14207Javier20,Noche,Estaba solo,Viajó en coche/colectivo/moto,"Viajó a algún lado (coche, caminando, bicicleta)",2,2,2,2,2,8,9,"Viajó a algún lado (coche, caminando, bicicleta)",11,15,19:00:00,,30,30,30,30,30,120,135,
Majo14207Javier21,Majo14207Javier,Majo14207Javier21,Noche,Con sus hijos jóvenes o nietos,Jugó (cartas /juegos),"Entretenimiento (radio, televisión, computadora, juego en casa)",2,2,2,2,2,9,9,Casa de los padres,11,120,20:00:00,9,240,240,240,240,240,1080,1080,1080
Majo14207Javier22,Majo14207Javier,Majo14207Javier22,Noche,Estaba solo,Viajó en coche/colectivo/moto,"Viajó a algún lado (coche, caminando, bicicleta)",2,2,2,2,2,8,7,"Viajó a algún lado (coche, caminando, bicicleta)",11,15,21:00:00,,30,30,30,30,30,120,105,
Majo14207Javier23,Majo14207Javier,Majo14207Javier23,Noche,Con otros familiares,Habló con alguien,"Relaciones sociales (Charlar, cuidar, actividad religiosa, otras relaciones)",3,2,2,2,2,7,8,Casa de los padres,11,120,22:00:00,9,360,240,240,240,240,840,960,1080
Majo14207Javier24,Majo14207Javier,Majo14207Javier24,Noche,Estaba solo,Viajó en coche/colectivo/moto,"Viajó a algún lado (coche, caminando, bicicleta)",2,2,2,2,2,8,7,"Viajó a algún lado (coche, caminando, bicicleta)",14,15,0:00:00,,30,30,30,30,30,120,105,
Majo14207Marisa1,Majo14207Marisa,Majo14207Marisa1,Mañana,Estaba solo,Se baño o arregló,"Dedicación personal (comió, bañó, descansó)",9,7,2,2,10,2,8,Casa donde vive,14,15,10:00:00,,135,105,30,30,150,30,120,
Majo14207Marisa2,Majo14207Marisa,Majo14207Marisa2,Mañana,Estaba solo,Comió,"Dedicación personal (comió, bañó, descansó)",9,7,2,2,9,2,8,Casa donde vive,14,30,10:00:00,,270,210,60,60,270,60,240,
Majo14207Marisa3,Majo14207Marisa,Majo14207Marisa3,Mañana,Estaba solo,Hizo tareas domésticas,"Tareas domésticas (comida, cuida a los hijos, mascotas)",8,5,2,2,3,8,8,Casa donde vive,14,60,11:00:00,,480,300,120,120,180,480,480,
Majo14207Marisa4,Majo14207Marisa,Majo14207Marisa4,Mañana,Estaba solo,Preparó comida,"Tareas domésticas (comida, cuida a los hijos, mascotas)",5,4,2,2,2,8,8,Casa donde vive,14,30,12:00:00,,150,120,60,60,60,240,240,
Majo14207Marisa5,Majo14207Marisa,Majo14207Marisa5,Tarde,Con sus hijos jóvenes o nietos,Comió,"Dedicación personal (comió, bañó, descansó)",3,5,2,2,2,7,9,Casa donde vive,14,30,12:00:00,9,90,150,60,60,60,210,270,270
Majo14207Marisa6,Majo14207Marisa,Majo14207Marisa6,Tarde,Estaba solo,Hizo tareas domésticas,"Tareas domésticas (comida, cuida a los hijos, mascotas)",2,6,2,2,2,7,7,Casa donde vive,14,120,14:00:00,,240,720,240,240,240,840,840,
Majo14207Marisa7,Majo14207Marisa,Majo14207Marisa7,Tarde,Estaba solo,Se baño o arregló,"Dedicación personal (comió, bañó, descansó)",2,2,2,2,3,8,9,Casa donde vive,14,45,15:00:00,,90,90,90,90,135,360,405,
Majo14207Marisa8,Majo14207Marisa,Majo14207Marisa8,Tarde,Con pareja e hijos,Habló con alguien,"Relaciones sociales (Charlar, cuidar, actividad religiosa, otras relaciones)",2,2,2,2,2,8,9,Casa donde vive,14,60,16:00:00,9,120,120,120,120,120,480,540,540
Majo14207Marisa9,Majo14207Marisa,Majo14207Marisa9,Tarde,Con pareja e hijos,Comió,"Dedicación personal (comió, bañó, descansó)",2,2,2,2,2,8,9,Casa donde vive,14,60,17:00:00,9,120,120,120,120,120,480,540,540
Majo14207Marisa10,Majo14207Marisa,Majo14207Marisa10,Noche,Con otros familiares,Habló con alguien,"Relaciones sociales (Charlar, cuidar, actividad religiosa, otras relaciones)",2,2,2,2,2,7,9,Casa donde vive,14,60,18:00:00,9,120,120,120,120,120,420,540,540
Majo14207Marisa11,Majo14207Marisa,Majo14207Marisa11,Noche,Estaba solo,Entretetenimiento con la computadora,"Entretenimiento (radio, televisión, computadora, juego en casa)",2,2,2,2,2,8,9,Casa donde vive,14,60,19:00:00,,120,120,120,120,120,480,540,
Majo14207Marisa12,Majo14207Marisa,Majo14207Marisa12,Noche,Con sus hijos jóvenes o nietos,Vió televisión,"Entretenimiento (radio, televisión, computadora, juego en casa)",2,2,2,2,2,8,9,Casa donde vive,14,240,21:00:00,9,480,480,480,480,480,1920,2160,2160
Majo14214Ana María1,Majo14214Ana María,Majo14214Ana María1,Mañana,Estaba solo,Comió,"Dedicación personal (comió, bañó, descansó)",2,2,2,2,2,8,8,Casa donde vive,14,60,7:00:00,,120,120,120,120,120,480,480,
Majo14214Ana María2,Majo14214Ana María,Majo14214Ana María2,Mañana,Estaba solo,"Actividad agrícola o cria, cuidado mascotas","Tareas domésticas (comida, cuida a los hijos, mascotas)",2,6,2,2,2,8,9,Casa donde vive,14,15,8:00:00,,30,90,30,30,30,120,135,
Majo14214Ana María3,Majo14214Ana María,Majo14214Ana María3,Mañana,Estaba solo,Caminó a algún lado,"Viajó a algún lado (coche, caminando, bicicleta)",2,2,2,2,2,8,8,"Viajó a algún lado (coche, caminando, bicicleta)",13,15,8:00:00,,30,30,30,30,30,120,120,
Majo14214Ana María4,Majo14214Ana María,Majo14214Ana María4,Mañana,Con compañeros de trabajo / escuela / club,Hizo ejercicio o dio paseo,Hizo ejercicio o dio paseo,2,2,2,2,2,8,8,Otros……..,13,60,8:00:00,9,120,120,120,120,120,480,480,540
Majo14214Ana María5,Majo14214Ana María,Majo14214Ana María5,Mañana,Estaba solo,Caminó a algún lado,"Viajó a algún lado (coche, caminando, bicicleta)",2,2,2,2,2,8,8,"Viajó a algún lado (coche, caminando, bicicleta)",10,15,9:00:00,,30,30,30,30,30,120,120,
Majo14214Ana María6,Majo14214Ana María,Majo14214Ana María6,Mañana,Estaba solo,Fue de compras,Compras,2,3,2,2,2,8,8,"Supermercado, despensa, verdulería, carnicería, dietética",10,30,9:00:00,,60,90,60,60,60,240,240,
Majo14214Ana María7,Majo14214Ana María,Majo14214Ana María7,Mañana,Estaba solo,Caminó a algún lado,"Viajó a algún lado (coche, caminando, bicicleta)",2,3,2,2,2,7,8,"Viajó a algún lado (coche, caminando, bicicleta)",14,15,10:00:00,,30,45,30,30,30,105,120,
Majo14214Ana María8,Majo14214Ana María,Majo14214Ana María8,Mañana,Estaba solo,Hizo tareas domésticas,"Tareas domésticas (comida, cuida a los hijos, mascotas)",2,2,2,2,2,7,8,Casa donde vive,14,60,10:00:00,,120,120,120,120,120,420,480,
Majo14214Ana María9,Majo14214Ana María,Majo14214Ana María9,Mañana,Estaba solo,Preparó comida,"Tareas domésticas (comida, cuida a los hijos, mascotas)",2,4,2,2,2,7,8,Casa donde vive,14,60,11:00:00,,120,240,120,120,120,420,480,
Majo14214Ana María10,Majo14214Ana María,Majo14214Ana María10,Tarde,Con su pareja,Comió,"Dedicación personal (comió, bañó, descansó)",2,2,2,2,2,8,8,Casa donde vive,14,60,12:00:00,9,120,120,120,120,120,480,480,540
Majo14214Ana María11,Majo14214Ana María,Majo14214Ana María11,Tarde,Estaba solo,Hizo tareas domésticas,"Tareas domésticas (comida, cuida a los hijos, mascotas)",2,3,2,2,2,8,7,Casa donde vive,14,60,13:00:00,,120,180,120,120,120,480,420,
Majo14214Ana María12,Majo14214Ana María,Majo14214Ana María12,Tarde,Estaba solo,"Descansó (siesta,tomar mate, té o café)","Dedicación personal (comió, bañó, descansó)",2,2,2,2,2,8,8,Casa donde vive,14,150,15:00:00,,300,300,300,300,300,1200,1200,
Majo14214Ana María13,Majo14214Ana María,Majo14214Ana María13,Tarde,Estaba solo,Caminó a algún lado,"Viajó a algún lado (coche, caminando, bicicleta)",2,2,2,2,2,7,8,"Viajó a algún lado (coche, caminando, bicicleta)",14,15,17:00:00,,30,30,30,30,30,105,120,
Majo14214Ana María14,Majo14214Ana María,Majo14214Ana María14,Tarde,Estaba solo,Viajó en coche/colectivo/moto,"Viajó a algún lado (coche, caminando, bicicleta)",2,2,2,2,2,7,8,"Viajó a algún lado (coche, caminando, bicicleta)",14,15,17:00:00,,30,30,30,30,30,105,120,
Majo14214Ana María15,Majo14214Ana María,Majo14214Ana María15,Tarde,Destinatario de nuestra actividad laboral (Cliente / paciente / alumno),Trabajó,Trabajó,2,2,2,2,2,7,9,Lugar de trabajo,14,240,19:00:00,9,480,480,480,480,480,1680,2160,2160
Majo14214Ana María16,Majo14214Ana María,Majo14214Ana María16,Noche,Estaba solo,Caminó a algún lado,"Viajó a algún lado (coche, caminando, bicicleta)",2,3,2,2,2,8,7,"Viajó a algún lado (coche, caminando, bicicleta)",14,15,21:00:00,,30,45,30,30,30,120,105,
Majo14214Ana María17,Majo14214Ana María,Majo14214Ana María17,Noche,Con su pareja,Vió televisión,"Entretenimiento (radio, televisión, computadora, juego en casa)",2,2,2,2,2,8,8,Casa donde vive,14,60,22:00:00,9,120,120,120,120,120,480,480,540
Majo14214Ana María18,Majo14214Ana María,Majo14214Ana María18,Noche,Con su pareja,"Descansó (siesta,tomar mate, té o café)","Dedicación personal (comió, bañó, descansó)",2,2,2,2,2,8,9,Casa donde vive,14,30,22:00:00,9,60,60,60,60,60,240,270,270
Majo151208Guillermo1,Majo151208Guillermo,Majo151208Guillermo1,Mañana,Estaba solo,Se baño o arregló,"Dedicación personal (comió, bañó, descansó)",2,2,2,2,2,8,8,Casa donde vive,15,20,6:00:00,,40,40,40,40,40,160,160,
Majo151208Guillermo2,Majo151208Guillermo,Majo151208Guillermo2,Mañana,Con pareja e hijos,Comió,"Dedicación personal (comió, bañó, descansó)",2,2,2,2,2,8,8,Casa donde vive,15,20,6:00:00,9,40,40,40,40,40,160,160,180
Majo151208Guillermo3,Majo151208Guillermo,Majo151208Guillermo3,Mañana,Estaba solo,Hizo tareas domésticas,"Tareas domésticas (comida, cuida a los hijos, mascotas)",2,2,2,2,2,8,8,Casa donde vive,15,10,7:00:00,,20,20,20,20,20,80,80,
Majo151208Guillermo4,Majo151208Guillermo,Majo151208Guillermo4,Mañana,Con pareja e hijos,Viajó en coche/colectivo/moto,"Viajó a algún lado (coche, caminando, bicicleta)",2,2,2,2,2,8,8,"Viajó a algún lado (coche, caminando, bicicleta)",13,10,7:00:00,9,20,20,20,20,20,80,80,90
Majo151208Guillermo5,Majo151208Guillermo,Majo151208Guillermo5,Mañana,Con su pareja,Viajó en coche/colectivo/moto,"Viajó a algún lado (coche, caminando, bicicleta)",2,2,2,2,2,8,8,"Viajó a algún lado (coche, caminando, bicicleta)",12,15,7:00:00,9,30,30,30,30,30,120,120,135
Majo151208Guillermo6,Majo151208Guillermo,Majo151208Guillermo6,Mañana,Estaba solo,Trabajó,Trabajó,2,2,2,2,2,8,10,Casa donde vive,12,105,8:00:00,,210,210,210,210,210,840,1050,
Majo151208Guillermo7,Majo151208Guillermo,Majo151208Guillermo7,Mañana,Con su pareja,Viajó en coche/colectivo/moto,"Viajó a algún lado (coche, caminando, bicicleta)",2,2,2,2,2,8,8,"Viajó a algún lado (coche, caminando, bicicleta)",12,15,9:00:00,9,30,30,30,30,30,120,120,135
Majo151208Guillermo8,Majo151208Guillermo,Majo151208Guillermo8,Mañana,Estaba solo,Trabajó,Trabajó,5,2,2,2,2,8,4,Lugar de trabajo,12,420,13:00:00,,2100,840,840,840,840,3360,1680,
Majo151208Guillermo9,Majo151208Guillermo,Majo151208Guillermo9,Tarde,Con su pareja,Viajó en coche/colectivo/moto,"Viajó a algún lado (coche, caminando, bicicleta)",2,2,2,2,2,8,8,"Viajó a algún lado (coche, caminando, bicicleta)",15,15,16:00:00,9,30,30,30,30,30,120,120,135
Majo151208Guillermo10,Majo151208Guillermo,Majo151208Guillermo10,Tarde,Con pareja e hijos,"Descansó (siesta,tomar mate, té o café)","Dedicación personal (comió, bañó, descansó)",2,2,2,2,2,9,9,Casa donde vive,15,30,17:00:00,9,60,60,60,60,60,270,270,270
Majo151208Guillermo11,Majo151208Guillermo,Majo151208Guillermo11,Tarde,Estaba solo,Otra actividad de ocio,"Entretenimiento (radio, televisión, computadora, juego en casa)",2,2,2,2,2,8,9,Casa donde vive,15,60,17:00:00,,120,120,120,120,120,480,540,
Majo151208Guillermo12,Majo151208Guillermo,Majo151208Guillermo12,Tarde,Estaba solo,Viajó en coche/colectivo/moto,"Viajó a algún lado (coche, caminando, bicicleta)",2,2,2,2,2,8,10,"Viajó a algún lado (coche, caminando, bicicleta)",7,15,18:00:00,,30,30,30,30,30,120,150,
Majo151208Guillermo13,Majo151208Guillermo,Majo151208Guillermo13,Noche,Con compañeros de trabajo / escuela / club,Estudio,Leyó o estudió,2,2,2,2,2,8,10,"Hospital, Clínica, Centro de Salud",7,150,19:00:00,9,300,300,300,300,300,1200,1500,1350
Majo151208Guillermo14,Majo151208Guillermo,Majo151208Guillermo14,Noche,Estaba solo,Viajó en coche/colectivo/moto,"Viajó a algún lado (coche, caminando, bicicleta)",2,2,2,2,2,8,8,"Viajó a algún lado (coche, caminando, bicicleta)",7,15,21:00:00,,30,30,30,30,30,120,120,
Majo151208Guillermo15,Majo151208Guillermo,Majo151208Guillermo15,Noche,Estaba solo,Preparó comida,"Tareas domésticas (comida, cuida a los hijos, mascotas)",2,2,2,2,2,9,9,"Hospital, Clínica, Centro de Salud",7,30,21:00:00,,60,60,60,60,60,270,270,
Majo151208Guillermo16,Majo151208Guillermo,Majo151208Guillermo16,Noche,Con pareja e hijos,Comió,"Dedicación personal (comió, bañó, descansó)",2,2,2,2,2,8,9,"Hospital, Clínica, Centro de Salud",7,45,22:00:00,9,90,90,90,90,90,360,405,405
Majo151208Guillermo17,Majo151208Guillermo,Majo151208Guillermo17,Noche,Con pareja e hijos,Vió televisión,"Entretenimiento (radio, televisión, computadora, juego en casa)",2,2,2,2,2,8,10,"Hospital, Clínica, Centro de Salud",7,120,23:00:00,10,240,240,240,240,240,960,1200,1200
Majo161204Oscar1,Majo161204Oscar,Majo161204Oscar1,Mañana,Estaba solo,Se baño o arregló,"Dedicación personal (comió, bañó, descansó)",2,2,2,2,2,8,8,Casa donde vive,16,20,9:00:00,,40,40,40,40,40,160,160,
Majo161204Oscar2,Majo161204Oscar,Majo161204Oscar2,Mañana,Estaba solo,Comió,"Dedicación personal (comió, bañó, descansó)",2,2,2,2,2,8,8,Casa donde vive,16,20,9:00:00,,40,40,40,40,40,160,160,
Majo161204Oscar3,Majo161204Oscar,Majo161204Oscar3,Mañana,Estaba solo,Hizo tareas domésticas,"Tareas domésticas (comida, cuida a los hijos, mascotas)",2,2,2,2,2,8,5,Casa donde vive,16,120,10:00:00,,240,240,240,240,240,960,600,
Majo161204Oscar4,Majo161204Oscar,Majo161204Oscar4,Mañana,Estaba solo,Preparó comida,"Tareas domésticas (comida, cuida a los hijos, mascotas)",2,2,2,2,2,8,9,Casa donde vive,16,30,12:00:00,,60,60,60,60,60,240,270,
Majo161204Oscar5,Majo161204Oscar,Majo161204Oscar5,Mañana,Estaba solo,Vió televisión,"Entretenimiento (radio, televisión, computadora, juego en casa)",2,2,2,2,2,8,8,Casa donde vive,16,60,12:00:00,,120,120,120,120,120,480,480,
Majo161204Oscar6,Majo161204Oscar,Majo161204Oscar6,Tarde,Estaba solo,Comió,"Dedicación personal (comió, bañó, descansó)",2,2,2,2,2,8,8,Casa donde vive,16,30,13:00:00,,60,60,60,60,60,240,240,
Majo161204Oscar7,Majo161204Oscar,Majo161204Oscar7,Tarde,Estaba solo,Hizo tareas domésticas,"Tareas domésticas (comida, cuida a los hijos, mascotas)",2,2,2,2,2,8,4,Casa donde vive,16,30,14:00:00,,60,60,60,60,60,240,120,
Majo161204Oscar8,Majo161204Oscar,Majo161204Oscar8,Tarde,Con sus hijos adultos,Habló con alguien,"Relaciones sociales (Charlar, cuidar, actividad religiosa, otras relaciones)",2,2,2,2,2,9,10,Casa donde vive,16,60,14:00:00,9,120,120,120,120,120,540,600,540
Majo161204Oscar9,Majo161204Oscar,Majo161204Oscar9,Tarde,Destinatario de nuestra actividad laboral (Cliente / paciente / alumno),Trabajó,Trabajó,2,2,2,2,2,8,8,Casa donde vive,16,360,18:00:00,9,720,720,720,720,720,2880,2880,3240
Majo161204Oscar10,Majo161204Oscar,Majo161204Oscar10,Noche,Estaba solo,Se baño o arregló,"Dedicación personal (comió, bañó, descansó)",2,2,2,2,2,8,9,Casa donde vive,16,20,21:00:00,,40,40,40,40,40,160,180,
Majo161204Oscar11,Majo161204Oscar,Majo161204Oscar11,Noche,Estaba solo,Comió,"Dedicación personal (comió, bañó, descansó)",2,2,2,2,2,9,8,Casa donde vive,16,20,21:00:00,,40,40,40,40,40,180,160,
Majo161204Oscar12,Majo161204Oscar,Majo161204Oscar12,Noche,Estaba solo,Vió televisión,"Entretenimiento (radio, televisión, computadora, juego en casa)",2,2,2,2,2,9,9,Casa donde vive,16,320,0:00:00,,640,640,640,640,640,2880,2880,
Majo1-Yvess1,Majo1-Yvess,Majo1-Yvess1,Mañana,Estaba solo,Comió,"Dedicación personal (comió, bañó, descansó)",8,9,8,2,9,3,3,Casa donde vive,1,45,7:00:00,,360,405,360,90,405,135,135,
Majo1-Yvess2,Majo1-Yvess,Majo1-Yvess2,Mañana,Estaba solo,Trabajó,Trabajó,8,7,6,3,8,5,7,Casa donde vive,1,150,8:00:00,,1200,1050,900,450,1200,750,1050,
Majo1-Yvess3,Majo1-Yvess,Majo1-Yvess3,Mañana,Estaba solo,Viajó en coche/colectivo/moto,"Viajó a algún lado (coche, caminando, bicicleta)",7,7,4,2,6,4,5,"Viajó a algún lado (coche, caminando, bicicleta)",10,30,10:00:00,,210,210,120,60,180,120,150,
Majo1-Yvess4,Majo1-Yvess,Majo1-Yvess4,Mañana,Estaba solo,Trámites,Trámites o Salud,7,6,5,3,7,4,5,"Bancos, u otra entidad financiera ",10,60,11:00:00,,420,360,300,180,420,240,300,
Majo1-Yvess5,Majo1-Yvess,Majo1-Yvess5,Mañana,Estaba solo,Viajó en coche/colectivo/moto,"Viajó a algún lado (coche, caminando, bicicleta)",7,6,4,2,6,4,7,"Viajó a algún lado (coche, caminando, bicicleta)",3,15,11:00:00,,105,90,60,30,90,60,105,
Majo1-Yvess6,Majo1-Yvess,Majo1-Yvess6,Mañana,Destinatario de nuestra actividad laboral (Cliente / paciente / alumno),Habló con alguien,"Relaciones sociales (Charlar, cuidar, actividad religiosa, otras relaciones)",6,5,5,2,7,6,6,Bar o café,3,60,12:00:00,,360,300,300,120,420,360,360,
Majo1-Yvess7,Majo1-Yvess,Majo1-Yvess7,Tarde,Estaba solo,Viajó en coche/colectivo/moto,"Viajó a algún lado (coche, caminando, bicicleta)",6,6,5,2,5,7,7,"Viajó a algún lado (coche, caminando, bicicleta)",1,15,13:00:00,,90,90,75,30,75,105,105,
Majo1-Yvess8,Majo1-Yvess,Majo1-Yvess8,Tarde,Estaba solo,Comió,"Dedicación personal (comió, bañó, descansó)",4,5,2,2,6,5,7,Casa donde vive,1,20,13:00:00,,80,100,40,40,120,100,140,
Majo1-Yvess9,Majo1-Yvess,Majo1-Yvess9,Tarde,Estaba solo,Hizo ejercicio o dio paseo,Hizo ejercicio o dio paseo,5,5,5,5,3,8,9,Casa donde vive,1,60,14:00:00,,300,300,300,300,180,480,540,
Majo1-Yvess10,Majo1-Yvess,Majo1-Yvess10,Tarde,Estaba solo,Se baño o arregló,"Dedicación personal (comió, bañó, descansó)",4,3,3,3,2,8,9,Casa donde vive,1,30,14:00:00,,120,90,90,90,60,240,270,
Majo1-Yvess11,Majo1-Yvess,Majo1-Yvess11,Tarde,Estaba solo,Trabajó,Trabajó,4,6,2,3,5,7,5,Casa donde vive,1,60,15:00:00,,240,360,120,180,300,420,300,
Majo1-Yvess12,Majo1-Yvess,Majo1-Yvess12,Tarde,Estaba solo,Viajó en coche/colectivo/moto,"Viajó a algún lado (coche, caminando, bicicleta)",5,6,2,4,4,8,7,"Viajó a algún lado (coche, caminando, bicicleta)",FZ,20,16:00:00,,100,120,40,80,80,160,140,
Majo1-Yvess13,Majo1-Yvess,Majo1-Yvess13,Tarde,Con compañeros de trabajo / escuela / club,Trabajó,Trabajó,6,5,2,3,6,6,8,Lugar de trabajo,FZ,340,19:00:00,8,2040,1700,680,1020,2040,2040,2720,2720
Majo1-Yvess14,Majo1-Yvess,Majo1-Yvess14,Noche,Estaba solo,Viajó en coche/colectivo/moto,"Viajó a algún lado (coche, caminando, bicicleta)",5,6,2,4,5,6,6,"Viajó a algún lado (coche, caminando, bicicleta)",1,20,22:00:00,,100,120,40,80,100,120,120,
Majo1-Yvess15,Majo1-Yvess,Majo1-Yvess15,Noche,Con pareja e hijos,Comió,"Dedicación personal (comió, bañó, descansó)",5,5,2,5,3,7,7,Casa donde vive,1,60,22:00:00,9,300,300,120,300,180,420,420,540
Majo1-Yvess16,Majo1-Yvess,Majo1-Yvess16,Noche,Con pareja e hijos,Vió televisión,"Entretenimiento (radio, televisión, computadora, juego en casa)",4,2,2,3,2,6,8,Casa donde vive,1,20,23:00:00,9,80,40,40,60,40,120,160,180
Majo21309Victoria1,Majo21309Victoria,Majo21309Victoria1,Mañana,Con pareja e hijos,Comió,"Dedicación personal (comió, bañó, descansó)",3,6,1,1,4,2,10,Casa donde vive,2,60,9:00:00,10,180,360,60,60,240,120,600,600
Majo21309Victoria2,Majo21309Victoria,Majo21309Victoria2,Mañana,Con pareja e hijos,Viajó en coche/colectivo/moto,"Viajó a algún lado (coche, caminando, bicicleta)",1,1,1,1,1,9,7,"Viajó a algún lado (coche, caminando, bicicleta)",2,30,10:00:00,10,30,30,30,30,30,270,210,300
Majo21309Victoria3,Majo21309Victoria,Majo21309Victoria3,Mañana,Con pareja e hijos,Realizó actividad religiosa,"Relaciones sociales (Charlar, cuidar, actividad religiosa, otras relaciones)",1,1,1,1,1,8,7,"Lugares de culto, Iglesia, etc.",2,10,11:00:00,8,10,10,10,10,10,80,70,80
Majo21309Victoria4,Majo21309Victoria,Majo21309Victoria4,Mañana,Estaba solo,Viajó en coche/colectivo/moto,"Viajó a algún lado (coche, caminando, bicicleta)","2,65732484076433","3,05887969446213","1,82854406130268","1,62559846792212","2,55303514376997","7,29674537332483","7,95789473684211","Viajó a algún lado (coche, caminando, bicicleta)",5,20,11:00:00,,"53,1464968152866","61,1775938892425","36,5708812260536","32,5119693584424","51,0607028753994","145,934907466497","159,157894736842",
Majo21309Victoria5,Majo21309Victoria,Majo21309Victoria5,Tarde,Estaba solo,Preparó comida,"Tareas domésticas (comida, cuida a los hijos, mascotas)",2,5,1,1,1,8,8,Casa donde vive,5,40,11:00:00,,80,200,40,40,40,320,320,
Majo21309Victoria6,Majo21309Victoria,Majo21309Victoria6,Tarde,Con pareja e hijos,Comió,"Dedicación personal (comió, bañó, descansó)",2,2,2,2,2,9,9,Casa donde vive,5,90,12:00:00,9,180,180,180,180,180,810,810,810
Majo21309Victoria7,Majo21309Victoria,Majo21309Victoria7,Tarde,Estaba solo,Hizo tareas domésticas,"Tareas domésticas (comida, cuida a los hijos, mascotas)",2,5,2,2,2,8,7,Casa donde vive,5,30,13:00:00,,60,150,60,60,60,240,210,
Majo21309Victoria8,Majo21309Victoria,Majo21309Victoria8,Tarde,Estaba solo,"Descansó (siesta,tomar mate, té o café)","Dedicación personal (comió, bañó, descansó)",3,2,2,2,8,8,"7,95789473684211",Casa donde vive,5,30,14:00:00,,90,60,60,60,240,240,"238,736842105263",
Majo21309Victoria9,Majo21309Victoria,Majo21309Victoria9,Tarde,Estaba solo,Se baño o arregló,"Dedicación personal (comió, bañó, descansó)",4,7,2,2,4,7,7,Casa donde vive,5,20,14:00:00,,80,140,40,40,80,140,140,
Majo21309Victoria10,Majo21309Victoria,Majo21309Victoria10,Tarde,Con pareja e hijos,Viajó en coche/colectivo/moto,"Viajó a algún lado (coche, caminando, bicicleta)",2,2,2,2,2,8,8,"Viajó a algún lado (coche, caminando, bicicleta)",13,15,15:00:00,9,30,30,30,30,30,120,120,135
Majo21309Victoria11,Majo21309Victoria,Majo21309Victoria11,Tarde,Con pareja e hijos,Realizó actividad religiosa,"Relaciones sociales (Charlar, cuidar, actividad religiosa, otras relaciones)",2,2,2,2,2,7,7,Salón de fiestas,13,150,16:00:00,8,300,300,300,300,300,1050,1050,1200
Majo21309Victoria12,Majo21309Victoria,Majo21309Victoria12,Noche,Con pareja e hijos,Viajó en coche/colectivo/moto,"Viajó a algún lado (coche, caminando, bicicleta)",3,2,2,2,2,8,9,"Viajó a algún lado (coche, caminando, bicicleta)",3,20,17:00:00,10,60,40,40,40,40,160,180,200
Majo21309Victoria13,Majo21309Victoria,Majo21309Victoria13,Noche,Con pareja e hijos,Otra actividad de ocio,"Entretenimiento (radio, televisión, computadora, juego en casa)",2,2,2,2,2,9,9,Casa de parientes,3,120,19:00:00,2,240,240,240,240,240,1080,1080,240
Majo21309Victoria14,Majo21309Victoria,Majo21309Victoria14,Noche,Con pareja e hijos,Viajó en coche/colectivo/moto,"Viajó a algún lado (coche, caminando, bicicleta)",2,3,2,2,3,3,8,"Viajó a algún lado (coche, caminando, bicicleta)",5,15,20:00:00,9,30,45,30,30,45,45,120,135
Majo21309Victoria15,Majo21309Victoria,Majo21309Victoria15,Noche,Estaba solo,Preparó comida,"Tareas domésticas (comida, cuida a los hijos, mascotas)",2,5,2,2,2,7,8,Casa donde vive,5,50,20:00:00,,100,250,100,100,100,350,400,
Majo21309Victoria16,Majo21309Victoria,Majo21309Victoria16,Noche,Con pareja e hijos,Comió,"Dedicación personal (comió, bañó, descansó)",2,2,2,2,2,7,8,Casa donde vive,5,40,21:00:00,9,80,80,80,80,80,280,320,360
Majo21309Victoria17,Majo21309Victoria,Majo21309Victoria17,Noche,Estaba solo,Hizo tareas domésticas,"Tareas domésticas (comida, cuida a los hijos, mascotas)",2,2,2,2,2,9,5,Casa donde vive,5,30,22:00:00,,60,60,60,60,60,270,150,
Majo21309Victoria18,Majo21309Victoria,Majo21309Victoria18,Noche,Con su pareja,Vió televisión,"Entretenimiento (radio, televisión, computadora, juego en casa)",2,2,2,2,2,2,2,Casa donde vive,5,90,23:00:00,9,180,180,180,180,180,180,180,810
Majo21309Victoria19,Majo21309Victoria,Majo21309Victoria19,Noche,Con su pareja,Tuvo relaciones íntimas,"Relaciones sociales (Charlar, cuidar, actividad religiosa, otras relaciones)",2,2,2,2,10,10,10,Casa donde vive,5,60,0:00:00,10,120,120,120,120,600,600,600,600
Majo3308Mónica1,Majo3308Mónica,Majo3308Mónica1,Mañana,Estaba solo,Hizo ejercicio o dio paseo,Hizo ejercicio o dio paseo,2,2,2,2,2,8,9,Casa donde vive,3,30,8:00:00,,60,60,60,60,60,240,270,
Majo3308Mónica2,Majo3308Mónica,Majo3308Mónica2,Mañana,Estaba solo,Se baño o arregló,"Dedicación personal (comió, bañó, descansó)",2,2,2,2,2,7,9,Casa donde vive,3,20,9:00:00,,40,40,40,40,40,140,180,
Majo3308Mónica3,Majo3308Mónica,Majo3308Mónica3,Mañana,Con sus hijos jóvenes o nietos,Comió,"Dedicación personal (comió, bañó, descansó)",2,2,2,2,2,7,9,Casa donde vive,3,20,9:00:00,9,40,40,40,40,40,140,180,180
Majo3308Mónica4,Majo3308Mónica,Majo3308Mónica4,Mañana,Estaba solo,Viajó en coche/colectivo/moto,"Viajó a algún lado (coche, caminando, bicicleta)",2,2,2,2,2,7,8,"Viajó a algún lado (coche, caminando, bicicleta)",12,15,9:00:00,,30,30,30,30,30,105,120,
Majo3308Mónica5,Majo3308Mónica,Majo3308Mónica5,Mañana,Con otros familiares,Trabajó,Trabajó,2,2,2,2,2,7,8,Comercio de ropa u otro tipo de comercio de compras,12,240,11:00:00,,480,480,480,480,480,1680,1920,
Majo3308Mónica6,Majo3308Mónica,Majo3308Mónica6,Tarde,Estaba solo,Caminó a algún lado,"Viajó a algún lado (coche, caminando, bicicleta)",3,6,2,2,2,8,7,"Viajó a algún lado (coche, caminando, bicicleta)",12,10,13:00:00,,30,60,20,20,20,80,70,
Majo3308Mónica7,Majo3308Mónica,Majo3308Mónica7,Tarde,Estaba solo,Trámites,Trámites o Salud,2,5,2,2,4,6,6,"Bancos, u otra entidad financiera ",12,40,14:00:00,,80,200,80,80,160,240,240,
Majo3308Mónica8,Majo3308Mónica,Majo3308Mónica8,Tarde,Estaba solo,Viajó en coche/colectivo/moto,"Viajó a algún lado (coche, caminando, bicicleta)",2,2,2,2,2,7,7,"Viajó a algún lado (coche, caminando, bicicleta)",3,15,14:00:00,,30,30,30,30,30,105,105,
Majo3308Mónica9,Majo3308Mónica,Majo3308Mónica9,Tarde,Estaba solo,Comió,"Dedicación personal (comió, bañó, descansó)",2,2,2,2,2,8,8,Casa donde vive,3,40,15:00:00,,80,80,80,80,80,320,320,
Majo3308Mónica10,Majo3308Mónica,Majo3308Mónica10,Tarde,Estaba solo,Leyó / Estudió,Leyó o estudió,2,2,2,2,2,8,9,Casa donde vive,3,90,16:00:00,,180,180,180,180,180,720,810,
Majo3308Mónica11,Majo3308Mónica,Majo3308Mónica11,Tarde,Con amigos,Habló con alguien,"Relaciones sociales (Charlar, cuidar, actividad religiosa, otras relaciones)",2,2,2,2,2,8,9,Casa donde vive,3,90,17:00:00,9,180,180,180,180,180,720,810,810
Majo3308Mónica12,Majo3308Mónica,Majo3308Mónica12,Noche,Con sus hijos jóvenes o nietos,Comió,"Dedicación personal (comió, bañó, descansó)",2,2,2,2,2,7,9,Casa donde vive,3,40,18:00:00,9,80,80,80,80,80,280,360,360
Majo3308Mónica13,Majo3308Mónica,Majo3308Mónica13,Noche,Con sus hijos jóvenes o nietos,Cuidó a los niños,"Tareas domésticas (comida, cuida a los hijos, mascotas)",2,2,2,2,2,8,8,Casa donde vive,3,40,19:00:00,,80,80,80,80,80,320,320,
Majo3308Mónica14,Majo3308Mónica,Majo3308Mónica14,Noche,Con sus hijos jóvenes o nietos,Preparó comida,"Tareas domésticas (comida, cuida a los hijos, mascotas)",2,2,2,2,2,8,8,Casa donde vive,3,30,20:00:00,9,60,60,60,60,60,240,240,270
Majo3308Mónica15,Majo3308Mónica,Majo3308Mónica15,Noche,Con sus hijos jóvenes o nietos,Comió,"Dedicación personal (comió, bañó, descansó)",2,2,2,2,2,8,8,Casa donde vive,3,40,20:00:00,,80,80,80,80,80,320,320,
Majo3308Mónica16,Majo3308Mónica,Majo3308Mónica16,Noche,Estaba solo,Hizo tareas domésticas,"Tareas domésticas (comida, cuida a los hijos, mascotas)",2,2,2,2,2,8,9,Casa donde vive,3,30,21:00:00,,60,60,60,60,60,240,270,
Majo3308Mónica17,Majo3308Mónica,Majo3308Mónica17,Noche,Con sus hijos jóvenes o nietos,Vió televisión,"Entretenimiento (radio, televisión, computadora, juego en casa)",2,2,2,2,2,9,9,Casa donde vive,3,120,22:00:00,9,240,240,240,240,240,1080,1080,1080
Majo3314Laura1,Majo3314Laura,Majo3314Laura1,Mañana,Con sus hijos jóvenes o nietos,Comió,"Dedicación personal (comió, bañó, descansó)",7,"3,05887969446213",7,1,1,7,8,Casa donde vive,3,30,7:00:00,7,210,"91,7663908338638",210,30,30,210,240,210
Majo3314Laura2,Majo3314Laura,Majo3314Laura2,Mañana,Estaba solo,Se baño o arregló,"Dedicación personal (comió, bañó, descansó)",4,7,2,2,4,7,7,Casa donde vive,3,15,7:00:00,,60,105,30,30,60,105,105,
Majo3314Laura3,Majo3314Laura,Majo3314Laura3,Mañana,Con sus hijos jóvenes o nietos,Viajó en coche/colectivo/moto,"Viajó a algún lado (coche, caminando, bicicleta)",7,5,2,2,6,6,6,"Viajó a algún lado (coche, caminando, bicicleta)",3,15,7:00:00,7,105,75,30,30,90,90,90,105
Majo3314Laura4,Majo3314Laura,Majo3314Laura4,Mañana,Estaba solo,Viajó en coche/colectivo/moto,"Viajó a algún lado (coche, caminando, bicicleta)",6,5,3,2,3,6,6,"Viajó a algún lado (coche, caminando, bicicleta)",14,10,8:00:00,,60,50,30,20,30,60,60,
Majo3314Laura5,Majo3314Laura,Majo3314Laura5,Mañana,Con compañeros de trabajo / escuela / club,Trabajó,Trabajó,7,8,4,1,7,6,9,Lugar de trabajo,14,560,12:00:00,8,3920,4480,2240,560,3920,3360,5040,4480
Majo3314Laura6,Majo3314Laura,Majo3314Laura6,Tarde,Estaba solo,Viajó en coche/colectivo/moto,"Viajó a algún lado (coche, caminando, bicicleta)",5,6,3,2,4,6,6,"Viajó a algún lado (coche, caminando, bicicleta)",3,20,17:00:00,,100,120,60,40,80,120,120,
Majo3314Laura7,Majo3314Laura,Majo3314Laura7,Tarde,Con sus hijos jóvenes o nietos,Comió,"Dedicación personal (comió, bañó, descansó)",5,5,3,2,2,7,8,Casa donde vive,3,30,18:00:00,8,150,150,90,60,60,210,240,240
Majo3314Laura8,Majo3314Laura,Majo3314Laura8,Noche,Estaba solo,Caminó a algún lado,"Viajó a algún lado (coche, caminando, bicicleta)",8,8,1,1,6,5,6,"Viajó a algún lado (coche, caminando, bicicleta)",3,10,18:00:00,,80,80,10,10,60,50,60,
Majo3314Laura9,Majo3314Laura,Majo3314Laura9,Noche,Estaba solo,Fue de compras,Compras,8,8,2,2,3,6,6,"Supermercado, despensa, verdulería, carnicería, dietética",3,20,18:00:00,,160,160,40,40,60,120,120,
Majo3314Laura10,Majo3314Laura,Majo3314Laura10,Noche,Estaba solo,Caminó a algún lado,"Viajó a algún lado (coche, caminando, bicicleta)",8,8,3,2,3,3,6,"Viajó a algún lado (coche, caminando, bicicleta)",3,10,18:00:00,,80,80,30,20,30,30,60,
Majo3314Laura11,Majo3314Laura,Majo3314Laura11,Noche,Con sus hijos jóvenes o nietos,Hizo tareas domésticas,"Tareas domésticas (comida, cuida a los hijos, mascotas)",1,3,1,1,"2,55303514376997",8,8,Casa donde vive,3,50,19:00:00,9,50,150,50,50,"127,651757188498",400,400,450
Majo3314Laura12,Majo3314Laura,Majo3314Laura12,Noche,Con sus hijos jóvenes o nietos,Leyó / Estudió,Leyó o estudió,"2,65732484076433",1,1,1,1,9,9,Casa donde vive,3,40,20:00:00,9,"106,292993630573",40,40,40,40,360,360,360
Majo3314Laura13,Majo3314Laura,Majo3314Laura13,Noche,Estaba solo,Se baño o arregló,"Dedicación personal (comió, bañó, descansó)",3,3,2,2,3,9,9,Casa donde vive,3,10,20:00:00,,30,30,20,20,30,90,90,
Majo3314Laura14,Majo3314Laura,Majo3314Laura14,Noche,Con sus hijos jóvenes o nietos,Preparó comida,"Tareas domésticas (comida, cuida a los hijos, mascotas)",7,7,1,1,1,8,8,Casa donde vive,3,30,20:00:00,8,210,210,30,30,30,240,240,240
Majo3314Laura15,Majo3314Laura,Majo3314Laura15,Noche,Con pareja e hijos,Comió,"Dedicación personal (comió, bañó, descansó)",8,3,4,1,1,8,8,Casa donde vive,3,25,21:00:00,8,200,75,100,25,25,200,200,200
Majo3314Laura16,Majo3314Laura,Majo3314Laura16,Noche,Con pareja e hijos,Vió televisión,"Entretenimiento (radio, televisión, computadora, juego en casa)",2,2,2,2,2,8,8,Casa donde vive,3,60,22:00:00,8,120,120,120,120,120,480,480,480
Majo4-Laura1,Majo4-Laura,Majo4-Laura1,Mañana,Estaba solo,Se baño o arregló,"Dedicación personal (comió, bañó, descansó)",2,2,2,2,2,8,9,Casa donde vive,4,20,8:00:00,,40,40,40,40,40,160,180,
Majo4-Laura2,Majo4-Laura,Majo4-Laura2,Mañana,Con su pareja,Comió,"Dedicación personal (comió, bañó, descansó)",2,3,2,2,2,7,8,Casa donde vive,4,30,8:00:00,9,60,90,60,60,60,210,240,270
Majo4-Laura3,Majo4-Laura,Majo4-Laura3,Mañana,Estaba solo,Estudio,Leyó o estudió,2,2,2,2,2,7,7,Casa donde vive,4,120,9:00:00,,240,240,240,240,240,840,840,
Majo4-Laura4,Majo4-Laura,Majo4-Laura4,Mañana,Con sus hijos jóvenes o nietos,Cuidó a los niños,"Tareas domésticas (comida, cuida a los hijos, mascotas)",2,3,2,2,2,7,7,Casa donde vive,4,60,11:00:00,9,120,180,120,120,120,420,420,540
Majo4-Laura5,Majo4-Laura,Majo4-Laura5,Mañana,Estaba solo,Preparó comida,"Tareas domésticas (comida, cuida a los hijos, mascotas)",2,3,2,2,2,7,8,Casa donde vive,4,40,12:00:00,,80,120,80,80,80,280,320,
Majo4-Laura6,Majo4-Laura,Majo4-Laura6,Tarde,Con sus hijos jóvenes o nietos,Comió,"Dedicación personal (comió, bañó, descansó)",2,4,2,2,2,5,6,Casa donde vive,4,30,12:00:00,9,60,120,60,60,60,150,180,270
Majo4-Laura7,Majo4-Laura,Majo4-Laura7,Tarde,Con sus hijos jóvenes o nietos,Cuidó a los niños,"Tareas domésticas (comida, cuida a los hijos, mascotas)",2,4,2,2,2,7,7,Casa donde vive,4,20,13:00:00,9,40,80,40,40,40,140,140,180
Majo4-Laura8,Majo4-Laura,Majo4-Laura8,Tarde,Con sus hijos jóvenes o nietos,Viajó en coche/colectivo/moto,"Viajó a algún lado (coche, caminando, bicicleta)",2,2,2,2,2,6,6,"Viajó a algún lado (coche, caminando, bicicleta)",4,10,13:00:00,9,20,20,20,20,20,60,60,90
Majo4-Laura9,Majo4-Laura,Majo4-Laura9,Tarde,Estaba solo,Viajó en coche/colectivo/moto,"Viajó a algún lado (coche, caminando, bicicleta)",2,2,2,2,2,7,7,"Viajó a algún lado (coche, caminando, bicicleta)",13,10,13:00:00,,20,20,20,20,20,70,70,
Majo4-Laura10,Majo4-Laura,Majo4-Laura10,Tarde,Con compañeros de trabajo / escuela / club,Trabajó,Trabajó,2,2,2,2,2,7,9,Lugar de trabajo,13,240,15:00:00,9,480,480,480,480,480,1680,2160,2160
Majo4-Laura11,Majo4-Laura,Majo4-Laura11,Tarde,Estaba solo,Viajó en coche/colectivo/moto,"Viajó a algún lado (coche, caminando, bicicleta)",2,2,2,2,2,7,7,"Viajó a algún lado (coche, caminando, bicicleta)",4,15,17:00:00,,30,30,30,30,30,105,105,
Majo4-Laura12,Majo4-Laura,Majo4-Laura12,Tarde,Estaba solo,Comió,"Dedicación personal (comió, bañó, descansó)",2,4,2,2,2,7,8,Casa donde vive,4,25,18:00:00,,50,100,50,50,50,175,200,
Majo4-Laura13,Majo4-Laura,Majo4-Laura13,Tarde,Estaba solo,Caminó a algún lado,"Viajó a algún lado (coche, caminando, bicicleta)",2,2,2,2,2,8,8,"Viajó a algún lado (coche, caminando, bicicleta)",4,15,18:00:00,,30,30,30,30,30,120,120,
Majo4-Laura14,Majo4-Laura,Majo4-Laura14,Noche,Con amigos,Habló con alguien,"Relaciones sociales (Charlar, cuidar, actividad religiosa, otras relaciones)",2,2,2,2,2,8,9,"Escuela, Campus, u otro establecimiento educativo",4,10,18:00:00,9,20,20,20,20,20,80,90,90
Majo4-Laura15,Majo4-Laura,Majo4-Laura15,Noche,Con sus hijos jóvenes o nietos,Caminó a algún lado,"Viajó a algún lado (coche, caminando, bicicleta)",2,2,2,2,2,7,9,"Viajó a algún lado (coche, caminando, bicicleta)",4,15,18:00:00,9,30,30,30,30,30,105,135,135
Majo4-Laura16,Majo4-Laura,Majo4-Laura16,Noche,Con pareja e hijos,Cuidó a los niños,"Tareas domésticas (comida, cuida a los hijos, mascotas)",2,2,2,2,2,9,9,Casa donde vive,4,20,19:00:00,9,40,40,40,40,40,180,180,180
Majo4-Laura17,Majo4-Laura,Majo4-Laura17,Noche,Estaba solo,Viajó en bicicleta,"Viajó a algún lado (coche, caminando, bicicleta)",2,2,2,2,2,7,8,"Viajó a algún lado (coche, caminando, bicicleta)",4,10,19:00:00,,20,20,20,20,20,70,80,
Majo4-Laura18,Majo4-Laura,Majo4-Laura18,Noche,Con compañeros de trabajo / escuela / club,Hizo ejercicio o dio paseo,Hizo ejercicio o dio paseo,2,2,2,2,2,8,9,Clubes deportivos,4,90,20:00:00,9,180,180,180,180,180,720,810,810
Majo4-Laura19,Majo4-Laura,Majo4-Laura19,Noche,Estaba solo,Viajó en bicicleta,"Viajó a algún lado (coche, caminando, bicicleta)",2,4,2,2,2,8,8,"Viajó a algún lado (coche, caminando, bicicleta)",4,10,21:00:00,,20,40,20,20,20,80,80,
Majo4-Laura20,Majo4-Laura,Majo4-Laura20,Noche,Estaba solo,Se baño o arregló,"Dedicación personal (comió, bañó, descansó)",4,5,2,2,2,8,8,Casa donde vive,4,15,21:00:00,,60,75,30,30,30,120,120,
Majo4-Laura21,Majo4-Laura,Majo4-Laura21,Noche,Con pareja e hijos,Comió,"Dedicación personal (comió, bañó, descansó)",2,2,2,2,2,8,9,Casa donde vive,4,45,21:00:00,10,90,90,90,90,90,360,405,450
Majo51309Augusto1,Majo51309Augusto,Majo51309Augusto1,Mañana,Estaba solo,Comió,"Dedicación personal (comió, bañó, descansó)",2,2,2,2,2,8,9,Casa donde vive,5,120,8:00:00,,240,240,240,240,240,960,1080,
Majo51309Augusto2,Majo51309Augusto,Majo51309Augusto2,Mañana,Estaba solo,Caminó a algún lado,"Viajó a algún lado (coche, caminando, bicicleta)",2,2,2,2,2,8,9,"Viajó a algún lado (coche, caminando, bicicleta)",5,40,9:00:00,,80,80,80,80,80,320,360,
Majo51309Augusto3,Majo51309Augusto,Majo51309Augusto3,Mañana,Con compañeros de trabajo / escuela / club,Habló con alguien,"Relaciones sociales (Charlar, cuidar, actividad religiosa, otras relaciones)",2,2,2,2,2,8,9,"Hospital, Clínica, Centro de Salud",5,60,10:00:00,10,120,120,120,120,120,480,540,600
Majo51309Augusto4,Majo51309Augusto,Majo51309Augusto4,Mañana,Estaba solo,Caminó a algún lado,"Viajó a algún lado (coche, caminando, bicicleta)",2,2,2,2,2,8,9,"Viajó a algún lado (coche, caminando, bicicleta)",10,15,11:00:00,,30,30,30,30,30,120,135,
Majo51309Augusto5,Majo51309Augusto,Majo51309Augusto5,Mañana,Con otros familiares,Trabajó,Trabajó,2,2,2,2,2,8,8,Otros……..,10,105,12:00:00,9,210,210,210,210,210,840,840,945
Majo51309Augusto6,Majo51309Augusto,Majo51309Augusto6,Tarde,Con otros familiares,Viajó en coche/colectivo/moto,"Viajó a algún lado (coche, caminando, bicicleta)",2,2,2,2,2,8,9,"Viajó a algún lado (coche, caminando, bicicleta)",5,10,12:00:00,9,20,20,20,20,20,80,90,90
Majo51309Augusto7,Majo51309Augusto,Majo51309Augusto7,Tarde,Estaba solo,Vió televisión,"Entretenimiento (radio, televisión, computadora, juego en casa)",2,2,2,2,2,8,9,Casa donde vive,5,90,13:00:00,,180,180,180,180,180,720,810,
Majo51309Augusto8,Majo51309Augusto,Majo51309Augusto8,Tarde,Estaba solo,"Descansó (siesta,tomar mate, té o café)","Dedicación personal (comió, bañó, descansó)",2,2,2,2,2,9,9,Casa donde vive,5,60,15:00:00,,120,120,120,120,120,540,540,
Majo51309Augusto9,Majo51309Augusto,Majo51309Augusto9,Tarde,Estaba solo,Vió televisión,"Entretenimiento (radio, televisión, computadora, juego en casa)",2,2,2,2,2,8,8,Casa donde vive,5,60,16:00:00,,120,120,120,120,120,480,480,
Majo51309Augusto10,Majo51309Augusto,Majo51309Augusto10,Tarde,Con amigos,Jugó (cartas /juegos),"Entretenimiento (radio, televisión, computadora, juego en casa)","2,65732484076433","3,05887969446213","1,82854406130268","1,62559846792212","2,55303514376997","7,29674537332483","7,95789473684211",Casa donde vive,5,180,18:00:00,,"478,31847133758","550,598345003183","329,137931034483","292,607724225982","459,546325878594","1313,41416719847","1432,42105263158",
Majo51309Augusto11,Majo51309Augusto,Majo51309Augusto11,Noche,Con su pareja,Comió,"Dedicación personal (comió, bañó, descansó)",2,2,2,2,2,8,8,Casa donde vive,5,20,19:00:00,9,40,40,40,40,40,160,160,180
Majo51309Augusto12,Majo51309Augusto,Majo51309Augusto12,Noche,Estaba solo,Vió televisión,"Entretenimiento (radio, televisión, computadora, juego en casa)",2,2,2,2,2,9,9,Casa donde vive,5,120,20:00:00,,240,240,240,240,240,1080,1080,
Majo51309Esteban1,Majo51309Esteban,Majo51309Esteban1,Mañana,Estaba solo,Se baño o arregló,"Dedicación personal (comió, bañó, descansó)",2,2,2,2,2,8,9,Casa donde vive,5,10,8:00:00,,20,20,20,20,20,80,90,
Majo51309Esteban2,Majo51309Esteban,Majo51309Esteban2,Mañana,Estaba solo,Comió,"Dedicación personal (comió, bañó, descansó)",2,2,2,2,2,8,9,Casa donde vive,5,90,9:00:00,,180,180,180,180,180,720,810,
Majo51309Esteban3,Majo51309Esteban,Majo51309Esteban3,Mañana,Estaba solo,Hizo tareas domésticas,"Tareas domésticas (comida, cuida a los hijos, mascotas)",2,2,2,2,2,8,5,Casa donde vive,5,20,10:00:00,,40,40,40,40,40,160,100,
Majo51309Esteban4,Majo51309Esteban,Majo51309Esteban4,Mañana,Estaba solo,Escucho radio ,"Entretenimiento (radio, televisión, computadora, juego en casa)",2,2,2,2,2,8,9,Casa donde vive,5,120,11:00:00,,240,240,240,240,240,960,1080,
Majo51309Esteban5,Majo51309Esteban,Majo51309Esteban5,Tarde,Estaba solo,Viajó en coche/colectivo/moto,"Viajó a algún lado (coche, caminando, bicicleta)",2,2,2,2,2,8,8,"Viajó a algún lado (coche, caminando, bicicleta)",9,30,12:00:00,,60,60,60,60,60,240,240,
Majo51309Esteban6,Majo51309Esteban,Majo51309Esteban6,Tarde,Estaba solo,Cuidó a los niños,"Tareas domésticas (comida, cuida a los hijos, mascotas)",2,2,2,2,2,8,8,Parada de colectivo,9,5,13:00:00,,10,10,10,10,10,40,40,
Majo51309Esteban7,Majo51309Esteban,Majo51309Esteban7,Tarde,Con compañeros de trabajo / escuela / club,Hizo ejercicio o dio paseo,Hizo ejercicio o dio paseo,2,2,2,2,2,8,10,Parada de colectivo,9,150,14:00:00,9,300,300,300,300,300,1200,1500,1350
Majo51309Esteban8,Majo51309Esteban,Majo51309Esteban8,Tarde,Estaba solo,Viajó en coche/colectivo/moto,"Viajó a algún lado (coche, caminando, bicicleta)",2,2,2,2,2,8,8,"Viajó a algún lado (coche, caminando, bicicleta)",5,30,15:00:00,,60,60,60,60,60,240,240,
Majo51309Esteban9,Majo51309Esteban,Majo51309Esteban9,Tarde,Estaba solo,Se baño o arregló,"Dedicación personal (comió, bañó, descansó)",2,2,2,2,2,8,8,Casa donde vive,5,10,16:00:00,,20,20,20,20,20,80,80,
Majo51309Esteban10,Majo51309Esteban,Majo51309Esteban10,Tarde,Estaba solo,Viajó en coche/colectivo/moto,"Viajó a algún lado (coche, caminando, bicicleta)",2,2,2,2,2,8,8,"Viajó a algún lado (coche, caminando, bicicleta)",13,15,16:00:00,,30,30,30,30,30,120,120,
Majo51309Esteban11,Majo51309Esteban,Majo51309Esteban11,Tarde,Con su pareja,Caminó a algún lado,"Viajó a algún lado (coche, caminando, bicicleta)",2,2,2,2,2,8,9,"Viajó a algún lado (coche, caminando, bicicleta)",14,15,16:00:00,10,30,30,30,30,30,120,135,150
Majo51309Esteban12,Majo51309Esteban,Majo51309Esteban12,Tarde,Con otros familiares,Habló con alguien,"Relaciones sociales (Charlar, cuidar, actividad religiosa, otras relaciones)",2,2,2,2,2,8,9,Casa  de novio/a,14,60,17:00:00,9,120,120,120,120,120,480,540,540
Majo51309Esteban13,Majo51309Esteban,Majo51309Esteban13,Tarde,Con su pareja,Comió,"Dedicación personal (comió, bañó, descansó)",2,2,2,2,2,7,9,Casa  de novio/a,14,450,21:00:00,9,900,900,900,900,900,3150,4050,4050
Majo51309Esteban14,Majo51309Esteban,Majo51309Esteban14,Noche,Con su pareja,Vió televisión,"Entretenimiento (radio, televisión, computadora, juego en casa)",2,2,2,2,2,8,10,Casa  de novio/a,14,90,0:00:00,9,180,180,180,180,180,720,900,810
Majo51309Esteban15,Majo51309Esteban,Majo51309Esteban15,Noche,Estaba solo,Caminó a algún lado,"Viajó a algún lado (coche, caminando, bicicleta)",2,2,2,2,2,8,8,"Viajó a algún lado (coche, caminando, bicicleta)",14,5,0:00:00,,10,10,10,10,10,40,40,
Majo51309Esteban16,Majo51309Esteban,Majo51309Esteban16,Noche,Estaba solo,Viajó en coche/colectivo/moto,"Viajó a algún lado (coche, caminando, bicicleta)",2,2,2,2,2,8,8,"Viajó a algún lado (coche, caminando, bicicleta)",5,15,0:00:00,,30,30,30,30,30,120,120,
Majo51309Esteban17,Majo51309Esteban,Majo51309Esteban17,Noche,Estaba solo,Hizo tareas domésticas,"Tareas domésticas (comida, cuida a los hijos, mascotas)",2,2,2,2,2,8,9,Casa donde vive,5,30,0:00:00,,60,60,60,60,60,240,270,
Majo51309Esteban18,Majo51309Esteban,Majo51309Esteban18,Noche,Con otros familiares,Comió,"Dedicación personal (comió, bañó, descansó)",2,2,2,2,2,9,9,Casa donde vive,5,120,0:00:00,9,240,240,240,240,240,1080,1080,1080
Majo51309Esteban19,Majo51309Esteban,Majo51309Esteban19,Noche,Estaba solo,Vió televisión,"Entretenimiento (radio, televisión, computadora, juego en casa)",1,2,2,2,2,8,8,Casa donde vive,5,100,0:00:00,,100,200,200,200,200,800,800,
Majo51309Graciela1,Majo51309Graciela,Majo51309Graciela1,Mañana,Estaba solo,Se baño o arregló,"Dedicación personal (comió, bañó, descansó)",2,2,2,2,2,8,9,Casa donde vive,5,20,7:00:00,,40,40,40,40,40,160,180,
Majo51309Graciela2,Majo51309Graciela,Majo51309Graciela2,Mañana,Estaba solo,Comió,"Dedicación personal (comió, bañó, descansó)",2,2,2,2,2,8,9,Casa donde vive,5,20,7:00:00,,40,40,40,40,40,160,180,
Majo51309Graciela3,Majo51309Graciela,Majo51309Graciela3,Mañana,Estaba solo,Hizo tareas domésticas,"Tareas domésticas (comida, cuida a los hijos, mascotas)",2,2,2,2,2,8,9,Casa donde vive,5,240,9:00:00,,480,480,480,480,480,1920,2160,
Majo51309Graciela4,Majo51309Graciela,Majo51309Graciela4,Mañana,Con amigos,"Descansó (siesta,tomar mate, té o café)","Dedicación personal (comió, bañó, descansó)",2,2,2,2,2,8,10,Casa donde vive,5,60,12:00:00,9,120,120,120,120,120,480,600,540
Majo51309Graciela5,Majo51309Graciela,Majo51309Graciela5,Tarde,Con amigos,Habló con alguien,"Relaciones sociales (Charlar, cuidar, actividad religiosa, otras relaciones)",2,2,2,2,2,8,9,Casa donde vive,5,120,13:00:00,9,240,240,240,240,240,960,1080,1080
Majo51309Graciela6,Majo51309Graciela,Majo51309Graciela6,Tarde,Estaba solo,"Descansó (siesta,tomar mate, té o café)","Dedicación personal (comió, bañó, descansó)",2,2,2,2,2,8,9,Casa donde vive,5,120,15:00:00,,240,240,240,240,240,960,1080,
Majo51309Graciela7,Majo51309Graciela,Majo51309Graciela7,Tarde,Con sus hijos jóvenes o nietos,Comió,"Dedicación personal (comió, bañó, descansó)",2,2,2,2,2,8,9,Casa donde vive,5,60,17:00:00,9,120,120,120,120,120,480,540,540
Majo51309Graciela8,Majo51309Graciela,Majo51309Graciela8,Tarde,Con compañeros de trabajo / escuela / club,Habló con alguien,"Relaciones sociales (Charlar, cuidar, actividad religiosa, otras relaciones)",2,2,2,2,2,8,8,Casa donde vive,5,60,18:00:00,9,120,120,120,120,120,480,480,540
Majo51309Graciela9,Majo51309Graciela,Majo51309Graciela9,Noche,Estaba solo,Preparó comida,"Tareas domésticas (comida, cuida a los hijos, mascotas)",2,2,2,2,2,8,10,Casa donde vive,5,90,19:00:00,,180,180,180,180,180,720,900,
Majo51309Graciela10,Majo51309Graciela,Majo51309Graciela10,Noche,Estaba solo,Preparó comida,"Tareas domésticas (comida, cuida a los hijos, mascotas)",2,2,2,2,2,8,10,Casa donde vive,5,30,20:00:00,,60,60,60,60,60,240,300,
Majo51309Graciela11,Majo51309Graciela,Majo51309Graciela11,Noche,Con sus hijos jóvenes o nietos,Cuidó a los niños,"Tareas domésticas (comida, cuida a los hijos, mascotas)",2,2,2,2,2,8,10,Casa donde vive,5,60,21:00:00,10,120,120,120,120,120,480,600,600
Majo51309Graciela12,Majo51309Graciela,Majo51309Graciela12,Noche,"Personal de servicios, responsables de nuestra actividad, extraños ",Hizo tareas domésticas,"Tareas domésticas (comida, cuida a los hijos, mascotas)",2,2,2,2,2,8,9,Casa donde vive,5,60,22:00:00,9,120,120,120,120,120,480,540,540
Majo51309Graciela13,Majo51309Graciela,Majo51309Graciela13,Noche,Estaba solo,Vió televisión,"Entretenimiento (radio, televisión, computadora, juego en casa)",2,2,2,2,2,8,9,Casa donde vive,5,120,23:00:00,,240,240,240,240,240,960,1080,
Majo51309Marta1,Majo51309Marta,Majo51309Marta1,Mañana,Estaba solo,Comió,"Dedicación personal (comió, bañó, descansó)",2,8,4,2,2,4,4,Casa donde vive,5,20,8:00:00,,40,160,80,40,40,80,80,
Majo51309Marta2,Majo51309Marta,Majo51309Marta2,Mañana,Estaba solo,Hizo tareas domésticas,"Tareas domésticas (comida, cuida a los hijos, mascotas)",2,7,2,2,6,5,8,Casa donde vive,5,60,9:00:00,,120,420,120,120,360,300,480,
Majo51309Marta3,Majo51309Marta,Majo51309Marta3,Mañana,Estaba solo,Viajó en coche/colectivo/moto,"Viajó a algún lado (coche, caminando, bicicleta)",2,6,2,2,4,6,8,"Viajó a algún lado (coche, caminando, bicicleta)",13,10,9:00:00,,20,60,20,20,40,60,80,
Majo51309Marta4,Majo51309Marta,Majo51309Marta4,Mañana,Estaba solo,Caminó a algún lado,"Viajó a algún lado (coche, caminando, bicicleta)",2,5,2,2,2,6,7,"Viajó a algún lado (coche, caminando, bicicleta)",14,10,10:00:00,,20,50,20,20,20,60,70,
Majo51309Marta5,Majo51309Marta,Majo51309Marta5,Mañana,Con pareja e hijos,Habló con alguien,"Relaciones sociales (Charlar, cuidar, actividad religiosa, otras relaciones)",5,2,2,2,2,8,9,Casa de parientes,14,420,13:00:00,9,2100,840,840,840,840,3360,3780,3780
Majo51309Marta6,Majo51309Marta,Majo51309Marta6,Tarde,Con sus hijos adultos,Comió,"Dedicación personal (comió, bañó, descansó)",2,2,2,2,2,7,8,Casa de parientes,14,30,17:00:00,9,60,60,60,60,60,210,240,270
Majo51309Marta7,Majo51309Marta,Majo51309Marta7,Tarde,Con su pareja,"Descansó (siesta,tomar mate, té o café)","Dedicación personal (comió, bañó, descansó)",2,5,2,2,2,8,9,Casa de parientes,14,120,18:00:00,9,240,600,240,240,240,960,1080,1080
Majo51309Marta8,Majo51309Marta,Majo51309Marta8,Tarde,Con sus hijos jóvenes o nietos,"Descansó (siesta,tomar mate, té o café)","Dedicación personal (comió, bañó, descansó)",2,3,2,2,2,8,8,Casa de parientes,14,100,20:00:00,10,200,300,200,200,200,800,800,1000
Majo51309Marta9,Majo51309Marta,Majo51309Marta9,Tarde,Estaba solo,Caminó a algún lado,"Viajó a algún lado (coche, caminando, bicicleta)",2,3,2,2,2,7,7,"Viajó a algún lado (coche, caminando, bicicleta)",14,10,21:00:00,,20,30,20,20,20,70,70,
Majo51309Marta10,Majo51309Marta,Majo51309Marta10,Tarde,Estaba solo,Viajó en coche/colectivo/moto,"Viajó a algún lado (coche, caminando, bicicleta)",2,4,2,2,2,8,7,"Viajó a algún lado (coche, caminando, bicicleta)",12,10,21:00:00,,20,40,20,20,20,80,70,
Majo51309Marta11,Majo51309Marta,Majo51309Marta11,Tarde,Estaba solo,Caminó a algún lado,"Viajó a algún lado (coche, caminando, bicicleta)",2,2,2,2,2,7,8,"Viajó a algún lado (coche, caminando, bicicleta)",12,10,21:00:00,,20,20,20,20,20,70,80,
Majo51309Marta12,Majo51309Marta,Majo51309Marta12,Tarde,Estaba solo,Se baño o arregló,"Dedicación personal (comió, bañó, descansó)",2,2,2,2,2,8,8,Parada de colectivo,12,20,21:00:00,,40,40,40,40,40,160,160,
Majo51309Marta13,Majo51309Marta,Majo51309Marta13,Tarde,Estaba solo,Vió televisión,"Entretenimiento (radio, televisión, computadora, juego en casa)",2,2,2,2,2,8,9,Parada de colectivo,12,120,23:00:00,,240,240,240,240,240,960,1080,
Majo51309Marta14,Majo51309Marta,Majo51309Marta14,Noche,Estaba solo,Preparó comida,"Tareas domésticas (comida, cuida a los hijos, mascotas)",2,4,2,2,2,8,9,Parada de colectivo,12,30,0:00:00,,60,120,60,60,60,240,270,
Majo51309Marta15,Majo51309Marta,Majo51309Marta15,Noche,Con su pareja,Comió,"Dedicación personal (comió, bañó, descansó)",2,3,2,2,2,7,8,Parada de colectivo,12,60,0:00:00,9,120,180,120,120,120,420,480,540
Majo51309Marta16,Majo51309Marta,Majo51309Marta16,Noche,Estaba solo,Hizo tareas domésticas,"Tareas domésticas (comida, cuida a los hijos, mascotas)",2,5,2,2,2,8,8,Parada de colectivo,12,20,0:00:00,,40,100,40,40,40,160,160,
Majo51309rodrigo1,Majo51309rodrigo,Majo51309rodrigo1,Mañana,Estaba solo,Comió,"Dedicación personal (comió, bañó, descansó)",4,4,2,2,2,8,8,Casa donde vive,5,20,8:00:00,,80,80,40,40,40,160,160,
Majo51309rodrigo2,Majo51309rodrigo,Majo51309rodrigo2,Mañana,Estaba solo,Se baño o arregló,"Dedicación personal (comió, bañó, descansó)",2,3,2,2,2,7,7,Casa donde vive,5,10,8:00:00,,20,30,20,20,20,70,70,
Majo51309rodrigo3,Majo51309rodrigo,Majo51309rodrigo3,Mañana,Con compañeros de trabajo / escuela / club,Viajó en coche/colectivo/moto,"Viajó a algún lado (coche, caminando, bicicleta)",3,3,2,2,2,7,8,"Viajó a algún lado (coche, caminando, bicicleta)",2,15,8:00:00,9,45,45,30,30,30,105,120,135
Majo51309rodrigo4,Majo51309rodrigo,Majo51309rodrigo4,Mañana,Con compañeros de trabajo / escuela / club,Trabajó,Trabajó,2,5,2,2,2,7,8,Casa de cliente,2,600,13:00:00,9,1200,3000,1200,1200,1200,4200,4800,5400
Majo51309rodrigo5,Majo51309rodrigo,Majo51309rodrigo5,Noche,Estaba solo,Viajó en coche/colectivo/moto,"Viajó a algún lado (coche, caminando, bicicleta)",2,2,2,2,2,8,8,"Viajó a algún lado (coche, caminando, bicicleta)",5,15,18:00:00,,30,30,30,30,30,120,120,
Majo51309rodrigo6,Majo51309rodrigo,Majo51309rodrigo6,Noche,Estaba solo,Se baño o arregló,"Dedicación personal (comió, bañó, descansó)",2,2,2,2,2,8,8,Casa donde vive,5,30,19:00:00,,60,60,60,60,60,240,240,
Majo51309rodrigo7,Majo51309rodrigo,Majo51309rodrigo7,Noche,Con su pareja,Comió,"Dedicación personal (comió, bañó, descansó)",2,2,2,2,2,7,9,Casa donde vive,5,50,19:00:00,9,100,100,100,100,100,350,450,450
Majo51309rodrigo8,Majo51309rodrigo,Majo51309rodrigo8,Noche,Con sus hijos jóvenes o nietos,Jugó (cartas /juegos),"Entretenimiento (radio, televisión, computadora, juego en casa)",2,2,2,2,2,7,9,Casa donde vive,5,70,20:00:00,9,140,140,140,140,140,490,630,630
Majo51309rodrigo9,Majo51309rodrigo,Majo51309rodrigo9,Noche,Con pareja e hijos,Comió,"Dedicación personal (comió, bañó, descansó)",2,2,2,2,2,8,8,Casa donde vive,5,60,21:00:00,9,120,120,120,120,120,480,480,540
Majo51309rodrigo10,Majo51309rodrigo,Majo51309rodrigo10,Noche,Con pareja e hijos,Vió televisión,"Entretenimiento (radio, televisión, computadora, juego en casa)",2,2,2,2,2,7,9,Casa donde vive,5,120,23:00:00,9,240,240,240,240,240,840,1080,1080
Majo71221Magalí1,Majo71221Magalí,Majo71221Magalí1,Mañana,Estaba solo,Trabajó,Trabajó,2,8,9,2,6,3,8,Casa donde vive,7,190,10:00:00,,380,1520,1710,380,1140,570,1520,
Majo71221Magalí2,Majo71221Magalí,Majo71221Magalí2,Mañana,Estaba solo,Preparó comida,"Tareas domésticas (comida, cuida a los hijos, mascotas)",6,7,5,1,3,6,6,Casa donde vive,7,30,12:00:00,,180,210,150,30,90,180,180,
Majo71221Magalí3,Majo71221Magalí,Majo71221Magalí3,Tarde,Con su pareja,Comió,"Dedicación personal (comió, bañó, descansó)",5,7,2,2,4,7,7,Casa donde vive,7,40,12:00:00,8,200,280,80,80,160,280,280,320
Majo71221Magalí4,Majo71221Magalí,Majo71221Magalí4,Tarde,Estaba solo,Hizo tareas domésticas,"Tareas domésticas (comida, cuida a los hijos, mascotas)",4,6,2,2,2,6,7,Casa donde vive,7,100,14:00:00,,400,600,200,200,200,600,700,
Majo71221Magalí5,Majo71221Magalí,Majo71221Magalí5,Tarde,Estaba solo,Se baño o arregló,"Dedicación personal (comió, bañó, descansó)",5,6,2,2,2,7,8,Casa donde vive,7,10,15:00:00,,50,60,20,20,20,70,80,
Majo71221Magalí6,Majo71221Magalí,Majo71221Magalí6,Tarde,Estaba solo,Jugó (cartas /juegos),"Entretenimiento (radio, televisión, computadora, juego en casa)",4,4,2,2,2,8,9,Casa donde vive,7,20,15:00:00,,80,80,40,40,40,160,180,
Majo71221Magalí7,Majo71221Magalí,Majo71221Magalí7,Tarde,Estaba solo,Viajó en coche/colectivo/moto,"Viajó a algún lado (coche, caminando, bicicleta)",5,7,4,1,5,8,9,"Viajó a algún lado (coche, caminando, bicicleta)",15,15,15:00:00,,75,105,60,15,75,120,135,
Majo71221Magalí8,Majo71221Magalí,Majo71221Magalí8,Tarde,Con compañeros de trabajo / escuela / club,Trabajó,Trabajó,5,7,2,2,3,8,9,Lugar de trabajo,15,210,17:00:00,10,1050,1470,420,420,630,1680,1890,2100
Majo71221Magalí9,Majo71221Magalí,Majo71221Magalí9,Noche,Estaba solo,Viajó en coche/colectivo/moto,"Viajó a algún lado (coche, caminando, bicicleta)",2,6,2,2,2,8,8,"Viajó a algún lado (coche, caminando, bicicleta)",15,15,19:00:00,,30,90,30,30,30,120,120,
Majo71221Magalí10,Majo71221Magalí,Majo71221Magalí10,Noche,Estaba solo,Fue de compras,Compras,2,6,2,2,2,8,8,"Supermercado, despensa, verdulería, carnicería, dietética",15,30,19:00:00,,60,180,60,60,60,240,240,
Majo71221Magalí11,Majo71221Magalí,Majo71221Magalí11,Noche,Estaba solo,Viajó en coche/colectivo/moto,"Viajó a algún lado (coche, caminando, bicicleta)",3,6,2,2,2,7,7,"Viajó a algún lado (coche, caminando, bicicleta)",7,15,20:00:00,,45,90,30,30,30,105,105,
Majo71221Magalí12,Majo71221Magalí,Majo71221Magalí12,Noche,Con su pareja,Preparó comida,"Tareas domésticas (comida, cuida a los hijos, mascotas)",2,2,2,2,2,9,9,Casa donde vive,7,40,20:00:00,10,80,80,80,80,80,360,360,400
Majo71221Magalí13,Majo71221Magalí,Majo71221Magalí13,Noche,Con su pareja,Vió televisión,"Entretenimiento (radio, televisión, computadora, juego en casa)",4,4,2,2,2,8,8,Casa donde vive,7,80,21:00:00,9,320,320,160,160,160,640,640,720
Majo71221Magalí14,Majo71221Magalí,Majo71221Magalí14,Noche,Con su pareja,Vió televisión,"Entretenimiento (radio, televisión, computadora, juego en casa)",3,2,2,2,2,8,8,Casa donde vive,7,90,22:00:00,9,270,180,180,180,180,720,720,810
Majo71221Magalí15,Majo71221Magalí,Majo71221Magalí15,Noche,Estaba solo,Se baño o arregló,"Dedicación personal (comió, bañó, descansó)",2,4,2,2,2,9,9,Casa donde vive,7,15,23:00:00,,30,60,30,30,30,135,135,
Majo73005Maricel1,Majo73005Maricel,Majo73005Maricel1,Mañana,Con su pareja,Comió,"Dedicación personal (comió, bañó, descansó)",2,2,2,2,2,7,6,Casa donde vive,7,30,10:00:00,5,60,60,60,60,60,210,180,150
Majo73005Maricel2,Majo73005Maricel,Majo73005Maricel2,Mañana,Estaba solo,Hizo tareas domésticas,"Tareas domésticas (comida, cuida a los hijos, mascotas)",2,2,2,2,2,7,5,Casa donde vive,7,60,11:00:00,,120,120,120,120,120,420,300,
Majo73005Maricel3,Majo73005Maricel,Majo73005Maricel3,Mañana,Estaba solo,Preparó comida,"Tareas domésticas (comida, cuida a los hijos, mascotas)",3,2,2,2,2,7,7,Casa donde vive,7,60,12:00:00,,180,120,120,120,120,420,420,
Majo73005Maricel4,Majo73005Maricel,Majo73005Maricel4,Tarde,Con pareja e hijos,Comió,"Dedicación personal (comió, bañó, descansó)",2,2,2,2,2,8,8,Casa donde vive,7,60,13:00:00,9,120,120,120,120,120,480,480,540
Majo73005Maricel5,Majo73005Maricel,Majo73005Maricel5,Tarde,Estaba solo,Hizo tareas domésticas,"Tareas domésticas (comida, cuida a los hijos, mascotas)",2,2,2,2,2,8,2,Casa donde vive,7,60,14:00:00,,120,120,120,120,120,480,120,
Majo73005Maricel6,Majo73005Maricel,Majo73005Maricel6,Tarde,Con sus hijos jóvenes o nietos,Preparó comida,"Tareas domésticas (comida, cuida a los hijos, mascotas)",2,2,2,2,2,8,5,Casa donde vive,7,75,15:00:00,8,150,150,150,150,150,600,375,600
Majo73005Maricel7,Majo73005Maricel,Majo73005Maricel7,Tarde,Estaba solo,Viajó en coche/colectivo/moto,"Viajó a algún lado (coche, caminando, bicicleta)",2,2,2,2,2,7,7,"Viajó a algún lado (coche, caminando, bicicleta)",1,25,16:00:00,,50,50,50,50,50,175,175,
Majo73005Maricel8,Majo73005Maricel,Majo73005Maricel8,Tarde,Con sus hijos adultos,Cuidó a alguien,"Relaciones sociales (Charlar, cuidar, actividad religiosa, otras relaciones)",2,2,2,2,2,8,8,"Hospital, Clínica, Centro de Salud",1,60,16:00:00,9,120,120,120,120,120,480,480,540
Majo73005Maricel9,Majo73005Maricel,Majo73005Maricel9,Tarde,Estaba solo,Viajó en coche/colectivo/moto,"Viajó a algún lado (coche, caminando, bicicleta)",2,2,2,2,2,8,8,"Viajó a algún lado (coche, caminando, bicicleta)",7,25,17:00:00,,50,50,50,50,50,200,200,
Majo73005Maricel10,Majo73005Maricel,Majo73005Maricel10,Tarde,Con pareja e hijos,"Descansó (siesta,tomar mate, té o café)","Dedicación personal (comió, bañó, descansó)",2,2,2,2,2,8,8,Casa donde vive,7,120,18:00:00,9,240,240,240,240,240,960,960,1080
Majo73005Maricel11,Majo73005Maricel,Majo73005Maricel11,Noche,Estaba solo,Caminó a algún lado,"Viajó a algún lado (coche, caminando, bicicleta)",2,2,2,2,2,8,7,"Viajó a algún lado (coche, caminando, bicicleta)",7,5,19:00:00,,10,10,10,10,10,40,35,
Majo73005Maricel12,Majo73005Maricel,Majo73005Maricel12,Noche,Estaba solo,Fue de compras,Compras,2,2,2,2,2,8,7,"Supermercado, despensa, verdulería, carnicería, dietética",7,15,20:00:00,,30,30,30,30,30,120,105,
Majo73005Maricel13,Majo73005Maricel,Majo73005Maricel13,Noche,Estaba solo,Caminó a algún lado,"Viajó a algún lado (coche, caminando, bicicleta)",2,2,2,2,2,8,7,"Viajó a algún lado (coche, caminando, bicicleta)",7,5,20:00:00,,10,10,10,10,10,40,35,
Majo73005Maricel14,Majo73005Maricel,Majo73005Maricel14,Noche,Estaba solo,Entretetenimiento con la computadora,"Entretenimiento (radio, televisión, computadora, juego en casa)",2,2,2,2,2,8,8,Casa donde vive,7,35,20:00:00,,70,70,70,70,70,280,280,
Majo73005Maricel15,Majo73005Maricel,Majo73005Maricel15,Noche,Estaba solo,Preparó comida,"Tareas domésticas (comida, cuida a los hijos, mascotas)",2,2,2,2,2,8,8,Casa donde vive,7,60,21:00:00,,120,120,120,120,120,480,480,
Majo73005Maricel16,Majo73005Maricel,Majo73005Maricel16,Noche,Con pareja e hijos,Comió,"Dedicación personal (comió, bañó, descansó)",2,2,2,2,2,8,8,Casa donde vive,7,60,22:00:00,9,120,120,120,120,120,480,480,540
Majo73005Maricel17,Majo73005Maricel,Majo73005Maricel17,Noche,Con su pareja,Vió televisión,"Entretenimiento (radio, televisión, computadora, juego en casa)",2,2,2,2,2,8,9,Casa donde vive,7,120,23:00:00,8,240,240,240,240,240,960,1080,960
Majo81218Chiqui1,Majo81218Chiqui,Majo81218Chiqui1,Mañana,Con su pareja,Comió,"Dedicación personal (comió, bañó, descansó)",2,2,2,2,2,8,9,Casa donde vive,8,30,9:00:00,9,60,60,60,60,60,240,270,270
Majo81218Chiqui2,Majo81218Chiqui,Majo81218Chiqui2,Mañana,Con su pareja,Viajó en coche/colectivo/moto,"Viajó a algún lado (coche, caminando, bicicleta)",2,2,2,2,2,8,9,"Viajó a algún lado (coche, caminando, bicicleta)",8,15,9:00:00,9,30,30,30,30,30,120,135,135
Majo81218Chiqui3,Majo81218Chiqui,Majo81218Chiqui3,Mañana,Con su pareja,Fue de compras,Compras,2,2,2,2,2,8,10,Comercio de ropa u otro tipo de comercio de compras,8,60,10:00:00,9,120,120,120,120,120,480,600,540
Majo81218Chiqui4,Majo81218Chiqui,Majo81218Chiqui4,Mañana,Con su pareja,Viajó en coche/colectivo/moto,"Viajó a algún lado (coche, caminando, bicicleta)",2,2,2,2,2,8,10,"Viajó a algún lado (coche, caminando, bicicleta)",8,15,10:00:00,9,30,30,30,30,30,120,150,135
Majo81218Chiqui5,Majo81218Chiqui,Majo81218Chiqui5,Mañana,Con su pareja,Hizo tareas domésticas,"Tareas domésticas (comida, cuida a los hijos, mascotas)",2,2,2,2,2,8,9,Casa donde vive,8,90,11:00:00,9,180,180,180,180,180,720,810,810
Majo81218Chiqui6,Majo81218Chiqui,Majo81218Chiqui6,Tarde,Con su pareja,Preparó comida,"Tareas domésticas (comida, cuida a los hijos, mascotas)",2,2,2,2,2,8,10,Casa donde vive,8,30,12:00:00,9,60,60,60,60,60,240,300,270
Majo81218Chiqui7,Majo81218Chiqui,Majo81218Chiqui7,Tarde,Con su pareja,Comió,"Dedicación personal (comió, bañó, descansó)",2,2,2,2,2,9,9,Casa donde vive,8,60,13:00:00,9,120,120,120,120,120,540,540,540
Majo81218Chiqui8,Majo81218Chiqui,Majo81218Chiqui8,Tarde,Con su pareja,Hizo tareas domésticas,"Tareas domésticas (comida, cuida a los hijos, mascotas)",2,2,2,2,2,9,9,Casa donde vive,8,30,14:00:00,9,60,60,60,60,60,270,270,270
Majo81218Chiqui9,Majo81218Chiqui,Majo81218Chiqui9,Tarde,Con su pareja,Viajó en coche/colectivo/moto,"Viajó a algún lado (coche, caminando, bicicleta)",2,2,2,2,2,9,9,"Viajó a algún lado (coche, caminando, bicicleta)",11,20,14:00:00,9,40,40,40,40,40,180,180,180
Majo81218Chiqui10,Majo81218Chiqui,Majo81218Chiqui10,Tarde,Destinatario de nuestra actividad laboral (Cliente / paciente / alumno),Trámites,Trámites o Salud,9,2,2,2,2,8,9,Casa de cliente,11,60,15:00:00,8,540,120,120,120,120,480,540,480
Majo81218Chiqui11,Majo81218Chiqui,Majo81218Chiqui11,Tarde,Con su pareja,Viajó en coche/colectivo/moto,"Viajó a algún lado (coche, caminando, bicicleta)",2,2,2,2,2,8,9,"Viajó a algún lado (coche, caminando, bicicleta)",8,20,15:00:00,9,40,40,40,40,40,160,180,180
Majo81218Chiqui12,Majo81218Chiqui,Majo81218Chiqui12,Tarde,Con su pareja,"Descansó (siesta,tomar mate, té o café)","Dedicación personal (comió, bañó, descansó)",2,2,2,2,2,9,9,Casa donde vive,8,60,16:00:00,9,120,120,120,120,120,540,540,540
Majo81218Chiqui13,Majo81218Chiqui,Majo81218Chiqui13,Tarde,Con su pareja,Vió televisión,"Entretenimiento (radio, televisión, computadora, juego en casa)",2,2,2,2,2,8,9,Casa donde vive,8,180,18:00:00,9,360,360,360,360,360,1440,1620,1620
Majo81218Chiqui14,Majo81218Chiqui,Majo81218Chiqui14,Noche,Con su pareja,Preparó comida,"Tareas domésticas (comida, cuida a los hijos, mascotas)",2,2,2,2,2,8,9,Casa donde vive,8,40,20:00:00,9,80,80,80,80,80,320,360,360
Majo81218Chiqui15,Majo81218Chiqui,Majo81218Chiqui15,Noche,Con su pareja,Comió,"Dedicación personal (comió, bañó, descansó)",2,2,2,2,2,9,9,Casa donde vive,8,60,21:00:00,10,120,120,120,120,120,540,540,600
Majo81218Chiqui16,Majo81218Chiqui,Majo81218Chiqui16,Noche,Con su pareja,Hizo tareas domésticas,"Tareas domésticas (comida, cuida a los hijos, mascotas)",2,2,2,2,2,8,9,Casa donde vive,8,30,22:00:00,10,60,60,60,60,60,240,270,300
Majo81218Chiqui17,Majo81218Chiqui,Majo81218Chiqui17,Noche,Con su pareja,Vió televisión,"Entretenimiento (radio, televisión, computadora, juego en casa)",2,2,2,2,2,10,10,Casa donde vive,8,240,0:00:00,9,480,480,480,480,480,2400,2400,2160
Majo81218Emi1,Majo81218Emi,Majo81218Emi1,Mañana,Estaba solo,Comió,"Dedicación personal (comió, bañó, descansó)",2,2,2,2,4,7,8,Casa donde vive,8,30,10:00:00,,60,60,60,60,120,210,240,
Majo81218Emi2,Majo81218Emi,Majo81218Emi2,Mañana,Estaba solo,Viajó en coche/colectivo/moto,"Viajó a algún lado (coche, caminando, bicicleta)",2,3,2,2,2,9,9,"Viajó a algún lado (coche, caminando, bicicleta)",8,15,10:00:00,,30,45,30,30,30,135,135,
Majo81218Emi3,Majo81218Emi,Majo81218Emi3,Mañana,Con compañeros de trabajo / escuela / club,Trámites,Trámites o Salud,2,2,2,2,5,8,4,Locales de pago de servicios públicos u otros servicios en general,8,15,10:00:00,4,30,30,30,30,75,120,60,60
Majo81218Emi4,Majo81218Emi,Majo81218Emi4,Mañana,"Personal de servicios, responsables de nuestra actividad, extraños ",Viajó en coche/colectivo/moto,"Viajó a algún lado (coche, caminando, bicicleta)",2,2,2,2,2,8,5,"Viajó a algún lado (coche, caminando, bicicleta)",12,20,11:00:00,9,40,40,40,40,40,160,100,180
Majo81218Emi5,Majo81218Emi,Majo81218Emi5,Mañana,Estaba solo,Caminó a algún lado,"Viajó a algún lado (coche, caminando, bicicleta)",2,5,2,2,2,4,7,"Viajó a algún lado (coche, caminando, bicicleta)",12,15,11:00:00,,30,75,30,30,30,60,105,
Majo81218Emi6,Majo81218Emi,Majo81218Emi6,Mañana,"Personal de servicios, responsables de nuestra actividad, extraños ",Trámites,Trámites o Salud,8,7,2,4,2,6,5,"Bancos, u otra entidad financiera ",12,25,11:00:00,,200,175,50,100,50,150,125,
Majo81218Emi7,Majo81218Emi,Majo81218Emi7,Mañana,Estaba solo,Caminó a algún lado,"Viajó a algún lado (coche, caminando, bicicleta)",2,2,2,2,2,4,7,"Viajó a algún lado (coche, caminando, bicicleta)",12,15,12:00:00,,30,30,30,30,30,60,105,
Majo81218Emi8,Majo81218Emi,Majo81218Emi8,Mañana,Estaba solo,Viajó en coche/colectivo/moto,"Viajó a algún lado (coche, caminando, bicicleta)",3,4,2,2,2,4,8,"Viajó a algún lado (coche, caminando, bicicleta)",8,20,12:00:00,,60,80,40,40,40,80,160,
Majo81218Emi9,Majo81218Emi,Majo81218Emi9,Tarde,Con su pareja,Comió,"Dedicación personal (comió, bañó, descansó)",3,2,2,2,4,8,8,Casa donde vive,8,50,12:00:00,9,150,100,100,100,200,400,400,450
Majo81218Emi10,Majo81218Emi,Majo81218Emi10,Tarde,Con su pareja,Vió televisión,"Entretenimiento (radio, televisión, computadora, juego en casa)",3,3,2,2,2,9,8,Casa donde vive,8,240,15:00:00,9,720,720,480,480,480,2160,1920,2160
Majo81218Emi11,Majo81218Emi,Majo81218Emi11,Tarde,Estaba solo,Viajó en coche/colectivo/moto,"Viajó a algún lado (coche, caminando, bicicleta)",4,4,2,2,2,8,7,"Viajó a algún lado (coche, caminando, bicicleta)",15,15,17:00:00,,60,60,30,30,30,120,105,
Majo81218Emi12,Majo81218Emi,Majo81218Emi12,Tarde,Estaba solo,Fue de compras,Compras,5,5,2,2,2,8,8,"Supermercado, despensa, verdulería, carnicería, dietética",15,60,18:00:00,,300,300,120,120,120,480,480,
Majo81218Emi13,Majo81218Emi,Majo81218Emi13,Noche,Estaba solo,Viajó en coche/colectivo/moto,"Viajó a algún lado (coche, caminando, bicicleta)",4,4,2,2,2,7,7,"Viajó a algún lado (coche, caminando, bicicleta)",8,15,18:00:00,,60,60,30,30,30,105,105,
Majo81218Emi14,Majo81218Emi,Majo81218Emi14,Noche,Estaba solo,Se baño o arregló,"Dedicación personal (comió, bañó, descansó)",2,2,2,2,2,9,9,Casa donde vive,8,60,19:00:00,,120,120,120,120,120,540,540,
Majo81218Emi15,Majo81218Emi,Majo81218Emi15,Noche,Estaba solo,Hizo tareas domésticas,"Tareas domésticas (comida, cuida a los hijos, mascotas)",5,7,3,2,2,5,9,Casa donde vive,8,120,20:00:00,,600,840,360,240,240,600,1080,
Majo81218Emi16,Majo81218Emi,Majo81218Emi16,Noche,Con su pareja,Comió,"Dedicación personal (comió, bañó, descansó)",2,7,2,2,2,9,9,Casa donde vive,8,60,22:00:00,9,120,420,120,120,120,540,540,540
Majo81218Emi17,Majo81218Emi,Majo81218Emi17,Noche,Con su pareja,Vió televisión,"Entretenimiento (radio, televisión, computadora, juego en casa)",2,2,2,2,5,9,9,Casa donde vive,8,240,0:00:00,9,480,480,480,480,1200,2160,2160,2160
Majo81218Emi18,Majo81218Emi,Majo81218Emi18,Noche,Con su pareja,"Descansó (siesta,tomar mate, té o café)","Dedicación personal (comió, bañó, descansó)",2,2,2,2,2,9,9,Casa donde vive,8,50,0:00:00,10,100,100,100,100,100,450,450,500
Majo9115Fabiana1,Majo9115Fabiana,Majo9115Fabiana1,Mañana,Estaba solo,Comió,"Dedicación personal (comió, bañó, descansó)",4,7,2,2,6,8,8,Casa donde vive,9,10,5:00:00,,40,70,20,20,60,80,80,
Majo9115Fabiana2,Majo9115Fabiana,Majo9115Fabiana2,Mañana,Estaba solo,Se baño o arregló,"Dedicación personal (comió, bañó, descansó)",2,5,2,2,6,5,7,Casa donde vive,9,20,5:00:00,,40,100,40,40,120,100,140,
Majo9115Fabiana3,Majo9115Fabiana,Majo9115Fabiana3,Mañana,Estaba solo,Hizo tareas domésticas,"Tareas domésticas (comida, cuida a los hijos, mascotas)",5,7,4,2,5,8,2,Casa donde vive,9,20,6:00:00,,100,140,80,40,100,160,40,
Majo9115Fabiana4,Majo9115Fabiana,Majo9115Fabiana4,Mañana,Estaba solo,Viajó en coche/colectivo/moto,"Viajó a algún lado (coche, caminando, bicicleta)",4,6,2,2,5,8,4,"Viajó a algún lado (coche, caminando, bicicleta)",10,10,6:00:00,,40,60,20,20,50,80,40,
Majo9115Fabiana5,Majo9115Fabiana,Majo9115Fabiana5,Mañana,Estaba solo,Viajó en coche/colectivo/moto,"Viajó a algún lado (coche, caminando, bicicleta)",2,4,2,2,6,5,9,"Viajó a algún lado (coche, caminando, bicicleta)",fz,20,6:00:00,,40,80,40,40,120,100,180,
Majo9115Fabiana6,Majo9115Fabiana,Majo9115Fabiana6,Mañana,Destinatario de nuestra actividad laboral (Cliente / paciente / alumno),Trabajó,Trabajó,5,2,2,2,6,7,10,Lugar de trabajo,fz,8,6:00:00,9,40,16,16,16,48,56,80,72
Majo9115Fabiana7,Majo9115Fabiana,Majo9115Fabiana7,Tarde,Estaba solo,Viajó en coche/colectivo/moto,"Viajó a algún lado (coche, caminando, bicicleta)",4,6,2,2,7,5,10,"Viajó a algún lado (coche, caminando, bicicleta)",9,20,7:00:00,,80,120,40,40,140,100,200,
Majo9115Fabiana8,Majo9115Fabiana,Majo9115Fabiana8,Tarde,Estaba solo,Comió,"Dedicación personal (comió, bañó, descansó)",2,5,2,2,7,5,8,Casa donde vive,9,30,7:00:00,,60,150,60,60,210,150,240,
Majo9115Fabiana9,Majo9115Fabiana,Majo9115Fabiana9,Tarde,Estaba solo,Viajó en coche/colectivo/moto,"Viajó a algún lado (coche, caminando, bicicleta)",4,7,3,2,5,6,5,"Viajó a algún lado (coche, caminando, bicicleta)",10,10,7:00:00,,40,70,30,20,50,60,50,
Majo9115Fabiana10,Majo9115Fabiana,Majo9115Fabiana10,Tarde,Con pareja e hijos,Trabajó,Trabajó,5,5,2,2,5,5,8,Casa de cliente,10,240,9:00:00,10,1200,1200,480,480,1200,1200,1920,2400
Majo9115Fabiana11,Majo9115Fabiana,Majo9115Fabiana11,Noche,Estaba solo,Viajó en coche/colectivo/moto,"Viajó a algún lado (coche, caminando, bicicleta)",2,7,2,2,9,3,9,"Viajó a algún lado (coche, caminando, bicicleta)",9,15,12:00:00,,30,105,30,30,135,45,135,
Majo9115Fabiana12,Majo9115Fabiana,Majo9115Fabiana12,Noche,Estaba solo,Preparó comida,"Tareas domésticas (comida, cuida a los hijos, mascotas)",5,6,2,2,2,7,7,Casa donde vive,9,30,12:00:00,,150,180,60,60,60,210,210,
Majo9115Fabiana13,Majo9115Fabiana,Majo9115Fabiana13,Noche,Estaba solo,Comió,"Dedicación personal (comió, bañó, descansó)",2,5,2,2,5,8,9,Casa donde vive,9,30,12:00:00,,60,150,60,60,150,240,270,
Majo9115Fabiana14,Majo9115Fabiana,Majo9115Fabiana14,Noche,Estaba solo,Hizo tareas domésticas,"Tareas domésticas (comida, cuida a los hijos, mascotas)",2,2,2,2,5,6,5,Casa donde vive,9,90,13:00:00,,180,180,180,180,450,540,450,
Majo91214Liliana1,Majo91214Liliana,Majo91214Liliana1,Mañana,Estaba solo,Comió,"Dedicación personal (comió, bañó, descansó)",2,2,7,2,2,8,9,Casa donde vive,9,60,10:00:00,,120,120,420,120,120,480,540,
Majo91214Liliana2,Majo91214Liliana,Majo91214Liliana2,Mañana,Estaba solo,Hizo tareas domésticas,"Tareas domésticas (comida, cuida a los hijos, mascotas)",2,2,2,2,2,7,7,Casa donde vive,9,90,11:00:00,,180,180,180,180,180,630,630,
Majo91214Liliana3,Majo91214Liliana,Majo91214Liliana3,Tarde,Con sus hijos adultos,Preparó comida,"Tareas domésticas (comida, cuida a los hijos, mascotas)",2,2,2,2,2,8,9,Casa donde vive,9,60,12:00:00,9,120,120,120,120,120,480,540,540
Majo91214Liliana4,Majo91214Liliana,Majo91214Liliana4,Tarde,Con sus hijos adultos,Comió,"Dedicación personal (comió, bañó, descansó)",2,2,2,2,2,7,8,Casa donde vive,9,60,13:00:00,9,120,120,120,120,120,420,480,540
Majo91214Liliana5,Majo91214Liliana,Majo91214Liliana5,Tarde,Con sus hijos adultos,Hizo tareas domésticas,"Tareas domésticas (comida, cuida a los hijos, mascotas)",2,3,2,2,2,8,6,Casa donde vive,9,60,14:00:00,,120,180,120,120,120,480,360,
Majo91214Liliana6,Majo91214Liliana,Majo91214Liliana6,Tarde,Con sus hijos adultos,Trabajó,Trabajó,2,2,2,2,2,7,8,Casa donde vive,9,180,16:00:00,9,360,360,360,360,360,1260,1440,1620
Majo91214Liliana7,Majo91214Liliana,Majo91214Liliana7,Noche,Con amigos,"Descansó (siesta,tomar mate, té o café)","Dedicación personal (comió, bañó, descansó)",2,2,2,2,2,8,9,Casa donde vive,9,60,18:00:00,9,120,120,120,120,120,480,540,540
Majo91214Liliana8,Majo91214Liliana,Majo91214Liliana8,Noche,Con sus hijos adultos,Viajó en coche/colectivo/moto,"Viajó a algún lado (coche, caminando, bicicleta)",2,2,2,2,2,8,8,"Viajó a algún lado (coche, caminando, bicicleta)",10,10,19:00:00,9,20,20,20,20,20,80,80,90
Majo91214Liliana9,Majo91214Liliana,Majo91214Liliana9,Noche,Con sus hijos adultos,Fue de compras,Compras,2,2,2,2,2,8,8,"Supermercado, despensa, verdulería, carnicería, dietética",10,50,20:00:00,9,100,100,100,100,100,400,400,450
Majo91214Liliana10,Majo91214Liliana,Majo91214Liliana10,Noche,Con sus hijos adultos,Viajó en coche/colectivo/moto,"Viajó a algún lado (coche, caminando, bicicleta)",2,2,2,2,2,7,8,"Viajó a algún lado (coche, caminando, bicicleta)",9,10,20:00:00,9,20,20,20,20,20,70,80,90
Majo91214Liliana11,Majo91214Liliana,Majo91214Liliana11,Noche,Estaba solo,Preparó comida,"Tareas domésticas (comida, cuida a los hijos, mascotas)",2,2,2,2,2,7,9,Casa donde vive,9,60,21:00:00,,120,120,120,120,120,420,540,
Majo91214Liliana12,Majo91214Liliana,Majo91214Liliana12,Noche,Con sus hijos adultos,Comió,"Dedicación personal (comió, bañó, descansó)",2,2,2,2,2,8,8,Casa donde vive,9,60,22:00:00,9,120,120,120,120,120,480,480,540
Majo91214Liliana13,Majo91214Liliana,Majo91214Liliana13,Noche,Con sus hijos adultos,Hizo tareas domésticas,"Tareas domésticas (comida, cuida a los hijos, mascotas)",2,3,2,2,2,8,7,Casa donde vive,9,30,22:00:00,8,60,90,60,60,60,240,210,240
Majo91214Liliana14,Majo91214Liliana,Majo91214Liliana14,Noche,Estaba solo,Vió televisión,"Entretenimiento (radio, televisión, computadora, juego en casa)",2,2,2,2,2,8,9,Casa donde vive,9,240,0:00:00,,480,480,480,480,480,1920,2160,
Paola10104graciela1,Paola10104graciela,Paola10104graciela1,Mañana,Con sus hijos adultos,Se baño o arregló,"Dedicación personal (comió, bañó, descansó)",1,7,1,1,1,7,7,Casa donde vive,10,30,8:00:00,10,30,210,30,30,30,210,210,300
Paola10104graciela2,Paola10104graciela,Paola10104graciela2,Mañana,Con sus hijos adultos,Comió,"Dedicación personal (comió, bañó, descansó)",1,7,1,1,1,7,9,Casa donde vive,10,60,9:00:00,10,60,420,60,60,60,420,540,600
Paola10104graciela3,Paola10104graciela,Paola10104graciela3,Mañana,Estaba solo,Caminó a algún lado,"Viajó a algún lado (coche, caminando, bicicleta)",1,1,1,1,1,7,8,"Viajó a algún lado (coche, caminando, bicicleta)",10,5,10:00:00,,5,5,5,5,5,35,40,
Paola10104graciela4,Paola10104graciela,Paola10104graciela4,Mañana,Con otros familiares,Cuidó a alguien,"Relaciones sociales (Charlar, cuidar, actividad religiosa, otras relaciones)",1,1,1,1,1,8,9,Casa de los padres,10,90,10:00:00,10,90,90,90,90,90,720,810,900
Paola10104graciela5,Paola10104graciela,Paola10104graciela5,Mañana,Estaba solo,Caminó a algún lado,"Viajó a algún lado (coche, caminando, bicicleta)",1,4,1,1,1,8,8,"Viajó a algún lado (coche, caminando, bicicleta)",10,5,11:00:00,,5,20,5,5,5,40,40,
Paola10104graciela6,Paola10104graciela,Paola10104graciela6,Mañana,Con sus hijos jóvenes o nietos,Cuidó a los niños,"Tareas domésticas (comida, cuida a los hijos, mascotas)",1,4,1,1,1,7,10,Casa donde vive,10,60,12:00:00,10,60,240,60,60,60,420,600,600
Paola10104graciela7,Paola10104graciela,Paola10104graciela7,Tarde,Con sus hijos jóvenes o nietos,Preparó comida,"Tareas domésticas (comida, cuida a los hijos, mascotas)",1,5,1,1,1,8,8,Casa donde vive,10,30,12:00:00,10,30,150,30,30,30,240,240,300
Paola10104graciela8,Paola10104graciela,Paola10104graciela8,Tarde,Con su pareja,Comió,"Dedicación personal (comió, bañó, descansó)",1,1,1,1,1,9,9,Casa donde vive,10,20,13:00:00,9,20,20,20,20,20,180,180,180
Paola10104graciela9,Paola10104graciela,Paola10104graciela9,Tarde,Con su pareja,Hizo tareas domésticas,"Tareas domésticas (comida, cuida a los hijos, mascotas)",1,3,1,1,1,8,8,Casa donde vive,10,60,13:00:00,9,60,180,60,60,60,480,480,540
Paola10104graciela10,Paola10104graciela,Paola10104graciela10,Tarde,Estaba solo,Viajó en coche/colectivo/moto,"Viajó a algún lado (coche, caminando, bicicleta)",1,3,1,1,1,8,8,"Viajó a algún lado (coche, caminando, bicicleta)",13,10,14:00:00,,10,30,10,10,10,80,80,
Paola10104graciela11,Paola10104graciela,Paola10104graciela11,Tarde,Con compañeros de trabajo / escuela / club,Hizo ejercicio o dio paseo,Hizo ejercicio o dio paseo,1,1,1,1,1,9,10,Clubes deportivos,13,60,15:00:00,9,60,60,60,60,60,540,600,540
Paola10104graciela12,Paola10104graciela,Paola10104graciela12,Tarde,Estaba solo,Viajó en coche/colectivo/moto,"Viajó a algún lado (coche, caminando, bicicleta)",1,1,1,1,1,9,9,"Viajó a algún lado (coche, caminando, bicicleta)",10,10,15:00:00,,10,10,10,10,10,90,90,
Paola10104graciela13,Paola10104graciela,Paola10104graciela13,Tarde,Estaba solo,Se baño o arregló,"Dedicación personal (comió, bañó, descansó)",1,1,1,1,1,9,10,Casa donde vive,10,15,15:00:00,,15,15,15,15,15,135,150,
Paola10104graciela14,Paola10104graciela,Paola10104graciela14,Tarde,Estaba solo,Otra actividad de ocio,"Entretenimiento (radio, televisión, computadora, juego en casa)",1,1,1,1,1,10,10,Casa donde vive,10,120,17:00:00,,120,120,120,120,120,1200,1200,
Paola10104graciela15,Paola10104graciela,Paola10104graciela15,Tarde,Con su pareja,"Descansó (siesta,tomar mate, té o café)","Dedicación personal (comió, bañó, descansó)",1,1,1,1,1,9,9,Casa donde vive,10,90,18:00:00,10,90,90,90,90,90,810,810,900
Paola10104graciela16,Paola10104graciela,Paola10104graciela16,Noche,Estaba solo,Hizo tareas domésticas,"Tareas domésticas (comida, cuida a los hijos, mascotas)",1,1,1,1,1,9,8,Casa donde vive,10,60,20:00:00,,60,60,60,60,60,540,480,
Paola10104graciela17,Paola10104graciela,Paola10104graciela17,Noche,Estaba solo,Preparó comida,"Tareas domésticas (comida, cuida a los hijos, mascotas)",1,1,1,1,1,9,10,Casa donde vive,10,30,20:00:00,,30,30,30,30,30,270,300,
Paola10104graciela18,Paola10104graciela,Paola10104graciela18,Noche,Con su pareja,Comió,"Dedicación personal (comió, bañó, descansó)",1,1,1,1,1,9,10,Casa donde vive,10,30,21:00:00,10,30,30,30,30,30,270,300,300
Paola10104graciela19,Paola10104graciela,Paola10104graciela19,Noche,Con su pareja,Hizo tareas domésticas,"Tareas domésticas (comida, cuida a los hijos, mascotas)",1,1,1,1,1,9,8,Casa donde vive,10,30,21:00:00,10,30,30,30,30,30,270,240,300
Paola10104graciela20,Paola10104graciela,Paola10104graciela20,Noche,Estaba solo,Vió televisión,"Entretenimiento (radio, televisión, computadora, juego en casa)",1,1,1,1,1,10,10,Casa donde vive,10,60,22:00:00,,60,60,60,60,60,600,600,
Paola10211Jorgelina1,Paola10211Jorgelina,Paola10211Jorgelina1,Mañana,Con su pareja,Se baño o arregló,"Dedicación personal (comió, bañó, descansó)",7,9,7,1,9,4,1,Casa donde vive,10,10,7:00:00,10,70,90,70,10,90,40,10,100
Paola10211Jorgelina2,Paola10211Jorgelina,Paola10211Jorgelina2,Mañana,Estaba solo,Viajó en coche/colectivo/moto,"Viajó a algún lado (coche, caminando, bicicleta)",7,9,7,1,9,4,4,"Viajó a algún lado (coche, caminando, bicicleta)",10,5,7:00:00,,35,45,35,5,45,20,20,
Paola10211Jorgelina3,Paola10211Jorgelina,Paola10211Jorgelina3,Mañana,Con compañeros de trabajo / escuela / club,Trabajó,Trabajó,7,9,7,1,9,4,7,Lugar de trabajo,10,30,8:00:00,,210,270,210,30,270,120,210,
Paola10211Jorgelina4,Paola10211Jorgelina,Paola10211Jorgelina4,Mañana,Estaba solo,Viajó en coche/colectivo/moto,"Viajó a algún lado (coche, caminando, bicicleta)",6,8,5,1,9,4,4,"Viajó a algún lado (coche, caminando, bicicleta)",10,10,8:00:00,,60,80,50,10,90,40,40,
Paola10211Jorgelina5,Paola10211Jorgelina,Paola10211Jorgelina5,Mañana,Estaba solo,Comió,"Dedicación personal (comió, bañó, descansó)",6,8,5,1,9,4,9,Casa donde vive,10,30,8:00:00,,180,240,150,30,270,120,270,
Paola10211Jorgelina6,Paola10211Jorgelina,Paola10211Jorgelina6,Mañana,Estaba solo,Se baño o arregló,"Dedicación personal (comió, bañó, descansó)",6,8,5,1,9,4,9,Casa donde vive,10,30,9:00:00,,180,240,150,30,270,120,270,
Paola10211Jorgelina7,Paola10211Jorgelina,Paola10211Jorgelina7,Mañana,Estaba solo,"Descansó (siesta,tomar mate, té o café)","Dedicación personal (comió, bañó, descansó)",3,3,3,1,6,4,10,Casa donde vive,10,120,10:00:00,,360,360,360,120,720,480,1200,
Paola10211Jorgelina8,Paola10211Jorgelina,Paola10211Jorgelina8,Mañana,Estaba solo,Viajó en coche/colectivo/moto,"Viajó a algún lado (coche, caminando, bicicleta)",3,9,1,1,7,5,5,"Viajó a algún lado (coche, caminando, bicicleta)",11,15,11:00:00,,45,135,15,15,105,75,75,
Paola10211Jorgelina9,Paola10211Jorgelina,Paola10211Jorgelina9,Mañana,Estaba solo,Fue de compras,Compras,4,9,1,1,7,5,7,Organismos de servicios privado ,11,140,12:00:00,,560,1260,140,140,980,700,980,
Paola10211Jorgelina10,Paola10211Jorgelina,Paola10211Jorgelina10,Tarde,Estaba solo,Viajó en coche/colectivo/moto,"Viajó a algún lado (coche, caminando, bicicleta)",4,9,1,1,8,5,8,"Viajó a algún lado (coche, caminando, bicicleta)",11,10,14:00:00,,40,90,10,10,80,50,80,
Paola10211Jorgelina11,Paola10211Jorgelina,Paola10211Jorgelina11,Tarde,Con su pareja,Comió,"Dedicación personal (comió, bañó, descansó)",3,7,1,1,7,5,9,Organismos de servicios privado ,11,30,14:00:00,9,90,210,30,30,210,150,270,270
Paola10211Jorgelina12,Paola10211Jorgelina,Paola10211Jorgelina12,Tarde,Con su pareja,"Descansó (siesta,tomar mate, té o café)","Dedicación personal (comió, bañó, descansó)",2,4,1,1,3,8,9,Organismos de servicios privado ,11,120,15:00:00,9,240,480,120,120,360,960,1080,1080
Paola10211Jorgelina13,Paola10211Jorgelina,Paola10211Jorgelina13,Tarde,Estaba solo,Viajó en coche/colectivo/moto,"Viajó a algún lado (coche, caminando, bicicleta)",3,8,1,1,7,5,7,"Viajó a algún lado (coche, caminando, bicicleta)",10,15,16:00:00,,45,120,15,15,105,75,105,
Paola10211Jorgelina14,Paola10211Jorgelina,Paola10211Jorgelina14,Tarde,"Personal de servicios, responsables de nuestra actividad, extraños ",Trabajó,Trabajó,3,8,1,1,7,5,7,Lugar de trabajo,10,135,18:00:00,9,405,1080,135,135,945,675,945,1215
Paola10211Jorgelina15,Paola10211Jorgelina,Paola10211Jorgelina15,Noche,Estaba solo,Viajó en coche/colectivo/moto,"Viajó a algún lado (coche, caminando, bicicleta)",3,3,1,1,3,7,7,"Viajó a algún lado (coche, caminando, bicicleta)",11,15,19:00:00,,45,45,15,15,45,105,105,
Paola10211Jorgelina16,Paola10211Jorgelina,Paola10211Jorgelina16,Noche,Estaba solo,Entretetenimiento con la computadora,"Entretenimiento (radio, televisión, computadora, juego en casa)",3,3,1,1,3,7,9,Veterinaria ,11,60,19:00:00,,180,180,60,60,180,420,540,
Paola10211Jorgelina17,Paola10211Jorgelina,Paola10211Jorgelina17,Noche,Estaba solo,Viajó en coche/colectivo/moto,"Viajó a algún lado (coche, caminando, bicicleta)",3,6,1,1,6,5,6,"Viajó a algún lado (coche, caminando, bicicleta)",10,15,20:00:00,,45,90,15,15,90,75,90,
Paola10211Jorgelina18,Paola10211Jorgelina,Paola10211Jorgelina18,Noche,Con compañeros de trabajo / escuela / club,Trabajó,Trabajó,3,7,1,1,6,5,7,Lugar de trabajo,10,60,21:00:00,9,180,420,60,60,360,300,420,540
Paola10211Jorgelina19,Paola10211Jorgelina,Paola10211Jorgelina19,Noche,Estaba solo,Viajó en coche/colectivo/moto,"Viajó a algún lado (coche, caminando, bicicleta)",3,6,1,1,3,7,7,"Viajó a algún lado (coche, caminando, bicicleta)",10,15,21:00:00,,45,90,15,15,45,105,105,
Paola10211Jorgelina20,Paola10211Jorgelina,Paola10211Jorgelina20,Noche,Con su pareja,Comió,"Dedicación personal (comió, bañó, descansó)",1,1,1,1,4,8,10,Casa donde vive,10,30,22:00:00,,30,30,30,30,120,240,300,
Paola10211Jorgelina21,Paola10211Jorgelina,Paola10211Jorgelina21,Noche,Estaba solo,Trabajó,Trabajó,3,3,1,1,3,7,7,Casa donde vive,10,120,23:00:00,,360,360,120,120,360,840,840,
Paola11402Jorgelina1,Paola11402Jorgelina,Paola11402Jorgelina1,Mañana,Estaba solo,Se baño o arregló,"Dedicación personal (comió, bañó, descansó)",1,1,1,1,1,9,10,Casa donde vive,11,5,9:00:00,,5,5,5,5,5,45,50,
Paola11402Jorgelina2,Paola11402Jorgelina,Paola11402Jorgelina2,Mañana,Estaba solo,Comió,"Dedicación personal (comió, bañó, descansó)",1,1,1,1,1,9,10,Casa donde vive,11,20,9:00:00,,20,20,20,20,20,180,200,
Paola11402Jorgelina3,Paola11402Jorgelina,Paola11402Jorgelina3,Mañana,Destinatario de nuestra actividad laboral (Cliente / paciente / alumno),Trabajó,Trabajó,7,1,1,1,1,8,10,Casa donde vive,11,210,11:00:00,10,1470,210,210,210,210,1680,2100,2100
Paola11402Jorgelina4,Paola11402Jorgelina,Paola11402Jorgelina4,Tarde,Estaba solo,Comió,"Dedicación personal (comió, bañó, descansó)",1,1,1,1,1,9,10,Casa donde vive,11,60,13:00:00,,60,60,60,60,60,540,600,
Paola11402Jorgelina5,Paola11402Jorgelina,Paola11402Jorgelina5,Tarde,Estaba solo,Caminó a algún lado,"Viajó a algún lado (coche, caminando, bicicleta)",1,1,1,1,1,9,8,"Viajó a algún lado (coche, caminando, bicicleta)",11,15,14:00:00,,15,15,15,15,15,135,120,
Paola11402Jorgelina6,Paola11402Jorgelina,Paola11402Jorgelina6,Tarde,Estaba solo,Fue de compras,Compras,1,1,1,1,1,9,8,"Supermercado, despensa, verdulería, carnicería, dietética",11,30,14:00:00,,30,30,30,30,30,270,240,
Paola11402Jorgelina7,Paola11402Jorgelina,Paola11402Jorgelina7,Tarde,Estaba solo,Caminó a algún lado,"Viajó a algún lado (coche, caminando, bicicleta)",1,1,1,1,1,9,8,"Viajó a algún lado (coche, caminando, bicicleta)",11,15,14:00:00,,15,15,15,15,15,135,120,
Paola11402Jorgelina8,Paola11402Jorgelina,Paola11402Jorgelina8,Tarde,Destinatario de nuestra actividad laboral (Cliente / paciente / alumno),Trabajó,Trabajó,1,1,1,1,1,9,10,Casa donde vive,11,270,17:00:00,,270,270,270,270,270,2430,2700,
Paola11402Jorgelina9,Paola11402Jorgelina,Paola11402Jorgelina9,Noche,Con su pareja,Viajó en coche/colectivo/moto,"Viajó a algún lado (coche, caminando, bicicleta)",1,1,1,1,1,9,10,"Viajó a algún lado (coche, caminando, bicicleta)",1,10,19:00:00,10,10,10,10,10,10,90,100,100
Paola11402Jorgelina10,Paola11402Jorgelina,Paola11402Jorgelina10,Noche,Con su pareja,Preparó comida,"Tareas domésticas (comida, cuida a los hijos, mascotas)",1,1,1,1,1,9,9,Casa  de novio/a,1,45,20:00:00,,45,45,45,45,45,405,405,
Paola11402Jorgelina11,Paola11402Jorgelina,Paola11402Jorgelina11,Noche,Con su pareja,Comió,"Dedicación personal (comió, bañó, descansó)",1,1,1,1,1,9,10,Casa  de novio/a,1,60,20:00:00,,60,60,60,60,60,540,600,
Paola11402Jorgelina12,Paola11402Jorgelina,Paola11402Jorgelina12,Noche,Con su pareja,Vió televisión,"Entretenimiento (radio, televisión, computadora, juego en casa)",1,1,1,1,1,10,10,Casa  de novio/a,1,120,22:00:00,,120,120,120,120,120,1200,1200,
Paola11403Matias1,Paola11403Matias,Paola11403Matias1,Mañana,Con otros familiares,Se baño o arregló,"Dedicación personal (comió, bañó, descansó)",8,9,4,4,4,8,9,Casa donde vive,11,5,10:00:00,9,40,45,20,20,20,40,45,45
Paola11403Matias2,Paola11403Matias,Paola11403Matias2,Mañana,Con otros familiares,Comió,"Dedicación personal (comió, bañó, descansó)",8,9,4,4,4,8,9,Casa donde vive,11,10,10:00:00,10,80,90,40,40,40,80,90,100
Paola11403Matias3,Paola11403Matias,Paola11403Matias3,Mañana,Estaba solo,Caminó a algún lado,"Viajó a algún lado (coche, caminando, bicicleta)",7,9,4,4,4,8,7,"Viajó a algún lado (coche, caminando, bicicleta)",12,15,10:00:00,,105,135,60,60,60,120,105,
Paola11403Matias4,Paola11403Matias,Paola11403Matias4,Mañana,"Personal de servicios, responsables de nuestra actividad, extraños ",Trámites,Trámites o Salud,7,9,4,4,4,8,5,"Bancos, u otra entidad financiera ",12,90,11:00:00,7,630,810,360,360,360,720,450,630
Paola11403Matias5,Paola11403Matias,Paola11403Matias5,Tarde,Estaba solo,Caminó a algún lado,"Viajó a algún lado (coche, caminando, bicicleta)",7,9,4,4,4,7,6,"Viajó a algún lado (coche, caminando, bicicleta)",11,15,12:00:00,,105,135,60,60,60,105,90,
Paola11403Matias6,Paola11403Matias,Paola11403Matias6,Tarde,Con otros familiares,Comió,"Dedicación personal (comió, bañó, descansó)",4,4,2,1,4,7,7,Casa donde vive,11,45,13:00:00,10,180,180,90,45,180,315,315,450
Paola11403Matias7,Paola11403Matias,Paola11403Matias7,Tarde,Estaba solo,Caminó a algún lado,"Viajó a algún lado (coche, caminando, bicicleta)",4,8,3,1,4,8,7,"Viajó a algún lado (coche, caminando, bicicleta)",12,15,13:00:00,,60,120,45,15,60,120,105,
Paola11403Matias8,Paola11403Matias,Paola11403Matias8,Tarde,Estaba solo,Trabajó,Trabajó,8,4,7,3,6,6,7,Lugar de trabajo,12,360,16:00:00,,2880,1440,2520,1080,2160,2160,2520,
Paola11403Matias9,Paola11403Matias,Paola11403Matias9,Noche,Con otros familiares,Viajó en coche/colectivo/moto,"Viajó a algún lado (coche, caminando, bicicleta)",1,1,1,1,4,8,7,"Viajó a algún lado (coche, caminando, bicicleta)",11,10,19:00:00,10,10,10,10,10,40,80,70,100
Paola11403Matias10,Paola11403Matias,Paola11403Matias10,Noche,Estaba solo,Vió televisión,"Entretenimiento (radio, televisión, computadora, juego en casa)",1,1,6,1,1,7,9,Casa donde vive,11,90,20:00:00,,90,90,540,90,90,630,810,
Paola11403Matias11,Paola11403Matias,Paola11403Matias11,Noche,Con otros familiares,Comió,"Dedicación personal (comió, bañó, descansó)",1,1,3,1,1,7,9,Casa donde vive,11,40,21:00:00,,40,40,120,40,40,280,360,
Paola11403Matias12,Paola11403Matias,Paola11403Matias12,Noche,Estaba solo,Vió televisión,"Entretenimiento (radio, televisión, computadora, juego en casa)",1,1,2,1,1,9,9,Casa donde vive,11,60,22:00:00,,60,60,120,60,60,540,540,
Paola11415Virginia1,Paola11415Virginia,Paola11415Virginia1,Mañana,Estaba solo,Se baño o arregló,"Dedicación personal (comió, bañó, descansó)",2,2,2,2,3,8,2,Casa donde vive,11,15,6:00:00,,30,30,30,30,45,120,30,
Paola11415Virginia2,Paola11415Virginia,Paola11415Virginia2,Mañana,Estaba solo,Comió,"Dedicación personal (comió, bañó, descansó)",2,5,2,2,2,7,8,Casa donde vive,11,30,7:00:00,,60,150,60,60,60,210,240,
Paola11415Virginia3,Paola11415Virginia,Paola11415Virginia3,Mañana,Con su pareja,Viajó en coche/colectivo/moto,"Viajó a algún lado (coche, caminando, bicicleta)",5,7,5,2,5,7,7,"Viajó a algún lado (coche, caminando, bicicleta)",12,10,7:00:00,9,50,70,50,20,50,70,70,90
Paola11415Virginia4,Paola11415Virginia,Paola11415Virginia4,Mañana,Con compañeros de trabajo / escuela / club,Trabajó,Trabajó,2,2,5,2,2,7,3,Lugar de trabajo,12,330,10:00:00,7,660,660,1650,660,660,2310,990,2310
Paola11415Virginia5,Paola11415Virginia,Paola11415Virginia5,Tarde,Con su pareja,Viajó en coche/colectivo/moto,"Viajó a algún lado (coche, caminando, bicicleta)",6,2,7,2,5,7,4,"Viajó a algún lado (coche, caminando, bicicleta)",11,20,13:00:00,9,120,40,140,40,100,140,80,180
Paola11415Virginia6,Paola11415Virginia,Paola11415Virginia6,Tarde,Con su pareja,Comió,"Dedicación personal (comió, bañó, descansó)",2,4,2,2,2,8,8,Casa donde vive,11,30,13:00:00,9,60,120,60,60,60,240,240,270
Paola11415Virginia7,Paola11415Virginia,Paola11415Virginia7,Tarde,Con su pareja,Hizo tareas domésticas,"Tareas domésticas (comida, cuida a los hijos, mascotas)",2,3,2,2,2,8,5,Casa donde vive,11,90,14:00:00,9,180,270,180,180,180,720,450,810
Paola11415Virginia8,Paola11415Virginia,Paola11415Virginia8,Tarde,Con sus hijos adultos,Viajó en coche/colectivo/moto,"Viajó a algún lado (coche, caminando, bicicleta)",2,2,2,2,2,8,7,"Viajó a algún lado (coche, caminando, bicicleta)",10,20,15:00:00,9,40,40,40,40,40,160,140,180
Paola11415Virginia9,Paola11415Virginia,Paola11415Virginia9,Tarde,Con su pareja,Viajó en coche/colectivo/moto,"Viajó a algún lado (coche, caminando, bicicleta)",2,2,2,2,2,8,5,"Viajó a algún lado (coche, caminando, bicicleta)",11,20,15:00:00,9,40,40,40,40,40,160,100,180
Paola11415Virginia10,Paola11415Virginia,Paola11415Virginia10,Tarde,Con otros familiares,Otra actividad de ocio,"Entretenimiento (radio, televisión, computadora, juego en casa)",2,2,2,2,2,7,9,Casa donde vive,11,120,16:00:00,9,240,240,240,240,240,840,1080,1080
Paola11415Virginia11,Paola11415Virginia,Paola11415Virginia11,Noche,Con sus hijos jóvenes o nietos,Preparó comida,"Tareas domésticas (comida, cuida a los hijos, mascotas)",2,4,2,2,2,7,"7,95789473684211",Casa donde vive,11,60,18:00:00,9,120,240,120,120,120,420,"477,473684210526",540
Paola11415Virginia12,Paola11415Virginia,Paola11415Virginia12,Noche,Estaba solo,Comió,"Dedicación personal (comió, bañó, descansó)",2,2,4,2,2,8,7,Casa donde vive,11,20,19:00:00,,40,40,80,40,40,160,140,
Paola11415Virginia13,Paola11415Virginia,Paola11415Virginia13,Noche,Estaba solo,Vió televisión,"Entretenimiento (radio, televisión, computadora, juego en casa)",2,2,2,2,2,9,7,Casa donde vive,11,30,19:00:00,,60,60,60,60,60,270,210,
Paola12301Lidia1,Paola12301Lidia,Paola12301Lidia1,Mañana,Estaba solo,Se baño o arregló,"Dedicación personal (comió, bañó, descansó)",2,2,2,2,2,9,10,Casa donde vive,12,15,7:00:00,,30,30,30,30,30,135,150,
Paola12301Lidia2,Paola12301Lidia,Paola12301Lidia2,Mañana,Estaba solo,Comió,"Dedicación personal (comió, bañó, descansó)",2,2,2,2,2,9,9,Casa donde vive,12,5,7:00:00,,10,10,10,10,10,45,45,
Paola12301Lidia3,Paola12301Lidia,Paola12301Lidia3,Mañana,Con otros familiares,Caminó a algún lado,"Viajó a algún lado (coche, caminando, bicicleta)",2,2,2,2,2,8,9,"Viajó a algún lado (coche, caminando, bicicleta)",12,30,8:00:00,10,60,60,60,60,60,240,270,300
Paola12301Lidia4,Paola12301Lidia,Paola12301Lidia4,Mañana,Estaba solo,Caminó a algún lado,"Viajó a algún lado (coche, caminando, bicicleta)",2,2,2,2,2,8,8,"Viajó a algún lado (coche, caminando, bicicleta)",12,10,8:00:00,,20,20,20,20,20,80,80,
Paola12301Lidia5,Paola12301Lidia,Paola12301Lidia5,Mañana,Estaba solo,Vió televisión,"Entretenimiento (radio, televisión, computadora, juego en casa)",2,2,2,2,2,8,9,Casa donde vive,12,50,8:00:00,,100,100,100,100,100,400,450,
Paola12301Lidia6,Paola12301Lidia,Paola12301Lidia6,Mañana,Estaba solo,Hizo tareas domésticas,"Tareas domésticas (comida, cuida a los hijos, mascotas)",2,2,2,2,2,8,8,Casa donde vive,12,60,9:00:00,,120,120,120,120,120,480,480,
Paola12301Lidia7,Paola12301Lidia,Paola12301Lidia7,Mañana,Destinatario de nuestra actividad laboral (Cliente / paciente / alumno),Trabajó,Trabajó,2,2,2,2,2,7,9,Casa donde vive,12,120,11:00:00,8,240,240,240,240,240,840,1080,960
Paola12301Lidia8,Paola12301Lidia,Paola12301Lidia8,Tarde,Estaba solo,Preparó comida,"Tareas domésticas (comida, cuida a los hijos, mascotas)",2,2,2,2,2,8,8,Casa donde vive,12,30,12:00:00,,60,60,60,60,60,240,240,
Paola12301Lidia9,Paola12301Lidia,Paola12301Lidia9,Tarde,Estaba solo,Caminó a algún lado,"Viajó a algún lado (coche, caminando, bicicleta)",2,4,3,3,3,8,7,"Viajó a algún lado (coche, caminando, bicicleta)",12,10,12:00:00,,20,40,30,30,30,80,70,
Paola12301Lidia10,Paola12301Lidia,Paola12301Lidia10,Tarde,Con otros familiares,Caminó a algún lado,"Viajó a algún lado (coche, caminando, bicicleta)",2,2,2,2,2,9,9,"Viajó a algún lado (coche, caminando, bicicleta)",12,10,13:00:00,9,20,20,20,20,20,90,90,90
Paola12301Lidia11,Paola12301Lidia,Paola12301Lidia11,Tarde,Con otros familiares,Comió,"Dedicación personal (comió, bañó, descansó)",2,2,2,2,2,8,9,Casa donde vive,12,15,13:00:00,9,30,30,30,30,30,120,135,135
Paola12301Lidia12,Paola12301Lidia,Paola12301Lidia12,Tarde,Destinatario de nuestra actividad laboral (Cliente / paciente / alumno),Trabajó,Trabajó,2,2,2,2,2,8,9,Casa donde vive,12,300,15:00:00,8,600,600,600,600,600,2400,2700,2400
Paola12301Lidia13,Paola12301Lidia,Paola12301Lidia13,Noche,Con amigos,"Descansó (siesta,tomar mate, té o café)","Dedicación personal (comió, bañó, descansó)",2,2,2,2,2,9,9,Casa donde vive,12,60,18:00:00,9,120,120,120,120,120,540,540,540
Paola12301Lidia14,Paola12301Lidia,Paola12301Lidia14,Noche,Con amigos,Otra actividad de ocio,"Entretenimiento (radio, televisión, computadora, juego en casa)",2,2,2,2,2,9,9,Casa donde vive,12,150,20:00:00,9,300,300,300,300,300,1350,1350,1350
Paola12301Lidia15,Paola12301Lidia,Paola12301Lidia15,Noche,Estaba solo,Se baño o arregló,"Dedicación personal (comió, bañó, descansó)",2,2,2,2,2,8,8,Casa donde vive,12,10,21:00:00,,20,20,20,20,20,80,80,
Paola12301Lidia16,Paola12301Lidia,Paola12301Lidia16,Noche,Estaba solo,Vió televisión,"Entretenimiento (radio, televisión, computadora, juego en casa)",2,2,2,2,2,9,9,Casa donde vive,12,45,22:00:00,,90,90,90,90,90,405,405,
Paola12405Julieta1,Paola12405Julieta,Paola12405Julieta1,Mañana,Estaba solo,Se baño o arregló,"Dedicación personal (comió, bañó, descansó)",1,4,1,1,1,9,8,Casa donde vive,12,45,6:00:00,,45,180,45,45,45,405,360,
Paola12405Julieta2,Paola12405Julieta,Paola12405Julieta2,Mañana,Estaba solo,Comió,"Dedicación personal (comió, bañó, descansó)",1,4,1,1,1,9,8,Casa donde vive,12,30,7:00:00,,30,120,30,30,30,270,240,
Paola12405Julieta3,Paola12405Julieta,Paola12405Julieta3,Mañana,Estaba solo,Caminó a algún lado,"Viajó a algún lado (coche, caminando, bicicleta)",1,4,1,1,1,9,8,"Viajó a algún lado (coche, caminando, bicicleta)",10,25,8:00:00,,25,100,25,25,25,225,200,
Paola12405Julieta4,Paola12405Julieta,Paola12405Julieta4,Mañana,Con compañeros de trabajo / escuela / club,Trabajó,Trabajó,1,1,1,1,1,8,4,Lugar de trabajo,10,300,10:00:00,9,300,300,300,300,300,2400,1200,2700
Paola12405Julieta5,Paola12405Julieta,Paola12405Julieta5,Tarde,Con compañeros de trabajo / escuela / club,Comió,"Dedicación personal (comió, bañó, descansó)",1,4,1,1,1,9,8,Lugar de trabajo,10,40,13:00:00,9,40,160,40,40,40,360,320,360
Paola12405Julieta6,Paola12405Julieta,Paola12405Julieta6,Tarde,Con compañeros de trabajo / escuela / club,Trabajó,Trabajó,1,1,1,1,1,9,8,Lugar de trabajo,10,150,15:00:00,9,150,150,150,150,150,1350,1200,1350
Paola12405Julieta7,Paola12405Julieta,Paola12405Julieta7,Tarde,Estaba solo,Viajó en coche/colectivo/moto,"Viajó a algún lado (coche, caminando, bicicleta)",1,1,1,1,1,10,9,"Viajó a algún lado (coche, caminando, bicicleta)",12,15,16:00:00,,15,15,15,15,15,150,135,
Paola12405Julieta8,Paola12405Julieta,Paola12405Julieta8,Noche,Estaba solo,"Descansó (siesta,tomar mate, té o café)","Dedicación personal (comió, bañó, descansó)",1,1,1,1,1,10,10,Casa donde vive,12,60,17:00:00,,60,60,60,60,60,600,600,
Paola12405Julieta9,Paola12405Julieta,Paola12405Julieta9,Noche,Estaba solo,Caminó a algún lado,"Viajó a algún lado (coche, caminando, bicicleta)",1,1,1,1,1,9,10,"Viajó a algún lado (coche, caminando, bicicleta)",12,10,17:00:00,,10,10,10,10,10,90,100,
Paola12405Julieta10,Paola12405Julieta,Paola12405Julieta10,Noche,Estaba solo,Fue de compras,Compras,1,1,1,1,1,10,7,Comercio de ropa u otro tipo de comercio de compras,12,10,17:00:00,,10,10,10,10,10,100,70,
Paola12405Julieta11,Paola12405Julieta,Paola12405Julieta11,Noche,Estaba solo,Caminó a algún lado,"Viajó a algún lado (coche, caminando, bicicleta)",1,1,1,1,1,10,10,"Viajó a algún lado (coche, caminando, bicicleta)",12,20,18:00:00,,20,20,20,20,20,200,200,
Paola12405Julieta12,Paola12405Julieta,Paola12405Julieta12,Noche,Con su pareja,Preparó comida,"Tareas domésticas (comida, cuida a los hijos, mascotas)",1,1,1,1,1,9,7,Comercio de ropa u otro tipo de comercio de compras,12,60,18:00:00,,60,60,60,60,60,540,420,
Paola12405Julieta13,Paola12405Julieta,Paola12405Julieta13,Noche,Con su pareja,Comió,"Dedicación personal (comió, bañó, descansó)",1,1,1,1,1,9,7,Comercio de ropa u otro tipo de comercio de compras,12,30,19:00:00,9,30,30,30,30,30,270,210,270
Paola12405Julieta14,Paola12405Julieta,Paola12405Julieta14,Noche,Con su pareja,Vió televisión,"Entretenimiento (radio, televisión, computadora, juego en casa)",1,1,1,1,1,9,9,Comercio de ropa u otro tipo de comercio de compras,12,75,20:00:00,9,75,75,75,75,75,675,675,675
Paola12408Enrique1,Paola12408Enrique,Paola12408Enrique1,Mañana,Estaba solo,Se baño o arregló,"Dedicación personal (comió, bañó, descansó)",2,2,2,3,3,2,3,Casa donde vive,12,30,7:00:00,,60,60,60,90,90,60,90,
Paola12408Enrique2,Paola12408Enrique,Paola12408Enrique2,Mañana,Con pareja e hijos,Comió,"Dedicación personal (comió, bañó, descansó)",1,9,2,2,1,8,10,Casa donde vive,12,15,7:00:00,9,15,135,30,30,15,120,150,135
Paola12408Enrique3,Paola12408Enrique,Paola12408Enrique3,Mañana,Estaba solo,Leyó / Estudió,Leyó o estudió,4,5,5,5,2,9,6,Casa donde vive,12,40,8:00:00,,160,200,200,200,80,360,240,
Paola12408Enrique4,Paola12408Enrique,Paola12408Enrique4,Mañana,Estaba solo,Hizo tareas domésticas,"Tareas domésticas (comida, cuida a los hijos, mascotas)",5,5,2,9,6,6,5,Casa donde vive,12,45,8:00:00,,225,225,90,405,270,270,225,
Paola12408Enrique5,Paola12408Enrique,Paola12408Enrique5,Mañana,Estaba solo,Caminó a algún lado,"Viajó a algún lado (coche, caminando, bicicleta)",5,6,2,2,2,8,5,"Viajó a algún lado (coche, caminando, bicicleta)",14,15,9:00:00,,75,90,30,30,30,120,75,
Paola12408Enrique6,Paola12408Enrique,Paola12408Enrique6,Mañana,Con compañeros de trabajo / escuela / club,Trabajó,Trabajó,6,5,5,1,2,8,8,Lugar de trabajo,14,210,11:00:00,,1260,1050,1050,210,420,1680,1680,
Paola12408Enrique7,Paola12408Enrique,Paola12408Enrique7,Tarde,Con su pareja,Viajó en coche/colectivo/moto,"Viajó a algún lado (coche, caminando, bicicleta)",5,6,6,2,6,6,4,"Viajó a algún lado (coche, caminando, bicicleta)",12,10,12:00:00,5,50,60,60,20,60,60,40,50
Paola12408Enrique8,Paola12408Enrique,Paola12408Enrique8,Tarde,"Personal de servicios, responsables de nuestra actividad, extraños ",Fue de compras,Compras,5,8,8,2,8,5,5,"Supermercado, despensa, verdulería, carnicería, dietética",12,30,13:00:00,9,150,240,240,60,240,150,150,270
Paola12408Enrique9,Paola12408Enrique,Paola12408Enrique9,Tarde,Estaba solo,Caminó a algún lado,"Viajó a algún lado (coche, caminando, bicicleta)",1,1,1,3,1,1,9,"Viajó a algún lado (coche, caminando, bicicleta)",12,10,13:00:00,,10,10,10,30,10,10,90,
Paola12408Enrique10,Paola12408Enrique,Paola12408Enrique10,Tarde,Estaba solo,Comió,"Dedicación personal (comió, bañó, descansó)",2,2,2,2,2,9,9,Casa donde vive,12,60,14:00:00,,120,120,120,120,120,540,540,
Paola12408Enrique11,Paola12408Enrique,Paola12408Enrique11,Tarde,Estaba solo,Caminó a algún lado,"Viajó a algún lado (coche, caminando, bicicleta)",2,3,2,3,2,3,5,"Viajó a algún lado (coche, caminando, bicicleta)",10,15,14:00:00,,30,45,30,45,30,45,75,
Paola12408Enrique12,Paola12408Enrique,Paola12408Enrique12,Tarde,Destinatario de nuestra actividad laboral (Cliente / paciente / alumno),Trabajó,Trabajó,6,5,5,2,2,3,6,Lugar de trabajo,10,300,17:00:00,,1800,1500,1500,600,600,900,1800,
Paola12408Enrique13,Paola12408Enrique,Paola12408Enrique13,Noche,Con amigos,Caminó a algún lado,"Viajó a algún lado (coche, caminando, bicicleta)",2,2,3,2,1,9,10,"Viajó a algún lado (coche, caminando, bicicleta)",12,60,20:00:00,10,120,120,180,120,60,540,600,600
Paola12408Enrique14,Paola12408Enrique,Paola12408Enrique14,Noche,Con amigos,Comió,"Dedicación personal (comió, bañó, descansó)",2,2,3,2,1,9,10,Casa donde vive,12,150,22:00:00,10,300,300,450,300,150,1350,1500,1500
Paola12408Enrique15,Paola12408Enrique,Paola12408Enrique15,Noche,Estaba solo,Vió televisión,"Entretenimiento (radio, televisión, computadora, juego en casa)",2,2,3,2,1,8,8,Casa donde vive,12,20,23:00:00,,40,40,60,40,20,160,160,
Paola12408Rossana1,Paola12408Rossana,Paola12408Rossana1,Mañana,Estaba solo,Se baño o arregló,"Dedicación personal (comió, bañó, descansó)",7,3,3,1,3,7,9,Casa donde vive,12,45,9:00:00,,315,135,135,45,135,315,405,
Paola12408Rossana2,Paola12408Rossana,Paola12408Rossana2,Mañana,Estaba solo,Comió,"Dedicación personal (comió, bañó, descansó)",7,5,5,1,3,8,9,Casa donde vive,12,15,9:00:00,,105,75,75,15,45,120,135,
Paola12408Rossana3,Paola12408Rossana,Paola12408Rossana3,Mañana,Destinatario de nuestra actividad laboral (Cliente / paciente / alumno),Trabajó,Trabajó,7,3,4,1,3,7,8,Casa donde vive,12,60,10:00:00,,420,180,240,60,180,420,480,
Paola12408Rossana4,Paola12408Rossana,Paola12408Rossana4,Mañana,Estaba solo,Caminó a algún lado,"Viajó a algún lado (coche, caminando, bicicleta)",3,3,3,1,3,7,7,"Viajó a algún lado (coche, caminando, bicicleta)",12,10,11:00:00,,30,30,30,10,30,70,70,
Paola12408Rossana5,Paola12408Rossana,Paola12408Rossana5,Mañana,"Personal de servicios, responsables de nuestra actividad, extraños ",Fue de compras,Compras,3,3,1,1,3,7,7,Comercio de ropa u otro tipo de comercio de compras,12,30,11:00:00,,90,90,30,30,90,210,210,
Paola12408Rossana6,Paola12408Rossana,Paola12408Rossana6,Mañana,"Personal de servicios, responsables de nuestra actividad, extraños ",Caminó a algún lado,"Viajó a algún lado (coche, caminando, bicicleta)",3,3,1,1,3,7,7,"Viajó a algún lado (coche, caminando, bicicleta)",12,5,11:00:00,,15,15,5,5,15,35,35,
Paola12408Rossana7,Paola12408Rossana,Paola12408Rossana7,Mañana,"Personal de servicios, responsables de nuestra actividad, extraños ",Fue de compras,Compras,3,3,1,1,3,7,7,"Supermercado, despensa, verdulería, carnicería, dietética",12,15,11:00:00,,45,45,15,15,45,105,105,
Paola12408Rossana8,Paola12408Rossana,Paola12408Rossana8,Mañana,Estaba solo,Caminó a algún lado,"Viajó a algún lado (coche, caminando, bicicleta)",3,3,1,1,3,7,7,"Viajó a algún lado (coche, caminando, bicicleta)",12,5,12:00:00,,15,15,5,5,15,35,35,
Paola12408Rossana9,Paola12408Rossana,Paola12408Rossana9,Tarde,Estaba solo,Preparó comida,"Tareas domésticas (comida, cuida a los hijos, mascotas)",2,2,2,1,3,7,9,Casa donde vive,12,45,12:00:00,,90,90,90,45,135,315,405,
Paola12408Rossana10,Paola12408Rossana,Paola12408Rossana10,Tarde,Con sus hijos adultos,Comió,"Dedicación personal (comió, bañó, descansó)",1,1,1,1,3,9,9,Casa donde vive,12,30,13:00:00,,30,30,30,30,90,270,270,
Paola12408Rossana11,Paola12408Rossana,Paola12408Rossana11,Tarde,Estaba solo,Hizo tareas domésticas,"Tareas domésticas (comida, cuida a los hijos, mascotas)",1,1,1,1,3,7,7,Casa donde vive,12,75,14:00:00,,75,75,75,75,225,525,525,
Paola12408Rossana12,Paola12408Rossana,Paola12408Rossana12,Tarde,Estaba solo,Viajó en coche/colectivo/moto,"Viajó a algún lado (coche, caminando, bicicleta)",1,3,1,1,3,7,7,"Viajó a algún lado (coche, caminando, bicicleta)",15,30,14:00:00,,30,90,30,30,90,210,210,
Paola12408Rossana13,Paola12408Rossana,Paola12408Rossana13,Tarde,Destinatario de nuestra actividad laboral (Cliente / paciente / alumno),Trabajó,Trabajó,3,3,1,1,3,7,9,Casa de cliente,15,90,15:00:00,9,270,270,90,90,270,630,810,810
Paola12408Rossana14,Paola12408Rossana,Paola12408Rossana14,Tarde,Destinatario de nuestra actividad laboral (Cliente / paciente / alumno),Viajó en coche/colectivo/moto,"Viajó a algún lado (coche, caminando, bicicleta)",3,3,1,1,3,7,7,"Viajó a algún lado (coche, caminando, bicicleta)",12,30,16:00:00,9,90,90,30,30,90,210,210,270
Paola12408Rossana15,Paola12408Rossana,Paola12408Rossana15,Tarde,Estaba solo,Comió,"Dedicación personal (comió, bañó, descansó)",1,1,1,1,1,8,9,Casa donde vive,12,60,17:00:00,,60,60,60,60,60,480,540,
Paola12408Rossana16,Paola12408Rossana,Paola12408Rossana16,Noche,Con sus hijos adultos,Otra actividad de ocio,"Entretenimiento (radio, televisión, computadora, juego en casa)",1,1,1,1,3,7,9,Casa donde vive,12,120,19:00:00,,120,120,120,120,360,840,1080,
Paola12408Rossana17,Paola12408Rossana,Paola12408Rossana17,Noche,"Personal de servicios, responsables de nuestra actividad, extraños ",Viajó en coche/colectivo/moto,"Viajó a algún lado (coche, caminando, bicicleta)",1,1,1,1,1,10,10,"Viajó a algún lado (coche, caminando, bicicleta)",10,15,20:00:00,10,15,15,15,15,15,150,150,150
Paola12408Rossana18,Paola12408Rossana,Paola12408Rossana18,Noche,Con compañeros de trabajo / escuela / club,Otra actividad de ocio,"Entretenimiento (radio, televisión, computadora, juego en casa)",1,1,1,1,1,10,10,Otros……..,10,75,21:00:00,,75,75,75,75,75,750,750,
Paola12408Rossana19,Paola12408Rossana,Paola12408Rossana19,Noche,Con amigos,Viajó en coche/colectivo/moto,"Viajó a algún lado (coche, caminando, bicicleta)",1,1,1,1,1,9,9,"Viajó a algún lado (coche, caminando, bicicleta)",12,15,21:00:00,10,15,15,15,15,15,135,135,150
Paola12408Rossana20,Paola12408Rossana,Paola12408Rossana20,Noche,Estaba solo,Comió,"Dedicación personal (comió, bañó, descansó)",1,1,1,1,1,9,9,Casa donde vive,12,15,22:00:00,,15,15,15,15,15,135,135,
Paola12408Rossana21,Paola12408Rossana,Paola12408Rossana21,Noche,Estaba solo,"Descansó (siesta,tomar mate, té o café)","Dedicación personal (comió, bañó, descansó)","2,65732484076433","3,05887969446213","1,82854406130268","1,62559846792212","2,55303514376997","7,29674537332483","7,95789473684211",Casa donde vive,12,120,23:00:00,,"318,87898089172","367,065563335455","219,425287356322","195,071816150654","306,364217252396","875,609444798979","954,947368421053",
Paola12410Felipe1,Paola12410Felipe,Paola12410Felipe1,Mañana,Estaba solo,Preparó comida,"Tareas domésticas (comida, cuida a los hijos, mascotas)",3,2,1,1,4,4,7,Casa donde vive,12,5,8:00:00,,15,10,5,5,20,20,35,
Paola12410Felipe2,Paola12410Felipe,Paola12410Felipe2,Mañana,Estaba solo,Se baño o arregló,"Dedicación personal (comió, bañó, descansó)",3,2,1,1,4,4,8,Casa donde vive,12,10,8:00:00,,30,20,10,10,40,40,80,
Paola12410Felipe3,Paola12410Felipe,Paola12410Felipe3,Mañana,Estaba solo,Comió,"Dedicación personal (comió, bañó, descansó)",3,1,1,1,4,4,7,Casa donde vive,12,5,8:00:00,,15,5,5,5,20,20,35,
Paola12410Felipe4,Paola12410Felipe,Paola12410Felipe4,Mañana,Estaba solo,Caminó a algún lado,"Viajó a algún lado (coche, caminando, bicicleta)",3,4,1,1,4,6,6,"Viajó a algún lado (coche, caminando, bicicleta)",12,15,9:00:00,,45,60,15,15,60,90,90,
Paola12410Felipe5,Paola12410Felipe,Paola12410Felipe5,Mañana,Con compañeros de trabajo / escuela / club,Trabajó,Trabajó,4,8,1,1,8,5,6,Lugar de trabajo,12,300,11:00:00,10,1200,2400,300,300,2400,1500,1800,3000
Paola12410Felipe6,Paola12410Felipe,Paola12410Felipe6,Tarde,Estaba solo,Viajó en coche/colectivo/moto,"Viajó a algún lado (coche, caminando, bicicleta)",3,3,1,1,3,7,5,"Viajó a algún lado (coche, caminando, bicicleta)",4,25,14:00:00,,75,75,25,25,75,175,125,
Paola12410Felipe7,Paola12410Felipe,Paola12410Felipe7,Tarde,Con compañeros de trabajo / escuela / club,Estudio,Leyó o estudió,7,7,10,4,10,3,1,"Escuela, Campus, u otro establecimiento educativo",4,150,15:00:00,9,1050,1050,1500,600,1500,450,150,1350
Paola12410Felipe8,Paola12410Felipe,Paola12410Felipe8,Tarde,Estaba solo,Viajó en coche/colectivo/moto,"Viajó a algún lado (coche, caminando, bicicleta)",1,3,1,1,4,8,7,"Viajó a algún lado (coche, caminando, bicicleta)",12,20,17:00:00,,20,60,20,20,80,160,140,
Paola12410Felipe9,Paola12410Felipe,Paola12410Felipe9,Tarde,Estaba solo,"Descansó (siesta,tomar mate, té o café)","Dedicación personal (comió, bañó, descansó)",1,3,1,4,7,7,10,Casa donde vive,12,120,18:00:00,,120,360,120,480,840,840,1200,
Paola12410Felipe10,Paola12410Felipe,Paola12410Felipe10,Noche,Estaba solo,Estudio,Leyó o estudió,7,7,4,1,7,4,4,Casa donde vive,12,120,20:00:00,,840,840,480,120,840,480,480,
Paola12410Felipe11,Paola12410Felipe,Paola12410Felipe11,Noche,Con otros familiares,Comió,"Dedicación personal (comió, bañó, descansó)",1,1,1,1,3,7,6,Casa donde vive,12,30,21:00:00,10,30,30,30,30,90,210,180,300
Paola12410Felipe12,Paola12410Felipe,Paola12410Felipe12,Noche,Estaba solo,Se baño o arregló,"Dedicación personal (comió, bañó, descansó)",3,4,1,1,4,7,8,Casa donde vive,12,20,22:00:00,,60,80,20,20,80,140,160,
Paola12410Felipe13,Paola12410Felipe,Paola12410Felipe13,Noche,Estaba solo,Vió televisión,"Entretenimiento (radio, televisión, computadora, juego en casa)",3,1,1,1,3,7,7,Casa donde vive,12,90,22:00:00,,270,90,90,90,270,630,630,
Paola131314Irene1,Paola131314Irene,Paola131314Irene1,Mañana,Estaba solo,Se baño o arregló,"Dedicación personal (comió, bañó, descansó)",3,3,3,1,1,8,5,Casa donde vive,13,15,8:00:00,,45,45,45,15,15,120,75,
Paola131314Irene2,Paola131314Irene,Paola131314Irene2,Mañana,Con otros familiares,Comió,"Dedicación personal (comió, bañó, descansó)",2,4,4,1,1,8,9,Casa donde vive,13,100,9:00:00,7,200,400,400,100,100,800,900,700
Paola131314Irene3,Paola131314Irene,Paola131314Irene3,Mañana,Estaba solo,Viajó en coche/colectivo/moto,"Viajó a algún lado (coche, caminando, bicicleta)",3,3,4,1,1,7,5,"Viajó a algún lado (coche, caminando, bicicleta)",12,15,10:00:00,,45,45,60,15,15,105,75,
Paola131314Irene4,Paola131314Irene,Paola131314Irene4,Mañana,Con compañeros de trabajo / escuela / club,Trabajó,Trabajó,3,3,1,1,5,7,9,"Escuela, Campus, u otro establecimiento educativo",12,180,11:00:00,9,540,540,180,180,900,1260,1620,1620
Paola131314Irene5,Paola131314Irene,Paola131314Irene5,Tarde,Estaba solo,Comió,"Dedicación personal (comió, bañó, descansó)",3,2,1,1,3,7,9,"Escuela, Campus, u otro establecimiento educativo",12,75,14:00:00,,225,150,75,75,225,525,675,
Paola131314Irene6,Paola131314Irene,Paola131314Irene6,Tarde,Con compañeros de trabajo / escuela / club,Trabajó,Trabajó,3,4,1,1,4,7,9,"Escuela, Campus, u otro establecimiento educativo",12,90,15:00:00,9,270,360,90,90,360,630,810,810
Paola131314Irene7,Paola131314Irene,Paola131314Irene7,Tarde,Estaba solo,Caminó a algún lado,"Viajó a algún lado (coche, caminando, bicicleta)",3,3,1,1,4,8,8,"Viajó a algún lado (coche, caminando, bicicleta)",12,10,16:00:00,,30,30,10,10,40,80,80,
Paola131314Irene8,Paola131314Irene,Paola131314Irene8,Tarde,Estaba solo,Fue de compras,Compras,3,3,1,1,4,8,8,Comercio de ropa u otro tipo de comercio de compras,12,50,16:00:00,,150,150,50,50,200,400,400,
Paola131314Irene9,Paola131314Irene,Paola131314Irene9,Tarde,Con su pareja,Viajó en coche/colectivo/moto,"Viajó a algún lado (coche, caminando, bicicleta)",2,2,1,1,4,8,8,"Viajó a algún lado (coche, caminando, bicicleta)",4,10,17:00:00,9,20,20,10,10,40,80,80,90
Paola131314Irene10,Paola131314Irene,Paola131314Irene10,Tarde,Con otros familiares,Comió,"Dedicación personal (comió, bañó, descansó)",2,2,1,1,4,8,10,Casa de parientes,4,180,18:00:00,9,360,360,180,180,720,1440,1800,1620
Paola131314Irene11,Paola131314Irene,Paola131314Irene11,Noche,Con otros familiares,Comió,"Dedicación personal (comió, bañó, descansó)",2,2,1,1,3,9,10,Casa de parientes,4,180,21:00:00,10,360,360,180,180,540,1620,1800,1800
Paola131314Irene12,Paola131314Irene,Paola131314Irene12,Noche,Con su pareja,Hizo ejercicio o dio paseo,Hizo ejercicio o dio paseo,2,1,1,1,3,8,8,Casa de parientes,4,10,23:00:00,9,20,10,10,10,30,80,80,90
Paola131314sebastián1,Paola131314sebastián,Paola131314sebastián1,Mañana,Estaba solo,Se baño o arregló,"Dedicación personal (comió, bañó, descansó)",1,1,1,1,1,10,1,Casa donde vive,13,10,7:00:00,,10,10,10,10,10,100,10,
Paola131314sebastián2,Paola131314sebastián,Paola131314sebastián2,Mañana,Estaba solo,Viajó en coche/colectivo/moto,"Viajó a algún lado (coche, caminando, bicicleta)",1,1,1,1,1,8,7,"Viajó a algún lado (coche, caminando, bicicleta)",13,10,7:00:00,,10,10,10,10,10,80,70,
Paola131314sebastián3,Paola131314sebastián,Paola131314sebastián3,Mañana,Con compañeros de trabajo / escuela / club,Trabajó,Trabajó,1,7,1,1,1,7,7,Lugar de trabajo,13,540,12:00:00,10,540,3780,540,540,540,3780,3780,5400
Paola131314sebastián4,Paola131314sebastián,Paola131314sebastián4,Tarde,Estaba solo,Viajó en coche/colectivo/moto,"Viajó a algún lado (coche, caminando, bicicleta)",1,10,1,1,1,8,9,"Viajó a algún lado (coche, caminando, bicicleta)",13,10,17:00:00,,10,100,10,10,10,80,90,
Paola131314sebastián5,Paola131314sebastián,Paola131314sebastián5,Tarde,Estaba solo,Comió,"Dedicación personal (comió, bañó, descansó)",1,1,1,1,1,9,9,Casa donde vive,13,120,18:00:00,,120,120,120,120,120,1080,1080,
Paola131314sebastián6,Paola131314sebastián,Paola131314sebastián6,Noche,Estaba solo,Viajó en coche/colectivo/moto,"Viajó a algún lado (coche, caminando, bicicleta)",1,8,1,1,1,8,9,"Viajó a algún lado (coche, caminando, bicicleta)",10,10,19:00:00,,10,80,10,10,10,80,90,
Paola131314sebastián7,Paola131314sebastián,Paola131314sebastián7,Noche,Con su pareja,Otra actividad de ocio,"Entretenimiento (radio, televisión, computadora, juego en casa)",1,1,1,1,1,8,9,Comercio de ropa u otro tipo de comercio de compras,10,80,20:00:00,9,80,80,80,80,80,640,720,720
Paola131314sebastián8,Paola131314sebastián,Paola131314sebastián8,Noche,Con su pareja,Viajó en coche/colectivo/moto,"Viajó a algún lado (coche, caminando, bicicleta)",1,7,1,1,1,7,7,"Viajó a algún lado (coche, caminando, bicicleta)",13,10,20:00:00,9,10,70,10,10,10,70,70,90
Paola131314sebastián9,Paola131314sebastián,Paola131314sebastián9,Noche,Con su pareja,Preparó comida,"Tareas domésticas (comida, cuida a los hijos, mascotas)",1,1,1,1,1,8,9,Casa donde vive,13,40,21:00:00,9,40,40,40,40,40,320,360,360
Paola131314sebastián10,Paola131314sebastián,Paola131314sebastián10,Noche,Con su pareja,Comió,"Dedicación personal (comió, bañó, descansó)",1,1,1,1,1,9,9,Casa donde vive,13,20,21:00:00,9,20,20,20,20,20,180,180,180
Paola131314sebastián11,Paola131314sebastián,Paola131314sebastián11,Noche,Con su pareja,Vió televisión,"Entretenimiento (radio, televisión, computadora, juego en casa)",1,1,1,1,1,10,10,Casa donde vive,13,90,22:00:00,9,90,90,90,90,90,900,900,810
Paola131315Santiago1,Paola131315Santiago,Paola131315Santiago1,Mañana,Estaba solo,Se baño o arregló,"Dedicación personal (comió, bañó, descansó)",1,3,1,1,1,6,6,Casa donde vive,13,10,9:00:00,,10,30,10,10,10,60,60,
Paola131315Santiago2,Paola131315Santiago,Paola131315Santiago2,Mañana,Estaba solo,Comió,"Dedicación personal (comió, bañó, descansó)",1,3,1,1,1,6,8,Casa donde vive,13,20,10:00:00,,20,60,20,20,20,120,160,
Paola131315Santiago3,Paola131315Santiago,Paola131315Santiago3,Mañana,Estaba solo,Viajó en coche/colectivo/moto,"Viajó a algún lado (coche, caminando, bicicleta)",1,5,1,1,1,7,7,"Viajó a algún lado (coche, caminando, bicicleta)",4,15,10:00:00,,15,75,15,15,15,105,105,
Paola131315Santiago4,Paola131315Santiago,Paola131315Santiago4,Mañana,Estaba solo,Estudio,Leyó o estudió,"2,65732484076433","3,05887969446213","1,82854406130268","1,62559846792212","2,55303514376997","7,29674537332483","7,95789473684211","Escuela, Campus, u otro establecimiento educativo",4,240,12:00:00,,"637,757961783439","734,13112667091","438,850574712644","390,143632301309","612,728434504792","1751,21888959796","1909,89473684211",
Paola131315Santiago5,Paola131315Santiago,Paola131315Santiago5,Tarde,Con compañeros de trabajo / escuela / club,Comió,"Dedicación personal (comió, bañó, descansó)",1,1,1,1,3,8,9,"Escuela, Campus, u otro establecimiento educativo",4,45,15:00:00,9,45,45,45,45,135,360,405,405
Paola131315Santiago6,Paola131315Santiago,Paola131315Santiago6,Tarde,Con compañeros de trabajo / escuela / club,Estudio,Leyó o estudió,1,1,1,1,3,8,8,"Escuela, Campus, u otro establecimiento educativo",4,240,17:00:00,9,240,240,240,240,720,1920,1920,2160
Paola131315Santiago7,Paola131315Santiago,Paola131315Santiago7,Noche,Estaba solo,Viajó en coche/colectivo/moto,"Viajó a algún lado (coche, caminando, bicicleta)",1,1,1,1,1,8,8,"Viajó a algún lado (coche, caminando, bicicleta)",12,20,19:00:00,,20,20,20,20,20,160,160,
Paola131315Santiago8,Paola131315Santiago,Paola131315Santiago8,Noche,Estaba solo,Viajó en coche/colectivo/moto,"Viajó a algún lado (coche, caminando, bicicleta)",1,1,1,1,1,9,9,"Viajó a algún lado (coche, caminando, bicicleta)",13,15,19:00:00,,15,15,15,15,15,135,135,
Paola131315Santiago9,Paola131315Santiago,Paola131315Santiago9,Noche,Estaba solo,Se baño o arregló,"Dedicación personal (comió, bañó, descansó)",1,1,1,1,1,8,9,Casa donde vive,13,15,20:00:00,,15,15,15,15,15,120,135,
Paola131315Santiago10,Paola131315Santiago,Paola131315Santiago10,Noche,Estaba solo,Viajó en coche/colectivo/moto,"Viajó a algún lado (coche, caminando, bicicleta)",1,1,1,1,1,9,9,"Viajó a algún lado (coche, caminando, bicicleta)",12,15,20:00:00,,15,15,15,15,15,135,135,
Paola131315Santiago11,Paola131315Santiago,Paola131315Santiago11,Noche,Con amigos,Comió,"Dedicación personal (comió, bañó, descansó)",1,1,1,1,1,8,10,Casa de amigos,12,360,23:00:00,9,360,360,360,360,360,2880,3600,3240
Paola131317cintia1,Paola131317cintia,Paola131317cintia1,Mañana,Con sus hijos jóvenes o nietos,Se baño o arregló,"Dedicación personal (comió, bañó, descansó)",4,4,1,1,1,7,1,Casa donde vive,13,30,8:00:00,7,120,120,30,30,30,210,30,210
Paola131317cintia2,Paola131317cintia,Paola131317cintia2,Mañana,Con sus hijos jóvenes o nietos,Comió,"Dedicación personal (comió, bañó, descansó)",4,4,1,1,1,7,1,Casa donde vive,13,30,9:00:00,7,120,120,30,30,30,210,30,210
Paola131317cintia3,Paola131317cintia,Paola131317cintia3,Mañana,Con sus hijos jóvenes o nietos,Caminó a algún lado,"Viajó a algún lado (coche, caminando, bicicleta)",1,9,4,1,1,1,1,"Viajó a algún lado (coche, caminando, bicicleta)",13,45,9:00:00,9,45,405,180,45,45,45,45,405
Paola131317cintia4,Paola131317cintia,Paola131317cintia4,Mañana,Con sus hijos jóvenes o nietos,Trámites,Trámites o Salud,1,7,4,1,1,6,4,Locales de pago de servicios públicos u otros servicios en general,13,30,10:00:00,9,30,210,120,30,30,180,120,270
Paola131317cintia5,Paola131317cintia,Paola131317cintia5,Mañana,Con sus hijos jóvenes o nietos,Caminó a algún lado,"Viajó a algún lado (coche, caminando, bicicleta)",3,7,3,1,1,6,6,"Viajó a algún lado (coche, caminando, bicicleta)",13,45,11:00:00,9,135,315,135,45,45,270,270,405
Paola131317cintia6,Paola131317cintia,Paola131317cintia6,Mañana,Con sus hijos jóvenes o nietos,Preparó comida,"Tareas domésticas (comida, cuida a los hijos, mascotas)",1,1,1,1,1,7,7,Casa donde vive,13,30,11:00:00,9,30,30,30,30,30,210,210,270
Paola131317cintia7,Paola131317cintia,Paola131317cintia7,Mañana,Con sus hijos jóvenes o nietos,Comió,"Dedicación personal (comió, bañó, descansó)",1,7,3,1,1,6,7,Casa donde vive,13,30,12:00:00,9,30,210,90,30,30,180,210,270
Paola131317cintia8,Paola131317cintia,Paola131317cintia8,Tarde,Con sus hijos jóvenes o nietos,Cuidó a los niños,"Tareas domésticas (comida, cuida a los hijos, mascotas)",1,9,4,1,1,6,6,Casa donde vive,13,20,12:00:00,9,20,180,80,20,20,120,120,180
Paola131317cintia9,Paola131317cintia,Paola131317cintia9,Tarde,Con sus hijos jóvenes o nietos,Caminó a algún lado,"Viajó a algún lado (coche, caminando, bicicleta)",3,7,3,1,1,6,5,"Viajó a algún lado (coche, caminando, bicicleta)",13,10,12:00:00,9,30,70,30,10,10,60,50,90
Paola131317cintia10,Paola131317cintia,Paola131317cintia10,Tarde,Con sus hijos jóvenes o nietos,Viajó en coche/colectivo/moto,"Viajó a algún lado (coche, caminando, bicicleta)",3,3,3,1,1,6,6,"Viajó a algún lado (coche, caminando, bicicleta)",5,15,13:00:00,9,45,45,45,15,15,90,90,135
Paola131317cintia11,Paola131317cintia,Paola131317cintia11,Tarde,Con sus hijos jóvenes o nietos,Cuidó a los niños,"Tareas domésticas (comida, cuida a los hijos, mascotas)",1,1,1,1,1,6,6,"Escuela, Campus, u otro establecimiento educativo",5,10,13:00:00,9,10,10,10,10,10,60,60,90
Paola131317cintia12,Paola131317cintia,Paola131317cintia12,Tarde,Estaba solo,Viajó en coche/colectivo/moto,"Viajó a algún lado (coche, caminando, bicicleta)",1,1,1,1,1,9,6,"Viajó a algún lado (coche, caminando, bicicleta)",13,15,13:00:00,,15,15,15,15,15,135,90,
Paola131317cintia13,Paola131317cintia,Paola131317cintia13,Tarde,Estaba solo,Trabajó,Trabajó,1,1,1,1,1,9,7,Casa donde vive,13,180,15:00:00,,180,180,180,180,180,1620,1260,
Paola131317cintia14,Paola131317cintia,Paola131317cintia14,Tarde,Con su pareja,Viajó en coche/colectivo/moto,"Viajó a algún lado (coche, caminando, bicicleta)",1,4,1,1,1,7,7,"Viajó a algún lado (coche, caminando, bicicleta)",5,15,16:00:00,9,15,60,15,15,15,105,105,135
Paola131317cintia15,Paola131317cintia,Paola131317cintia15,Tarde,Con pareja e hijos,Viajó en coche/colectivo/moto,"Viajó a algún lado (coche, caminando, bicicleta)",3,3,1,1,1,7,7,"Viajó a algún lado (coche, caminando, bicicleta)",10,20,17:00:00,9,60,60,20,20,20,140,140,180
Paola131317cintia16,Paola131317cintia,Paola131317cintia16,Tarde,Con pareja e hijos,Trámites,Trámites o Salud,3,2,1,1,1,7,5,"Hospital, Clínica, Centro de Salud",10,25,17:00:00,9,75,50,25,25,25,175,125,225
Paola131317cintia17,Paola131317cintia,Paola131317cintia17,Tarde,Con pareja e hijos,Viajó en coche/colectivo/moto,"Viajó a algún lado (coche, caminando, bicicleta)",1,1,1,1,1,7,7,"Viajó a algún lado (coche, caminando, bicicleta)",13,20,17:00:00,9,20,20,20,20,20,140,140,180
Paola131317cintia18,Paola131317cintia,Paola131317cintia18,Noche,Con pareja e hijos,Comió,"Dedicación personal (comió, bañó, descansó)",1,1,1,1,1,9,9,Casa donde vive,13,30,18:00:00,9,30,30,30,30,30,270,270,270
Paola131317cintia19,Paola131317cintia,Paola131317cintia19,Noche,Con pareja e hijos,Preparó comida,"Tareas domésticas (comida, cuida a los hijos, mascotas)",1,3,1,1,1,7,9,Casa donde vive,13,45,18:00:00,9,45,135,45,45,45,315,405,405
Paola131317cintia20,Paola131317cintia,Paola131317cintia20,Noche,Con pareja e hijos,Hizo tareas domésticas,"Tareas domésticas (comida, cuida a los hijos, mascotas)",1,3,1,1,1,7,7,Casa donde vive,13,30,19:00:00,9,30,90,30,30,30,210,210,270
Paola131317cintia21,Paola131317cintia,Paola131317cintia21,Noche,Con pareja e hijos,Comió,"Dedicación personal (comió, bañó, descansó)",1,1,1,1,1,9,9,Casa donde vive,13,30,20:00:00,9,30,30,30,30,30,270,270,270
Paola131317cintia22,Paola131317cintia,Paola131317cintia22,Noche,Estaba solo,Hizo tareas domésticas,"Tareas domésticas (comida, cuida a los hijos, mascotas)","2,65732484076433","3,05887969446213","1,82854406130268","1,62559846792212","2,55303514376997","7,29674537332483","7,95789473684211",Casa donde vive,13,60,20:00:00,,"159,43949044586","183,532781667728","109,712643678161","97,5359080753272","153,182108626198","437,80472239949","477,473684210526",
Paola13209miguel1,Paola13209miguel,Paola13209miguel1,Mañana,Con su pareja,Se baño o arregló,"Dedicación personal (comió, bañó, descansó)",7,7,1,1,1,4,4,Casa donde vive,13,30,7:00:00,10,210,210,30,30,30,120,120,300
Paola13209miguel2,Paola13209miguel,Paola13209miguel2,Mañana,Con su pareja,Comió,"Dedicación personal (comió, bañó, descansó)",7,7,1,1,1,4,7,Casa donde vive,13,20,7:00:00,10,140,140,20,20,20,80,140,200
Paola13209miguel3,Paola13209miguel,Paola13209miguel3,Mañana,Estaba solo,Caminó a algún lado,"Viajó a algún lado (coche, caminando, bicicleta)",1,4,1,1,1,9,7,"Viajó a algún lado (coche, caminando, bicicleta)",10,10,7:00:00,,10,40,10,10,10,90,70,
Paola13209miguel4,Paola13209miguel,Paola13209miguel4,Mañana,Con sus hijos adultos,Trabajó,Trabajó,1,1,1,1,1,9,8,Lugar de trabajo,10,330,10:00:00,10,330,330,330,330,330,2970,2640,3300
Paola13209miguel5,Paola13209miguel,Paola13209miguel5,Tarde,Estaba solo,Caminó a algún lado,"Viajó a algún lado (coche, caminando, bicicleta)",7,8,1,1,1,7,8,"Viajó a algún lado (coche, caminando, bicicleta)",13,10,13:00:00,,70,80,10,10,10,70,80,
Paola13209miguel6,Paola13209miguel,Paola13209miguel6,Tarde,Estaba solo,Comió,"Dedicación personal (comió, bañó, descansó)",1,1,1,1,1,9,10,Casa donde vive,13,60,14:00:00,,60,60,60,60,60,540,600,
Paola13209miguel7,Paola13209miguel,Paola13209miguel7,Tarde,Estaba solo,Hizo ejercicio o dio paseo,Hizo ejercicio o dio paseo,1,1,1,1,1,9,10,Casa donde vive,13,180,16:00:00,,180,180,180,180,180,1620,1800,
Paola13209miguel8,Paola13209miguel,Paola13209miguel8,Tarde,Estaba solo,Se baño o arregló,"Dedicación personal (comió, bañó, descansó)",1,1,1,1,1,7,7,Casa donde vive,13,20,17:00:00,,20,20,20,20,20,140,140,
Paola13209miguel9,Paola13209miguel,Paola13209miguel9,Noche,Con su pareja,Comió,"Dedicación personal (comió, bañó, descansó)",1,1,1,1,1,9,9,Casa donde vive,13,30,18:00:00,10,30,30,30,30,30,270,270,300
Paola13209miguel10,Paola13209miguel,Paola13209miguel10,Noche,Con su pareja,Entretetenimiento con la computadora,"Entretenimiento (radio, televisión, computadora, juego en casa)",1,1,1,1,1,9,8,Casa donde vive,13,60,18:00:00,10,60,60,60,60,60,540,480,600
Paola13209miguel11,Paola13209miguel,Paola13209miguel11,Noche,Con su pareja,Caminó a algún lado,"Viajó a algún lado (coche, caminando, bicicleta)",1,1,1,1,1,7,7,"Viajó a algún lado (coche, caminando, bicicleta)",12,10,19:00:00,10,10,10,10,10,10,70,70,100
Paola13209miguel12,Paola13209miguel,Paola13209miguel12,Noche,Con su pareja,Fue de compras,Compras,1,1,1,1,1,7,7,"Supermercado, despensa, verdulería, carnicería, dietética",12,60,20:00:00,10,60,60,60,60,60,420,420,600
Paola13209miguel13,Paola13209miguel,Paola13209miguel13,Noche,Con su pareja,Caminó a algún lado,"Viajó a algún lado (coche, caminando, bicicleta)",1,1,1,1,1,7,7,"Viajó a algún lado (coche, caminando, bicicleta)",13,10,20:00:00,10,10,10,10,10,10,70,70,100
Paola13209miguel14,Paola13209miguel,Paola13209miguel14,Noche,Con su pareja,Entretetenimiento con la computadora,"Entretenimiento (radio, televisión, computadora, juego en casa)",1,1,1,1,1,9,8,Casa donde vive,13,60,21:00:00,10,60,60,60,60,60,540,480,600
Paola13209miguel15,Paola13209miguel,Paola13209miguel15,Noche,Con su pareja,Comió,"Dedicación personal (comió, bañó, descansó)",1,1,1,1,1,9,9,Casa donde vive,13,60,22:00:00,10,60,60,60,60,60,540,540,600
Paola13209miguel16,Paola13209miguel,Paola13209miguel16,Noche,Con su pareja,Hizo tareas domésticas,"Tareas domésticas (comida, cuida a los hijos, mascotas)",1,1,1,1,1,9,9,Casa donde vive,13,30,23:00:00,10,30,30,30,30,30,270,270,300
Paola13305Sofía1,Paola13305Sofía,Paola13305Sofía1,Mañana,Con su pareja,Se baño o arregló,"Dedicación personal (comió, bañó, descansó)",9,1,1,1,10,6,7,Casa donde vive,13,30,7:00:00,10,270,30,30,30,300,180,210,300
Paola13305Sofía2,Paola13305Sofía,Paola13305Sofía2,Mañana,Con su pareja,Comió,"Dedicación personal (comió, bañó, descansó)",9,1,1,1,10,6,8,Casa donde vive,13,30,8:00:00,10,270,30,30,30,300,180,240,300
Paola13305Sofía3,Paola13305Sofía,Paola13305Sofía3,Mañana,Estaba solo,Leyó / Estudió,Leyó o estudió,7,1,1,1,10,7,8,Casa donde vive,13,195,10:00:00,,1365,195,195,195,1950,1365,1560,
Paola13305Sofía4,Paola13305Sofía,Paola13305Sofía4,Mañana,Estaba solo,Preparó comida,"Tareas domésticas (comida, cuida a los hijos, mascotas)","2,65732484076433",7,1,1,1,10,7,Casa donde vive,13,80,12:00:00,,"212,585987261147",560,80,80,80,800,560,
Paola13305Sofía5,Paola13305Sofía,Paola13305Sofía5,Tarde,Con su pareja,Comió,"Dedicación personal (comió, bañó, descansó)",8,1,1,1,10,7,9,Casa donde vive,13,30,13:00:00,10,240,30,30,30,300,210,270,300
Paola13305Sofía6,Paola13305Sofía,Paola13305Sofía6,Tarde,Estaba solo,Leyó / Estudió,Leyó o estudió,8,1,1,1,10,7,7,Casa donde vive,13,120,14:00:00,,960,120,120,120,1200,840,840,
Paola13305Sofía7,Paola13305Sofía,Paola13305Sofía7,Tarde,Estaba solo,Hizo tareas domésticas,"Tareas domésticas (comida, cuida a los hijos, mascotas)",8,3,1,1,10,7,6,Casa donde vive,13,45,16:00:00,,360,135,45,45,450,315,270,
Paola13305Sofía8,Paola13305Sofía,Paola13305Sofía8,Tarde,Con amigos,Leyó / Estudió,Leyó o estudió,7,1,1,1,10,8,8,Casa donde vive,13,135,17:00:00,10,945,135,135,135,1350,1080,1080,1350
Paola13305Sofía9,Paola13305Sofía,Paola13305Sofía9,Noche,Con amigos,Caminó a algún lado,"Viajó a algún lado (coche, caminando, bicicleta)",7,1,1,1,10,7,9,"Viajó a algún lado (coche, caminando, bicicleta)",13,3,18:00:00,10,21,3,3,3,30,21,27,30
Paola13305Sofía10,Paola13305Sofía,Paola13305Sofía10,Noche,Con amigos,Fue de compras,Compras,7,1,1,1,10,7,10,"Supermercado, despensa, verdulería, carnicería, dietética",13,5,18:00:00,10,35,5,5,5,50,35,50,50
Paola13305Sofía11,Paola13305Sofía,Paola13305Sofía11,Noche,Con amigos,Caminó a algún lado,"Viajó a algún lado (coche, caminando, bicicleta)",7,1,1,1,10,7,10,"Viajó a algún lado (coche, caminando, bicicleta)",13,3,18:00:00,10,21,3,3,3,30,21,30,30
Paola13305Sofía12,Paola13305Sofía,Paola13305Sofía12,Noche,Con amigos,Comió,"Dedicación personal (comió, bañó, descansó)",7,1,1,1,10,7,6,Casa donde vive,13,15,19:00:00,10,105,15,15,15,150,105,90,150
Paola13305Sofía13,Paola13305Sofía,Paola13305Sofía13,Noche,Con amigos,Leyó / Estudió,Leyó o estudió,7,1,1,1,10,5,6,Casa donde vive,13,180,20:00:00,10,1260,180,180,180,1800,900,1080,1800
Paola13305Sofía14,Paola13305Sofía,Paola13305Sofía14,Noche,Con su pareja,Preparó comida,"Tareas domésticas (comida, cuida a los hijos, mascotas)",7,1,1,1,10,5,10,Casa donde vive,13,30,22:00:00,10,210,30,30,30,300,150,300,300
Paola13305Sofía15,Paola13305Sofía,Paola13305Sofía15,Noche,Con su pareja,Comió,"Dedicación personal (comió, bañó, descansó)",1,1,1,1,10,8,8,Casa donde vive,13,30,23:00:00,10,30,30,30,30,300,240,240,300
Paola13305Sofía16,Paola13305Sofía,Paola13305Sofía16,Noche,Con su pareja,Vió televisión,"Entretenimiento (radio, televisión, computadora, juego en casa)",4,1,1,1,7,7,10,Casa donde vive,13,30,23:00:00,10,120,30,30,30,210,210,300,300
Paola13310ezequiel1,Paola13310ezequiel,Paola13310ezequiel1,Mañana,Estaba solo,Se baño o arregló,"Dedicación personal (comió, bañó, descansó)",1,10,1,1,1,10,10,Casa donde vive,13,30,7:00:00,,30,300,30,30,30,300,300,
Paola13310ezequiel2,Paola13310ezequiel,Paola13310ezequiel2,Mañana,Estaba solo,Comió,"Dedicación personal (comió, bañó, descansó)",1,10,1,1,1,9,9,Casa donde vive,13,15,8:00:00,,15,150,15,15,15,135,135,
Paola13310ezequiel3,Paola13310ezequiel,Paola13310ezequiel3,Mañana,Estaba solo,Viajó en coche/colectivo/moto,"Viajó a algún lado (coche, caminando, bicicleta)",1,10,1,1,3,8,8,"Viajó a algún lado (coche, caminando, bicicleta)",10,10,8:00:00,,10,100,10,10,30,80,80,
Paola13310ezequiel4,Paola13310ezequiel,Paola13310ezequiel4,Mañana,Con compañeros de trabajo / escuela / club,Trabajó,Trabajó,1,7,1,1,1,1,10,Lugar de trabajo,10,480,12:00:00,10,480,3360,480,480,480,480,4800,4800
Paola13310ezequiel5,Paola13310ezequiel,Paola13310ezequiel5,Tarde,Estaba solo,Viajó en coche/colectivo/moto,"Viajó a algún lado (coche, caminando, bicicleta)",1,8,1,1,1,8,8,"Viajó a algún lado (coche, caminando, bicicleta)",13,10,16:00:00,,10,80,10,10,10,80,80,
Paola13310ezequiel6,Paola13310ezequiel,Paola13310ezequiel6,Tarde,Con pareja e hijos,Hizo tareas domésticas,"Tareas domésticas (comida, cuida a los hijos, mascotas)",1,1,1,1,1,9,8,Casa donde vive,13,120,17:00:00,10,120,120,120,120,120,1080,960,1200
Paola13310ezequiel7,Paola13310ezequiel,Paola13310ezequiel7,Noche,Con pareja e hijos,Comió,"Dedicación personal (comió, bañó, descansó)",1,1,1,1,1,9,9,Casa donde vive,13,60,19:00:00,10,60,60,60,60,60,540,540,600
Paola13310ezequiel8,Paola13310ezequiel,Paola13310ezequiel8,Noche,Con pareja e hijos,Vió televisión,"Entretenimiento (radio, televisión, computadora, juego en casa)",1,1,1,1,1,9,9,Casa donde vive,13,60,20:00:00,10,60,60,60,60,60,540,540,600
Paola13310ezequiel9,Paola13310ezequiel,Paola13310ezequiel9,Noche,Con pareja e hijos,Comió,"Dedicación personal (comió, bañó, descansó)",1,1,1,1,1,10,10,Casa donde vive,13,60,21:00:00,10,60,60,60,60,60,600,600,600
Paola13310ezequiel10,Paola13310ezequiel,Paola13310ezequiel10,Noche,Con pareja e hijos,Entretetenimiento con la computadora,"Entretenimiento (radio, televisión, computadora, juego en casa)",1,1,1,1,1,9,9,Casa donde vive,13,90,22:00:00,10,90,90,90,90,90,810,810,900
Paola13310María Paz1,Paola13310María Paz,Paola13310María Paz1,Mañana,Estaba solo,Se baño o arregló,"Dedicación personal (comió, bañó, descansó)",1,4,1,1,1,7,7,Casa donde vive,13,15,6:00:00,,15,60,15,15,15,105,105,
Paola13310María Paz2,Paola13310María Paz,Paola13310María Paz2,Mañana,Estaba solo,Caminó a algún lado,"Viajó a algún lado (coche, caminando, bicicleta)",1,3,1,1,3,8,5,"Viajó a algún lado (coche, caminando, bicicleta)",13,10,6:00:00,,10,30,10,10,30,80,50,
Paola13310María Paz3,Paola13310María Paz,Paola13310María Paz3,Mañana,Con compañeros de trabajo / escuela / club,Comió,"Dedicación personal (comió, bañó, descansó)",1,6,1,1,4,8,9,Lugar de trabajo,13,10,7:00:00,9,10,60,10,10,40,80,90,90
Paola13310María Paz4,Paola13310María Paz,Paola13310María Paz4,Mañana,Con compañeros de trabajo / escuela / club,Trabajó,Trabajó,1,4,1,1,4,8,8,Lugar de trabajo,13,420,10:00:00,9,420,1680,420,420,1680,3360,3360,3780
Paola13310María Paz5,Paola13310María Paz,Paola13310María Paz5,Tarde,Estaba solo,Caminó a algún lado,"Viajó a algún lado (coche, caminando, bicicleta)",1,3,1,1,2,8,8,"Viajó a algún lado (coche, caminando, bicicleta)",13,10,14:00:00,,10,30,10,10,20,80,80,
Paola13310María Paz6,Paola13310María Paz,Paola13310María Paz6,Tarde,Estaba solo,Caminó a algún lado,"Viajó a algún lado (coche, caminando, bicicleta)",1,4,1,1,1,8,6,"Viajó a algún lado (coche, caminando, bicicleta)",12,20,14:00:00,,20,80,20,20,20,160,120,
Paola13310María Paz7,Paola13310María Paz,Paola13310María Paz7,Tarde,Con sus hijos jóvenes o nietos,Caminó a algún lado,"Viajó a algún lado (coche, caminando, bicicleta)",1,1,1,1,2,8,8,"Viajó a algún lado (coche, caminando, bicicleta)",13,25,14:00:00,10,25,25,25,25,50,200,200,250
Paola13310María Paz8,Paola13310María Paz,Paola13310María Paz8,Tarde,Con sus hijos jóvenes o nietos,Comió,"Dedicación personal (comió, bañó, descansó)",1,1,1,1,2,8,9,Casa donde vive,13,30,15:00:00,10,30,30,30,30,60,240,270,300
Paola13310María Paz9,Paola13310María Paz,Paola13310María Paz9,Tarde,Con sus hijos jóvenes o nietos,Hizo tareas domésticas,"Tareas domésticas (comida, cuida a los hijos, mascotas)",1,1,1,1,1,8,5,Casa donde vive,13,40,15:00:00,10,40,40,40,40,40,320,200,400
Paola13310María Paz10,Paola13310María Paz,Paola13310María Paz10,Tarde,Con sus hijos jóvenes o nietos,"Descansó (siesta,tomar mate, té o café)","Dedicación personal (comió, bañó, descansó)",1,1,1,1,1,9,10,Casa donde vive,13,120,17:00:00,10,120,120,120,120,120,1080,1200,1200
Paola13310María Paz11,Paola13310María Paz,Paola13310María Paz11,Noche,Con sus hijos jóvenes o nietos,Se baño o arregló,"Dedicación personal (comió, bañó, descansó)",1,6,1,1,1,7,7,Casa donde vive,13,15,18:00:00,10,15,90,15,15,15,105,105,150
Paola13310María Paz12,Paola13310María Paz,Paola13310María Paz12,Noche,Con sus hijos jóvenes o nietos,Cuidó a los niños,"Tareas domésticas (comida, cuida a los hijos, mascotas)",1,1,1,1,1,7,8,Casa donde vive,13,120,19:00:00,8,120,120,120,120,120,840,960,960
Paola13310María Paz13,Paola13310María Paz,Paola13310María Paz13,Noche,Con pareja e hijos,Preparó comida,"Tareas domésticas (comida, cuida a los hijos, mascotas)",1,1,1,1,3,8,10,Casa donde vive,13,60,20:00:00,10,60,60,60,60,180,480,600,600
Paola13310María Paz14,Paola13310María Paz,Paola13310María Paz14,Noche,Con pareja e hijos,Comió,"Dedicación personal (comió, bañó, descansó)",1,1,1,1,2,8,10,Casa donde vive,13,25,21:00:00,10,25,25,25,25,50,200,250,250
Paola13310María Paz15,Paola13310María Paz,Paola13310María Paz15,Noche,Con pareja e hijos,Hizo tareas domésticas,"Tareas domésticas (comida, cuida a los hijos, mascotas)",1,3,1,1,1,9,5,Casa donde vive,13,25,22:00:00,10,25,75,25,25,25,225,125,250
Paola1401Leo1,Paola1401Leo,Paola1401Leo1,Mañana,Estaba solo,Se baño o arregló,"Dedicación personal (comió, bañó, descansó)",1,7,1,1,1,4,1,Casa donde vive,1,5,5:00:00,,5,35,5,5,5,20,5,
Paola1401Leo2,Paola1401Leo,Paola1401Leo2,Mañana,Estaba solo,Comió,"Dedicación personal (comió, bañó, descansó)",1,7,1,1,1,5,4,Casa donde vive,1,15,5:00:00,,15,105,15,15,15,75,60,
Paola1401Leo3,Paola1401Leo,Paola1401Leo3,Mañana,Estaba solo,Comió,"Dedicación personal (comió, bañó, descansó)",4,7,3,1,5,4,1,Casa donde vive,1,10,5:00:00,,40,70,30,10,50,40,10,
Paola1401Leo4,Paola1401Leo,Paola1401Leo4,Mañana,Estaba solo,Viajó en coche/colectivo/moto,"Viajó a algún lado (coche, caminando, bicicleta)",4,10,4,1,4,4,1,"Viajó a algún lado (coche, caminando, bicicleta)",5,10,6:00:00,,40,100,40,10,40,40,10,
Paola1401Leo5,Paola1401Leo,Paola1401Leo5,Mañana,Con compañeros de trabajo / escuela / club,Trabajó,Trabajó,4,7,8,1,4,4,1,Lugar de trabajo,5,540,10:00:00,4,2160,3780,4320,540,2160,2160,540,2160
Paola1401Leo6,Paola1401Leo,Paola1401Leo6,Tarde,Estaba solo,Viajó en coche/colectivo/moto,"Viajó a algún lado (coche, caminando, bicicleta)",4,10,8,1,6,4,1,"Viajó a algún lado (coche, caminando, bicicleta)",1,15,15:00:00,,60,150,120,15,90,60,15,
Paola1401Leo7,Paola1401Leo,Paola1401Leo7,Tarde,Estaba solo,Comió,"Dedicación personal (comió, bañó, descansó)",4,7,4,1,4,4,10,Casa donde vive,1,30,15:00:00,,120,210,120,30,120,120,300,
Paola1401Leo8,Paola1401Leo,Paola1401Leo8,Tarde,Estaba solo,"Descansó (siesta,tomar mate, té o café)","Dedicación personal (comió, bañó, descansó)",4,1,1,1,4,8,8,Casa donde vive,1,75,16:00:00,,300,75,75,75,300,600,600,
Paola1401Leo9,Paola1401Leo,Paola1401Leo9,Tarde,Estaba solo,Se baño o arregló,"Dedicación personal (comió, bañó, descansó)",4,7,4,1,4,4,9,Casa donde vive,1,30,17:00:00,,120,210,120,30,120,120,270,
Paola1401Leo10,Paola1401Leo,Paola1401Leo10,Tarde,Estaba solo,Viajó en coche/colectivo/moto,"Viajó a algún lado (coche, caminando, bicicleta)",4,10,7,1,4,4,1,"Viajó a algún lado (coche, caminando, bicicleta)",5,10,17:00:00,,40,100,70,10,40,40,10,
Paola1401Leo11,Paola1401Leo,Paola1401Leo11,Noche,Estaba solo,Trabajó,Trabajó,7,7,9,1,4,4,8,Lugar de trabajo,5,120,18:00:00,,840,840,1080,120,480,480,960,
Paola1401Leo12,Paola1401Leo,Paola1401Leo12,Noche,Estaba solo,Viajó en coche/colectivo/moto,"Viajó a algún lado (coche, caminando, bicicleta)",4,7,4,1,3,4,1,"Viajó a algún lado (coche, caminando, bicicleta)",2,10,19:00:00,,40,70,40,10,30,40,10,
Paola1401Leo13,Paola1401Leo,Paola1401Leo13,Noche,Con compañeros de trabajo / escuela / club,Hizo ejercicio o dio paseo,Hizo ejercicio o dio paseo,4,4,1,3,3,4,10,Gimnasio y spa,2,90,20:00:00,9,360,360,90,270,270,360,900,810
Paola1401Leo14,Paola1401Leo,Paola1401Leo14,Noche,Estaba solo,Viajó en coche/colectivo/moto,"Viajó a algún lado (coche, caminando, bicicleta)",4,8,3,3,3,8,8,"Viajó a algún lado (coche, caminando, bicicleta)",1,15,21:00:00,,60,120,45,45,45,120,120,
Paola1401Leo15,Paola1401Leo,Paola1401Leo15,Noche,Con otros familiares,Comió,"Dedicación personal (comió, bañó, descansó)",4,4,7,1,4,4,9,Casa donde vive,1,30,22:00:00,9,120,120,210,30,120,120,270,270
Paola1401Leo16,Paola1401Leo,Paola1401Leo16,Noche,Estaba solo,Vió televisión,"Entretenimiento (radio, televisión, computadora, juego en casa)",4,4,7,1,4,4,9,Casa donde vive,1,60,22:00:00,,240,240,420,60,240,240,540,
Paola1416Mabel1,Paola1416Mabel,Paola1416Mabel1,Mañana,Estaba solo,Se baño o arregló,"Dedicación personal (comió, bañó, descansó)",6,2,6,5,4,8,8,Casa donde vive,1,10,9:00:00,,60,20,60,50,40,80,80,
Paola1416Mabel2,Paola1416Mabel,Paola1416Mabel2,Mañana,Estaba solo,Preparó comida,"Tareas domésticas (comida, cuida a los hijos, mascotas)",6,3,6,5,4,8,8,Casa donde vive,1,15,9:00:00,,90,45,90,75,60,120,120,
Paola1416Mabel3,Paola1416Mabel,Paola1416Mabel3,Mañana,Estaba solo,Hizo tareas domésticas,"Tareas domésticas (comida, cuida a los hijos, mascotas)",2,2,5,2,2,6,5,Casa donde vive,1,120,11:00:00,,240,240,600,240,240,720,600,
Paola1416Mabel4,Paola1416Mabel,Paola1416Mabel4,Tarde,Estaba solo,Preparó comida,"Tareas domésticas (comida, cuida a los hijos, mascotas)",2,2,4,2,2,9,6,Casa donde vive,1,45,12:00:00,,90,90,180,90,90,405,270,
Paola1416Mabel5,Paola1416Mabel,Paola1416Mabel5,Tarde,Con otros familiares,Comió,"Dedicación personal (comió, bañó, descansó)",2,2,5,2,2,8,7,Casa donde vive,1,30,13:00:00,8,60,60,150,60,60,240,210,240
Paola1416Mabel6,Paola1416Mabel,Paola1416Mabel6,Tarde,Con otros familiares,Hizo tareas domésticas,"Tareas domésticas (comida, cuida a los hijos, mascotas)",2,3,3,2,2,7,7,Casa donde vive,1,20,13:00:00,8,40,60,60,40,40,140,140,160
Paola1416Mabel7,Paola1416Mabel,Paola1416Mabel7,Tarde,Estaba solo,"Descansó (siesta,tomar mate, té o café)","Dedicación personal (comió, bañó, descansó)",2,2,2,2,2,9,9,Casa donde vive,1,180,15:00:00,,360,360,360,360,360,1620,1620,
Paola1416Mabel8,Paola1416Mabel,Paola1416Mabel8,Noche,Estaba solo,"Descansó (siesta,tomar mate, té o café)","Dedicación personal (comió, bañó, descansó)",2,4,5,2,2,8,6,Casa donde vive,1,20,16:00:00,,40,80,100,40,40,160,120,
Paola1416Mabel9,Paola1416Mabel,Paola1416Mabel9,Noche,Estaba solo,Vió televisión,"Entretenimiento (radio, televisión, computadora, juego en casa)",2,2,4,2,2,8,7,Casa donde vive,1,60,17:00:00,,120,120,240,120,120,480,420,
Paola1416Mabel10,Paola1416Mabel,Paola1416Mabel10,Noche,"Personal de servicios, responsables de nuestra actividad, extraños ",Habló con alguien,"Relaciones sociales (Charlar, cuidar, actividad religiosa, otras relaciones)",2,2,4,2,4,7,5,Casa donde vive,1,40,18:00:00,8,80,80,160,80,160,280,200,320
Paola1416Mabel11,Paola1416Mabel,Paola1416Mabel11,Noche,Estaba solo,Preparó comida,"Tareas domésticas (comida, cuida a los hijos, mascotas)",2,2,4,4,2,8,7,Casa donde vive,1,60,19:00:00,,120,120,240,240,120,480,420,
Paola1416Mabel12,Paola1416Mabel,Paola1416Mabel12,Noche,Estaba solo,Comió,"Dedicación personal (comió, bañó, descansó)",2,2,4,4,4,7,7,Casa donde vive,1,40,19:00:00,,80,80,160,160,160,280,280,
Paola1416Mabel13,Paola1416Mabel,Paola1416Mabel13,Noche,Con otros familiares,Hizo tareas domésticas,"Tareas domésticas (comida, cuida a los hijos, mascotas)",2,2,2,2,3,6,7,Casa donde vive,1,30,20:00:00,9,60,60,60,60,90,180,210,270
Paola1416Mabel14,Paola1416Mabel,Paola1416Mabel14,Noche,Estaba solo,Vió televisión,"Entretenimiento (radio, televisión, computadora, juego en casa)",2,2,2,2,2,"7,29674537332483",9,Casa donde vive,1,60,21:00:00,,120,120,120,120,120,"437,80472239949",540,
Paola151203María Celia1,Paola151203María Celia,Paola151203María Celia1,Mañana,Estaba solo,Se baño o arregló,"Dedicación personal (comió, bañó, descansó)",2,4,2,1,2,9,10,Casa donde vive,15,10,8:00:00,,20,40,20,10,20,90,100,
Paola151203María Celia2,Paola151203María Celia,Paola151203María Celia2,Mañana,Estaba solo,Preparó comida,"Tareas domésticas (comida, cuida a los hijos, mascotas)",1,3,1,1,2,9,9,Casa donde vive,15,30,8:00:00,,30,90,30,30,60,270,270,
Paola151203María Celia3,Paola151203María Celia,Paola151203María Celia3,Mañana,"Personal de servicios, responsables de nuestra actividad, extraños ",Hizo tareas domésticas,"Tareas domésticas (comida, cuida a los hijos, mascotas)",1,3,1,1,2,8,7,Casa donde vive,15,30,9:00:00,9,30,90,30,30,60,240,210,270
Paola151203María Celia4,Paola151203María Celia,Paola151203María Celia4,Mañana,Estaba solo,Caminó a algún lado,"Viajó a algún lado (coche, caminando, bicicleta)",1,3,1,1,1,8,7,"Viajó a algún lado (coche, caminando, bicicleta)",15,10,9:00:00,,10,30,10,10,10,80,70,
Paola151203María Celia5,Paola151203María Celia,Paola151203María Celia5,Mañana,Estaba solo,Caminó a algún lado,"Viajó a algún lado (coche, caminando, bicicleta)",1,1,1,1,1,8,5,"Viajó a algún lado (coche, caminando, bicicleta)",15,10,9:00:00,,10,10,10,10,10,80,50,
Paola151203María Celia6,Paola151203María Celia,Paola151203María Celia6,Mañana,"Personal de servicios, responsables de nuestra actividad, extraños ",Preparó comida,"Tareas domésticas (comida, cuida a los hijos, mascotas)",1,5,1,1,2,7,8,Casa donde vive,15,120,11:00:00,9,120,600,120,120,240,840,960,1080
Paola151203María Celia7,Paola151203María Celia,Paola151203María Celia7,Tarde,Con su pareja,Comió,"Dedicación personal (comió, bañó, descansó)",1,1,1,1,2,9,9,Casa donde vive,15,60,12:00:00,10,60,60,60,60,120,540,540,600
Paola151203María Celia8,Paola151203María Celia,Paola151203María Celia8,Tarde,Estaba solo,Hizo tareas domésticas,"Tareas domésticas (comida, cuida a los hijos, mascotas)",1,1,1,1,3,8,8,Casa donde vive,15,300,15:00:00,,300,300,300,300,900,2400,2400,
Paola151203María Celia9,Paola151203María Celia,Paola151203María Celia9,Noche,Con su pareja,Comió,"Dedicación personal (comió, bañó, descansó)",1,1,1,1,1,9,9,Casa donde vive,15,60,18:00:00,10,60,60,60,60,60,540,540,600
Paola151203María Celia10,Paola151203María Celia,Paola151203María Celia10,Noche,Con su pareja,Preparó comida,"Tareas domésticas (comida, cuida a los hijos, mascotas)",1,1,1,1,1,8,8,Casa donde vive,15,60,19:00:00,,60,60,60,60,60,480,480,
Paola151203María Celia11,Paola151203María Celia,Paola151203María Celia11,Noche,Con su pareja,Comió,"Dedicación personal (comió, bañó, descansó)",1,1,1,1,1,9,8,Casa donde vive,15,60,20:00:00,10,60,60,60,60,60,540,480,600
Paola151203María Celia12,Paola151203María Celia,Paola151203María Celia12,Noche,Con su pareja,Hizo tareas domésticas,"Tareas domésticas (comida, cuida a los hijos, mascotas)",1,1,1,1,1,8,5,Casa donde vive,15,30,21:00:00,10,30,30,30,30,30,240,150,300
Paola151203María Celia13,Paola151203María Celia,Paola151203María Celia13,Noche,Con su pareja,"Descansó (siesta,tomar mate, té o café)","Dedicación personal (comió, bañó, descansó)",1,1,1,1,1,8,7,Casa donde vive,15,30,21:00:00,10,30,30,30,30,30,240,210,300
Paola151208Daiana1,Paola151208Daiana,Paola151208Daiana1,Mañana,Con otros familiares,Preparó comida,"Tareas domésticas (comida, cuida a los hijos, mascotas)",4,10,8,1,10,3,2,Casa donde vive,15,5,8:00:00,7,20,50,40,5,50,15,10,35
Paola151208Daiana2,Paola151208Daiana,Paola151208Daiana2,Mañana,Con otros familiares,Se baño o arregló,"Dedicación personal (comió, bañó, descansó)",4,10,5,1,9,4,4,Casa donde vive,15,5,8:00:00,8,20,50,25,5,45,20,20,40
Paola151208Daiana3,Paola151208Daiana,Paola151208Daiana3,Mañana,Con otros familiares,Comió,"Dedicación personal (comió, bañó, descansó)",4,9,6,1,9,4,5,Casa donde vive,15,15,8:00:00,8,60,135,90,15,135,60,75,120
Paola151208Daiana4,Paola151208Daiana,Paola151208Daiana4,Mañana,Estaba solo,Viajó en coche/colectivo/moto,"Viajó a algún lado (coche, caminando, bicicleta)",3,3,3,1,3,5,6,"Viajó a algún lado (coche, caminando, bicicleta)",12,15,8:00:00,,45,45,45,15,45,75,90,
Paola151208Daiana5,Paola151208Daiana,Paola151208Daiana5,Mañana,Con compañeros de trabajo / escuela / club,Trabajó,Trabajó,3,3,1,1,4,6,6,Lugar de trabajo,12,240,10:00:00,1,720,720,240,240,960,1440,1440,240
Paola151208Daiana6,Paola151208Daiana,Paola151208Daiana6,Tarde,Estaba solo,Caminó a algún lado,"Viajó a algún lado (coche, caminando, bicicleta)",4,9,5,1,1,5,9,"Viajó a algún lado (coche, caminando, bicicleta)",12,30,12:00:00,,120,270,150,30,30,150,270,
Paola151208Daiana7,Paola151208Daiana,Paola151208Daiana7,Tarde,Con otros familiares,Viajó en coche/colectivo/moto,"Viajó a algún lado (coche, caminando, bicicleta)",3,1,2,1,5,8,5,"Viajó a algún lado (coche, caminando, bicicleta)",15,15,13:00:00,9,45,15,30,15,75,120,75,135
Paola151208Daiana8,Paola151208Daiana,Paola151208Daiana8,Tarde,Con otros familiares,Comió,"Dedicación personal (comió, bañó, descansó)",2,2,1,1,3,8,8,Casa donde vive,15,15,13:00:00,9,30,30,15,15,45,120,120,135
Paola151208Daiana9,Paola151208Daiana,Paola151208Daiana9,Tarde,Estaba solo,"Descansó (siesta,tomar mate, té o café)","Dedicación personal (comió, bañó, descansó)",1,1,1,1,4,7,10,Casa donde vive,15,120,14:00:00,,120,120,120,120,480,840,1200,
Paola151208Daiana10,Paola151208Daiana,Paola151208Daiana10,Tarde,Estaba solo,Viajó en coche/colectivo/moto,"Viajó a algún lado (coche, caminando, bicicleta)",1,5,1,1,4,8,"7,95789473684211","Viajó a algún lado (coche, caminando, bicicleta)",3,25,15:00:00,,25,125,25,25,100,200,"198,947368421053",
Paola151208Daiana11,Paola151208Daiana,Paola151208Daiana11,Tarde,Con su pareja,Comió,"Dedicación personal (comió, bañó, descansó)",1,1,1,1,3,8,9,Casa donde vive,3,120,17:00:00,10,120,120,120,120,360,960,1080,1200
Paola151208Daiana12,Paola151208Daiana,Paola151208Daiana12,Noche,Con su pareja,Viajó en coche/colectivo/moto,"Viajó a algún lado (coche, caminando, bicicleta)",1,4,1,1,5,8,7,"Viajó a algún lado (coche, caminando, bicicleta)",4,15,18:00:00,9,15,60,15,15,75,120,105,135
Paola151208Daiana13,Paola151208Daiana,Paola151208Daiana13,Noche,Con compañeros de trabajo / escuela / club,Estudio,Leyó o estudió,1,1,1,1,4,8,7,"Escuela, Campus, u otro establecimiento educativo",4,90,19:00:00,9,90,90,90,90,360,720,630,810
Paola151208Daiana14,Paola151208Daiana,Paola151208Daiana14,Noche,Con su pareja,Viajó en coche/colectivo/moto,"Viajó a algún lado (coche, caminando, bicicleta)",1,3,1,1,2,9,9,"Viajó a algún lado (coche, caminando, bicicleta)",15,15,20:00:00,9,15,45,15,15,30,135,135,135
Paola151208Daiana15,Paola151208Daiana,Paola151208Daiana15,Noche,Con otros familiares,Comió,"Dedicación personal (comió, bañó, descansó)",1,1,1,1,3,8,9,Casa  de novio/a,15,60,20:00:00,9,60,60,60,60,180,480,540,540
Paola151208Daiana16,Paola151208Daiana,Paola151208Daiana16,Noche,Con su pareja,Vió televisión,"Entretenimiento (radio, televisión, computadora, juego en casa)",1,1,1,1,1,9,8,Casa  de novio/a,15,120,22:00:00,10,120,120,120,120,120,1080,960,1200
Paola151211Margarita1,Paola151211Margarita,Paola151211Margarita1,Mañana,Estaba solo,Se baño o arregló,"Dedicación personal (comió, bañó, descansó)",1,1,1,1,3,8,4,Casa donde vive,15,15,7:00:00,,15,15,15,15,45,120,60,
Paola151211Margarita2,Paola151211Margarita,Paola151211Margarita2,Mañana,Con otros familiares,Preparó comida,"Tareas domésticas (comida, cuida a los hijos, mascotas)",1,3,1,1,3,8,8,Casa donde vive,15,10,7:00:00,9,10,30,10,10,30,80,80,90
Paola151211Margarita3,Paola151211Margarita,Paola151211Margarita3,Mañana,Con sus hijos adultos,Comió,"Dedicación personal (comió, bañó, descansó)",1,1,1,1,3,8,9,Casa donde vive,15,120,8:00:00,8,120,120,120,120,360,960,1080,960
Paola151211Margarita4,Paola151211Margarita,Paola151211Margarita4,Mañana,Estaba solo,Hizo tareas domésticas,"Tareas domésticas (comida, cuida a los hijos, mascotas)",1,1,1,1,3,8,8,Casa donde vive,15,120,10:00:00,,120,120,120,120,360,960,960,
Paola151211Margarita5,Paola151211Margarita,Paola151211Margarita5,Mañana,Estaba solo,Preparó comida,"Tareas domésticas (comida, cuida a los hijos, mascotas)",1,1,1,1,3,8,9,Casa donde vive,15,90,12:00:00,,90,90,90,90,270,720,810,
Paola151211Margarita6,Paola151211Margarita,Paola151211Margarita6,Tarde,Con sus hijos jóvenes o nietos,Comió,"Dedicación personal (comió, bañó, descansó)",1,1,1,1,2,8,9,Casa donde vive,15,60,13:00:00,9,60,60,60,60,120,480,540,540
Paola151211Margarita7,Paola151211Margarita,Paola151211Margarita7,Tarde,Estaba solo,Vió televisión,"Entretenimiento (radio, televisión, computadora, juego en casa)",1,1,1,1,2,8,8,Casa donde vive,15,60,14:00:00,,60,60,60,60,120,480,480,
Paola151211Margarita8,Paola151211Margarita,Paola151211Margarita8,Tarde,Estaba solo,Hizo tareas domésticas,"Tareas domésticas (comida, cuida a los hijos, mascotas)",1,1,1,1,2,8,7,Casa donde vive,15,30,15:00:00,,30,30,30,30,60,240,210,
Paola151211Margarita9,Paola151211Margarita,Paola151211Margarita9,Tarde,Estaba solo,"Descansó (siesta,tomar mate, té o café)","Dedicación personal (comió, bañó, descansó)",1,1,1,1,1,9,9,Casa donde vive,15,120,16:00:00,,120,120,120,120,120,1080,1080,
Paola151211Margarita10,Paola151211Margarita,Paola151211Margarita10,Tarde,Con sus hijos jóvenes o nietos,Comió,"Dedicación personal (comió, bañó, descansó)",1,1,1,1,1,8,9,Casa donde vive,15,120,18:00:00,9,120,120,120,120,120,960,1080,1080
Paola151211Margarita11,Paola151211Margarita,Paola151211Margarita11,Noche,Estaba solo,Vió televisión,"Entretenimiento (radio, televisión, computadora, juego en casa)",1,1,1,1,1,8,8,Casa donde vive,15,60,19:00:00,,60,60,60,60,60,480,480,
Paola151211santiago1,Paola151211santiago,Paola151211santiago1,Mañana,Con otros familiares,Se baño o arregló,"Dedicación personal (comió, bañó, descansó)",5,3,1,1,5,7,1,Casa donde vive,15,25,8:00:00,9,125,75,25,25,125,175,25,225
Paola151211santiago2,Paola151211santiago,Paola151211santiago2,Mañana,Estaba solo,Caminó a algún lado,"Viajó a algún lado (coche, caminando, bicicleta)",5,4,1,1,5,7,8,"Viajó a algún lado (coche, caminando, bicicleta)",15,15,8:00:00,,75,60,15,15,75,105,120,
Paola151211santiago3,Paola151211santiago,Paola151211santiago3,Mañana,Con compañeros de trabajo / escuela / club,Trabajó,Trabajó,1,1,1,1,5,8,5,Lugar de trabajo,15,480,12:00:00,9,480,480,480,480,2400,3840,2400,4320
Paola151211santiago4,Paola151211santiago,Paola151211santiago4,Tarde,Estaba solo,Caminó a algún lado,"Viajó a algún lado (coche, caminando, bicicleta)",5,3,1,1,5,7,8,"Viajó a algún lado (coche, caminando, bicicleta)",2,15,16:00:00,,75,45,15,15,75,105,120,
Paola151211santiago5,Paola151211santiago,Paola151211santiago5,Tarde,Estaba solo,Se baño o arregló,"Dedicación personal (comió, bañó, descansó)",5,4,1,1,5,7,10,Casa de los padres,2,20,17:00:00,,100,80,20,20,100,140,200,
Paola151211santiago6,Paola151211santiago,Paola151211santiago6,Tarde,Con amigos,Viajó en coche/colectivo/moto,"Viajó a algún lado (coche, caminando, bicicleta)",4,4,1,1,5,7,8,"Viajó a algún lado (coche, caminando, bicicleta)",15,10,17:00:00,9,40,40,10,10,50,70,80,90
Paola151211santiago7,Paola151211santiago,Paola151211santiago7,Tarde,Con sus hijos jóvenes o nietos,Cuidó a los niños,"Tareas domésticas (comida, cuida a los hijos, mascotas)",3,1,1,1,5,7,9,Casa donde vive,15,180,18:00:00,9,540,180,180,180,900,1260,1620,1620
Paola151211santiago8,Paola151211santiago,Paola151211santiago8,Noche,Con sus hijos jóvenes o nietos,Preparó comida,"Tareas domésticas (comida, cuida a los hijos, mascotas)",3,1,1,1,5,7,9,Casa donde vive,15,30,20:00:00,10,90,30,30,30,150,210,270,300
Paola151211santiago9,Paola151211santiago,Paola151211santiago9,Noche,Con sus hijos jóvenes o nietos,Comió,"Dedicación personal (comió, bañó, descansó)",3,1,1,1,5,8,9,Casa donde vive,15,30,21:00:00,9,90,30,30,30,150,240,270,270
Paola151211santiago10,Paola151211santiago,Paola151211santiago10,Noche,Con sus hijos jóvenes o nietos,Cuidó a los niños,"Tareas domésticas (comida, cuida a los hijos, mascotas)",2,1,1,1,4,8,10,Casa donde vive,15,60,21:00:00,10,120,60,60,60,240,480,600,600
Paola161201Facundo1,Paola161201Facundo,Paola161201Facundo1,Mañana,Estaba solo,Se baño o arregló,"Dedicación personal (comió, bañó, descansó)",5,10,6,5,10,3,9,Casa donde vive,16,5,8:00:00,,25,50,30,25,50,15,45,
Paola161201Facundo2,Paola161201Facundo,Paola161201Facundo2,Mañana,Estaba solo,Comió,"Dedicación personal (comió, bañó, descansó)",4,9,7,5,10,3,8,Casa donde vive,16,10,8:00:00,,40,90,70,50,100,30,80,
Paola161201Facundo3,Paola161201Facundo,Paola161201Facundo3,Mañana,Estaba solo,Viajó en coche/colectivo/moto,"Viajó a algún lado (coche, caminando, bicicleta)",9,9,8,1,9,1,4,"Viajó a algún lado (coche, caminando, bicicleta)",9,5,8:00:00,,45,45,40,5,45,5,20,
Paola161201Facundo4,Paola161201Facundo,Paola161201Facundo4,Mañana,Con compañeros de trabajo / escuela / club,Trabajó,Trabajó,9,7,7,1,9,3,5,Lugar de trabajo,9,195,10:00:00,9,1755,1365,1365,195,1755,585,975,1755
Paola161201Facundo5,Paola161201Facundo,Paola161201Facundo5,Mañana,Estaba solo,Viajó en coche/colectivo/moto,"Viajó a algún lado (coche, caminando, bicicleta)",9,9,8,1,9,2,5,"Viajó a algún lado (coche, caminando, bicicleta)",16,15,11:00:00,,135,135,120,15,135,30,75,
Paola161201Facundo6,Paola161201Facundo,Paola161201Facundo6,Mañana,Estaba solo,Comió,"Dedicación personal (comió, bañó, descansó)",9,9,7,1,9,1,6,Casa donde vive,16,40,12:00:00,,360,360,280,40,360,40,240,
Paola161201Facundo7,Paola161201Facundo,Paola161201Facundo7,Tarde,Estaba solo,Viajó en coche/colectivo/moto,"Viajó a algún lado (coche, caminando, bicicleta)",10,10,6,2,10,2,2,"Viajó a algún lado (coche, caminando, bicicleta)",4,15,12:00:00,,150,150,90,30,150,30,30,
Paola161201Facundo8,Paola161201Facundo,Paola161201Facundo8,Tarde,Con compañeros de trabajo / escuela / club,Estudio,Leyó o estudió,5,5,1,1,5,5,1,"Escuela, Campus, u otro establecimiento educativo",4,100,13:00:00,7,500,500,100,100,500,500,100,700
Paola161201Facundo9,Paola161201Facundo,Paola161201Facundo9,Tarde,Con compañeros de trabajo / escuela / club,Leyó / Estudió,Leyó o estudió,5,5,5,1,5,6,6,"Escuela, Campus, u otro establecimiento educativo",4,180,16:00:00,8,900,900,900,180,900,1080,1080,1440
Paola161201Facundo10,Paola161201Facundo,Paola161201Facundo10,Noche,Con compañeros de trabajo / escuela / club,Estudio,Leyó o estudió,5,5,3,1,3,8,8,"Escuela, Campus, u otro establecimiento educativo",4,180,19:00:00,9,900,900,540,180,540,1440,1440,1620
Paola161201Facundo11,Paola161201Facundo,Paola161201Facundo11,Noche,Estaba solo,Viajó en coche/colectivo/moto,"Viajó a algún lado (coche, caminando, bicicleta)",2,3,2,1,3,8,9,"Viajó a algún lado (coche, caminando, bicicleta)",16,15,20:00:00,,30,45,30,15,45,120,135,
Paola161201Facundo12,Paola161201Facundo,Paola161201Facundo12,Noche,Con amigos,Comió,"Dedicación personal (comió, bañó, descansó)",1,1,1,1,3,9,9,Casa donde vive,16,300,23:00:00,10,300,300,300,300,900,2700,2700,3000
Paola2315Bernardo1,Paola2315Bernardo,Paola2315Bernardo1,Mañana,Estaba solo,Se baño o arregló,"Dedicación personal (comió, bañó, descansó)",1,4,2,2,2,9,2,Casa donde vive,2,2,8:00:00,,2,8,4,4,4,18,4,
Paola2315Bernardo2,Paola2315Bernardo,Paola2315Bernardo2,Mañana,Con su pareja,Preparó comida,"Tareas domésticas (comida, cuida a los hijos, mascotas)",2,4,2,2,2,10,9,Casa donde vive,2,50,9:00:00,9,100,200,100,100,100,500,450,450
Paola2315Bernardo3,Paola2315Bernardo,Paola2315Bernardo3,Mañana,Estaba solo,Vió televisión,"Entretenimiento (radio, televisión, computadora, juego en casa)",2,8,8,2,2,5,9,Casa donde vive,2,30,9:00:00,,60,240,240,60,60,150,270,
Paola2315Bernardo4,Paola2315Bernardo,Paola2315Bernardo4,Mañana,Estaba solo,Preparó comida,"Tareas domésticas (comida, cuida a los hijos, mascotas)",2,4,2,2,2,6,6,Casa donde vive,2,60,10:00:00,,120,240,120,120,120,360,360,
Paola2315Bernardo5,Paola2315Bernardo,Paola2315Bernardo5,Tarde,Estaba solo,Comió,"Dedicación personal (comió, bañó, descansó)",2,2,2,2,2,9,7,Casa donde vive,2,20,11:00:00,,40,40,40,40,40,180,140,
Paola2315Bernardo6,Paola2315Bernardo,Paola2315Bernardo6,Tarde,Estaba solo,"Descansó (siesta,tomar mate, té o café)","Dedicación personal (comió, bañó, descansó)",2,2,2,2,2,9,5,Casa donde vive,2,100,12:00:00,,200,200,200,200,200,900,500,
Paola2315Bernardo7,Paola2315Bernardo,Paola2315Bernardo7,Tarde,Estaba solo,Viajó en coche/colectivo/moto,"Viajó a algún lado (coche, caminando, bicicleta)",2,2,2,2,2,8,5,"Viajó a algún lado (coche, caminando, bicicleta)",11,10,13:00:00,,20,20,20,20,20,80,50,
Paola2315Bernardo8,Paola2315Bernardo,Paola2315Bernardo8,Tarde,Con amigos,Hizo ejercicio o dio paseo,Hizo ejercicio o dio paseo,5,2,5,2,6,6,7,Clubes deportivos,11,90,13:00:00,9,450,180,450,180,540,540,630,810
Paola2315Bernardo9,Paola2315Bernardo,Paola2315Bernardo9,Tarde,Con amigos,Viajó en coche/colectivo/moto,"Viajó a algún lado (coche, caminando, bicicleta)",2,2,2,2,2,8,9,"Viajó a algún lado (coche, caminando, bicicleta)",11,5,14:00:00,9,10,10,10,10,10,40,45,45
Paola2315Bernardo10,Paola2315Bernardo,Paola2315Bernardo10,Tarde,Con amigos,Comió,"Dedicación personal (comió, bañó, descansó)",2,2,2,2,2,8,9,Casa de amigos,11,150,15:00:00,9,300,300,300,300,300,1200,1350,1350
Paola2315Bernardo11,Paola2315Bernardo,Paola2315Bernardo11,Noche,Estaba solo,Viajó en coche/colectivo/moto,"Viajó a algún lado (coche, caminando, bicicleta)",2,4,2,2,2,9,8,"Viajó a algún lado (coche, caminando, bicicleta)",2,10,17:00:00,,20,40,20,20,20,90,80,
Paola2315Bernardo12,Paola2315Bernardo,Paola2315Bernardo12,Noche,Estaba solo,Se baño o arregló,"Dedicación personal (comió, bañó, descansó)",2,4,2,2,2,8,8,Casa donde vive,2,20,17:00:00,,40,80,40,40,40,160,160,
Paola2315Bernardo13,Paola2315Bernardo,Paola2315Bernardo13,Noche,Con otros familiares,Viajó en coche/colectivo/moto,"Viajó a algún lado (coche, caminando, bicicleta)",2,4,2,2,2,9,8,"Viajó a algún lado (coche, caminando, bicicleta)",11,15,17:00:00,9,30,60,30,30,30,135,120,135
Paola2315Bernardo14,Paola2315Bernardo,Paola2315Bernardo14,Noche,Con otros familiares,Viajó en coche/colectivo/moto,"Viajó a algún lado (coche, caminando, bicicleta)",2,5,2,2,2,8,8,"Viajó a algún lado (coche, caminando, bicicleta)",8,25,18:00:00,9,50,125,50,50,50,200,200,225
Paola2315Bernardo15,Paola2315Bernardo,Paola2315Bernardo15,Noche,Con otros familiares,Comió,"Dedicación personal (comió, bañó, descansó)",2,2,2,2,2,9,9,Casa de parientes,8,240,20:00:00,10,480,480,480,480,480,2160,2160,2400
Paola2315Bernardo16,Paola2315Bernardo,Paola2315Bernardo16,Noche,Con su pareja,Viajó en coche/colectivo/moto,"Viajó a algún lado (coche, caminando, bicicleta)",2,3,2,2,2,8,8,"Viajó a algún lado (coche, caminando, bicicleta)",2,30,22:00:00,9,60,90,60,60,60,240,240,270
Paola2412Olga1,Paola2412Olga,Paola2412Olga1,Mañana,Estaba solo,Se baño o arregló,"Dedicación personal (comió, bañó, descansó)",2,2,6,2,2,7,8,Casa donde vive,2,20,8:00:00,,40,40,120,40,40,140,160,
Paola2412Olga2,Paola2412Olga,Paola2412Olga2,Mañana,Estaba solo,Comió,"Dedicación personal (comió, bañó, descansó)",2,2,5,2,3,7,7,Casa donde vive,2,60,8:00:00,,120,120,300,120,180,420,420,
Paola2412Olga3,Paola2412Olga,Paola2412Olga3,Mañana,Estaba solo,Entretetenimiento con la computadora,"Entretenimiento (radio, televisión, computadora, juego en casa)",2,2,2,2,5,6,7,Casa donde vive,2,90,10:00:00,,180,180,180,180,450,540,630,
Paola2412Olga4,Paola2412Olga,Paola2412Olga4,Mañana,Destinatario de nuestra actividad laboral (Cliente / paciente / alumno),Trabajó,Trabajó,4,2,2,2,7,9,8,Casa donde vive,2,150,12:00:00,9,600,300,300,300,1050,1350,1200,1350
Paola2412Olga5,Paola2412Olga,Paola2412Olga5,Tarde,Estaba solo,Comió,"Dedicación personal (comió, bañó, descansó)",2,5,2,2,2,7,7,Casa donde vive,2,25,13:00:00,,50,125,50,50,50,175,175,
Paola2412Olga6,Paola2412Olga,Paola2412Olga6,Tarde,Estaba solo,Leyó / Estudió,Leyó o estudió,2,2,1,1,1,"7,29674537332483",8,Casa donde vive,2,180,15:00:00,,360,360,180,180,180,"1313,41416719847",1440,
Paola2412Olga7,Paola2412Olga,Paola2412Olga7,Tarde,"Personal de servicios, responsables de nuestra actividad, extraños ",Viajó en coche/colectivo/moto,"Viajó a algún lado (coche, caminando, bicicleta)",2,5,2,2,2,6,5,"Viajó a algún lado (coche, caminando, bicicleta)",13,10,16:00:00,8,20,50,20,20,20,60,50,80
Paola2412Olga8,Paola2412Olga,Paola2412Olga8,Tarde,Con compañeros de trabajo / escuela / club,Hizo ejercicio o dio paseo,Hizo ejercicio o dio paseo,2,4,2,2,3,8,9,Clubes deportivos,13,60,17:00:00,7,120,240,120,120,180,480,540,420
Paola2412Olga9,Paola2412Olga,Paola2412Olga9,Noche,"Personal de servicios, responsables de nuestra actividad, extraños ",Viajó en coche/colectivo/moto,"Viajó a algún lado (coche, caminando, bicicleta)",2,4,2,2,4,7,6,"Viajó a algún lado (coche, caminando, bicicleta)",2,15,18:00:00,7,30,60,30,30,60,105,90,105
Paola2412Olga10,Paola2412Olga,Paola2412Olga10,Noche,"Personal de servicios, responsables de nuestra actividad, extraños ",Habló con alguien,"Relaciones sociales (Charlar, cuidar, actividad religiosa, otras relaciones)",5,6,5,2,5,7,5,Casa donde vive,2,20,18:00:00,6,100,120,100,40,100,140,100,120
Paola2412Olga11,Paola2412Olga,Paola2412Olga11,Noche,Estaba solo,Viajó en coche/colectivo/moto,"Viajó a algún lado (coche, caminando, bicicleta)",2,4,2,2,2,7,7,"Viajó a algún lado (coche, caminando, bicicleta)",12,20,18:00:00,,40,80,40,40,40,140,140,
Paola2412Olga12,Paola2412Olga,Paola2412Olga12,Noche,Con compañeros de trabajo / escuela / club,Trabajó,Trabajó,2,4,3,2,2,7,8,Casa de cliente,12,90,19:00:00,8,180,360,270,180,180,630,720,720
Paola2412Olga13,Paola2412Olga,Paola2412Olga13,Noche,Con compañeros de trabajo / escuela / club,Viajó en coche/colectivo/moto,"Viajó a algún lado (coche, caminando, bicicleta)",2,2,2,2,2,7,5,"Viajó a algún lado (coche, caminando, bicicleta)",2,20,20:00:00,9,40,40,40,40,40,140,100,180
Paola2412Olga14,Paola2412Olga,Paola2412Olga14,Noche,Estaba solo,Comió,"Dedicación personal (comió, bañó, descansó)",2,2,2,2,2,8,7,Casa donde vive,2,30,20:00:00,,60,60,60,60,60,240,210,
Paola2412Olga15,Paola2412Olga,Paola2412Olga15,Noche,Estaba solo,Entretetenimiento con la computadora,"Entretenimiento (radio, televisión, computadora, juego en casa)",2,2,2,2,2,9,9,Casa donde vive,2,90,21:00:00,,180,180,180,180,180,810,810,
Paola2413Ayelén1,Paola2413Ayelén,Paola2413Ayelén1,Mañana,Con otros familiares,Se baño o arregló,"Dedicación personal (comió, bañó, descansó)",4,8,9,1,8,7,5,Casa donde vive,2,15,9:00:00,9,60,120,135,15,120,105,75,135
Paola2413Ayelén2,Paola2413Ayelén,Paola2413Ayelén2,Mañana,Con otros familiares,Comió,"Dedicación personal (comió, bañó, descansó)",4,8,7,1,8,7,6,Casa donde vive,2,15,9:00:00,9,60,120,105,15,120,105,90,135
Paola2413Ayelén3,Paola2413Ayelén,Paola2413Ayelén3,Mañana,Con otros familiares,Viajó en coche/colectivo/moto,"Viajó a algún lado (coche, caminando, bicicleta)",1,1,4,1,3,8,9,"Viajó a algún lado (coche, caminando, bicicleta)",12,10,9:00:00,9,10,10,40,10,30,80,90,90
Paola2413Ayelén4,Paola2413Ayelén,Paola2413Ayelén4,Mañana,Con compañeros de trabajo / escuela / club,Trabajó,Trabajó,1,1,4,1,3,8,9,Lugar de trabajo,12,300,12:00:00,9,300,300,1200,300,900,2400,2700,2700
Paola2413Ayelén5,Paola2413Ayelén,Paola2413Ayelén5,Tarde,Con otros familiares,Viajó en coche/colectivo/moto,"Viajó a algún lado (coche, caminando, bicicleta)",1,1,4,1,3,10,9,"Viajó a algún lado (coche, caminando, bicicleta)",2,10,15:00:00,9,10,10,40,10,30,100,90,90
Paola2413Ayelén6,Paola2413Ayelén,Paola2413Ayelén6,Tarde,Estaba solo,Comió,"Dedicación personal (comió, bañó, descansó)",1,1,2,1,1,9,9,Casa donde vive,2,15,15:00:00,,15,15,30,15,15,135,135,
Paola2413Ayelén7,Paola2413Ayelén,Paola2413Ayelén7,Tarde,Estaba solo,"Descansó (siesta,tomar mate, té o café)","Dedicación personal (comió, bañó, descansó)",1,1,1,1,1,8,9,Casa donde vive,2,120,16:00:00,,120,120,120,120,120,960,1080,
Paola2413Ayelén8,Paola2413Ayelén,Paola2413Ayelén8,Tarde,Con otros familiares,Comió,"Dedicación personal (comió, bañó, descansó)",1,2,3,1,3,8,9,Casa donde vive,2,60,17:00:00,9,60,120,180,60,180,480,540,540
Paola2413Ayelén9,Paola2413Ayelén,Paola2413Ayelén9,Noche,Estaba solo,Viajó en coche/colectivo/moto,"Viajó a algún lado (coche, caminando, bicicleta)",1,3,3,1,3,8,10,"Viajó a algún lado (coche, caminando, bicicleta)",16,20,18:00:00,,20,60,60,20,60,160,200,
Paola2413Ayelén10,Paola2413Ayelén,Paola2413Ayelén10,Noche,Estaba solo,Hizo tareas domésticas,"Tareas domésticas (comida, cuida a los hijos, mascotas)",1,1,2,1,3,8,8,Casa  de novio/a,16,40,19:00:00,,40,40,80,40,120,320,320,
Paola2413Ayelén11,Paola2413Ayelén,Paola2413Ayelén11,Noche,Estaba solo,Vió televisión,"Entretenimiento (radio, televisión, computadora, juego en casa)",1,1,1,1,3,7,8,Casa  de novio/a,16,120,20:00:00,,120,120,120,120,360,840,960,
Paola2413Ayelén12,Paola2413Ayelén,Paola2413Ayelén12,Noche,Con amigos,Comió,"Dedicación personal (comió, bañó, descansó)",1,1,1,1,1,9,10,Casa  de novio/a,16,240,23:00:00,10,240,240,240,240,240,2160,2400,2400
Paola2413Sergio1,Paola2413Sergio,Paola2413Sergio1,Mañana,Con pareja e hijos,Se baño o arregló,"Dedicación personal (comió, bañó, descansó)",6,6,7,1,7,8,9,Casa donde vive,2,10,6:00:00,9,60,60,70,10,70,80,90,90
Paola2413Sergio2,Paola2413Sergio,Paola2413Sergio2,Mañana,Con pareja e hijos,Comió,"Dedicación personal (comió, bañó, descansó)",6,6,7,1,7,8,9,Casa donde vive,2,45,7:00:00,9,270,270,315,45,315,360,405,405
Paola2413Sergio3,Paola2413Sergio,Paola2413Sergio3,Mañana,Estaba solo,Caminó a algún lado,"Viajó a algún lado (coche, caminando, bicicleta)",5,8,4,1,2,7,9,"Viajó a algún lado (coche, caminando, bicicleta)",2,20,7:00:00,,100,160,80,20,40,140,180,
Paola2413Sergio4,Paola2413Sergio,Paola2413Sergio4,Mañana,Con compañeros de trabajo / escuela / club,Trabajó,Trabajó,7,7,4,1,1,7,10,Lugar de trabajo,2,480,11:00:00,10,3360,3360,1920,480,480,3360,4800,4800
Paola2413Sergio5,Paola2413Sergio,Paola2413Sergio5,Tarde,Estaba solo,Caminó a algún lado,"Viajó a algún lado (coche, caminando, bicicleta)",5,6,4,1,2,8,8,"Viajó a algún lado (coche, caminando, bicicleta)",2,30,16:00:00,,150,180,120,30,60,240,240,
Paola2413Sergio6,Paola2413Sergio,Paola2413Sergio6,Tarde,Estaba solo,Se baño o arregló,"Dedicación personal (comió, bañó, descansó)",2,5,3,1,2,8,8,Casa donde vive,2,15,16:00:00,,30,75,45,15,30,120,120,
Paola2413Sergio7,Paola2413Sergio,Paola2413Sergio7,Tarde,Estaba solo,Entretetenimiento con la computadora,"Entretenimiento (radio, televisión, computadora, juego en casa)",2,3,4,1,4,8,9,Casa donde vive,2,60,17:00:00,,120,180,240,60,240,480,540,
Paola2413Sergio8,Paola2413Sergio,Paola2413Sergio8,Noche,Estaba solo,Viajó en coche/colectivo/moto,"Viajó a algún lado (coche, caminando, bicicleta)",3,6,6,1,6,7,5,"Viajó a algún lado (coche, caminando, bicicleta)",6,60,18:00:00,,180,360,360,60,360,420,300,
Paola2413Sergio9,Paola2413Sergio,Paola2413Sergio9,Noche,Con compañeros de trabajo / escuela / club,Leyó / Estudió,Leyó o estudió,1,1,1,1,1,7,10,"Escuela, Campus, u otro establecimiento educativo",6,120,19:00:00,,120,120,120,120,120,840,1200,
Paola2413Sergio10,Paola2413Sergio,Paola2413Sergio10,Noche,Estaba solo,Viajó en coche/colectivo/moto,"Viajó a algún lado (coche, caminando, bicicleta)",7,10,7,1,7,6,2,"Viajó a algún lado (coche, caminando, bicicleta)",2,45,20:00:00,,315,450,315,45,315,270,90,
Paola2414Karina1,Paola2414Karina,Paola2414Karina1,Mañana,Con sus hijos adultos,Se baño o arregló,"Dedicación personal (comió, bañó, descansó)",1,8,1,1,1,7,7,Casa donde vive,2,10,9:00:00,9,10,80,10,10,10,70,70,90
Paola2414Karina2,Paola2414Karina,Paola2414Karina2,Mañana,Con sus hijos adultos,Comió,"Dedicación personal (comió, bañó, descansó)","2,65732484076433","3,05887969446213","1,82854406130268","1,62559846792212","2,55303514376997","7,29674537332483","7,95789473684211",Casa donde vive,2,20,9:00:00,9,"53,1464968152866","61,1775938892425","36,5708812260536","32,5119693584424","51,0607028753994","145,934907466497","159,157894736842",180
Paola2414Karina3,Paola2414Karina,Paola2414Karina3,Mañana,Con sus hijos adultos,Hizo tareas domésticas,"Tareas domésticas (comida, cuida a los hijos, mascotas)","2,65732484076433","3,05887969446213","1,82854406130268","1,62559846792212","2,55303514376997","7,29674537332483","7,95789473684211",Casa donde vive,2,60,10:00:00,,"159,43949044586","183,532781667728","109,712643678161","97,5359080753272","153,182108626198","437,80472239949","477,473684210526",
Paola2414Karina4,Paola2414Karina,Paola2414Karina4,Mañana,Estaba solo,Viajó en coche/colectivo/moto,"Viajó a algún lado (coche, caminando, bicicleta)",1,3,1,1,2,8,8,"Viajó a algún lado (coche, caminando, bicicleta)",3,30,11:00:00,,30,90,30,30,60,240,240,
Paola2414Karina5,Paola2414Karina,Paola2414Karina5,Mañana,Estaba solo,Viajó en coche/colectivo/moto,"Viajó a algún lado (coche, caminando, bicicleta)",1,1,1,1,2,8,7,"Viajó a algún lado (coche, caminando, bicicleta)",2,10,11:00:00,,10,10,10,10,20,80,70,
Paola2414Karina6,Paola2414Karina,Paola2414Karina6,Mañana,Estaba solo,"Descansó (siesta,tomar mate, té o café)","Dedicación personal (comió, bañó, descansó)",1,1,1,1,3,8,9,Casa donde vive,2,30,11:00:00,,30,30,30,30,90,240,270,
Paola2414Karina7,Paola2414Karina,Paola2414Karina7,Tarde,Estaba solo,Preparó comida,"Tareas domésticas (comida, cuida a los hijos, mascotas)",1,3,1,1,1,8,8,Casa donde vive,2,60,12:00:00,,60,180,60,60,60,480,480,
Paola2414Karina8,Paola2414Karina,Paola2414Karina8,Tarde,Con otros familiares,Comió,"Dedicación personal (comió, bañó, descansó)",1,1,1,1,2,8,9,Casa donde vive,2,15,13:00:00,9,15,15,15,15,30,120,135,135
Paola2414Karina9,Paola2414Karina,Paola2414Karina9,Tarde,Con sus hijos jóvenes o nietos,Viajó en coche/colectivo/moto,"Viajó a algún lado (coche, caminando, bicicleta)",1,3,1,1,2,8,8,"Viajó a algún lado (coche, caminando, bicicleta)",12,10,13:00:00,10,10,30,10,10,20,80,80,100
Paola2414Karina10,Paola2414Karina,Paola2414Karina10,Tarde,Estaba solo,Viajó en coche/colectivo/moto,"Viajó a algún lado (coche, caminando, bicicleta)",1,1,1,1,1,9,8,"Viajó a algún lado (coche, caminando, bicicleta)",2,10,13:00:00,,10,10,10,10,10,90,80,
Paola2414Karina11,Paola2414Karina,Paola2414Karina11,Tarde,Con pareja e hijos,Hizo tareas domésticas,"Tareas domésticas (comida, cuida a los hijos, mascotas)",1,1,1,1,2,8,8,Casa donde vive,2,90,14:00:00,,90,90,90,90,180,720,720,
Paola2414Karina12,Paola2414Karina,Paola2414Karina12,Tarde,Con amigos,"Descansó (siesta,tomar mate, té o café)","Dedicación personal (comió, bañó, descansó)",1,1,1,1,2,9,10,Casa donde vive,2,90,16:00:00,10,90,90,90,90,180,810,900,900
Paola2414Karina13,Paola2414Karina,Paola2414Karina13,Tarde,Con sus hijos adultos,Viajó en coche/colectivo/moto,"Viajó a algún lado (coche, caminando, bicicleta)",1,1,1,1,1,8,10,"Viajó a algún lado (coche, caminando, bicicleta)",12,15,16:00:00,9,15,15,15,15,15,120,150,135
Paola2414Karina14,Paola2414Karina,Paola2414Karina14,Tarde,Con sus hijos adultos,Fue de compras,Compras,1,1,1,1,1,8,9,Comercio de ropa u otro tipo de comercio de compras,12,105,17:00:00,,105,105,105,105,105,840,945,
Paola2414Karina15,Paola2414Karina,Paola2414Karina15,Noche,Con sus hijos adultos,Viajó en coche/colectivo/moto,"Viajó a algún lado (coche, caminando, bicicleta)",1,1,1,1,1,9,8,"Viajó a algún lado (coche, caminando, bicicleta)",2,10,18:00:00,10,10,10,10,10,10,90,80,100
Paola2414Karina16,Paola2414Karina,Paola2414Karina16,Noche,Con su pareja,Preparó comida,"Tareas domésticas (comida, cuida a los hijos, mascotas)",1,1,1,1,3,8,8,Casa donde vive,2,120,19:00:00,9,120,120,120,120,360,960,960,1080
Paola2414Karina17,Paola2414Karina,Paola2414Karina17,Noche,Con amigos,Comió,"Dedicación personal (comió, bañó, descansó)",1,1,1,1,1,9,10,Casa donde vive,2,180,22:00:00,10,180,180,180,180,180,1620,1800,1800
Paola2414Karina18,Paola2414Karina,Paola2414Karina18,Noche,Con sus hijos adultos,Viajó en coche/colectivo/moto,"Viajó a algún lado (coche, caminando, bicicleta)",1,1,1,1,1,8,7,"Viajó a algún lado (coche, caminando, bicicleta)",2,15,0:00:00,9,15,15,15,15,15,120,105,135
Paola2414Karina19,Paola2414Karina,Paola2414Karina19,Noche,Estaba solo,Viajó en coche/colectivo/moto,"Viajó a algún lado (coche, caminando, bicicleta)",1,3,1,1,2,9,7,"Viajó a algún lado (coche, caminando, bicicleta)",2,15,0:00:00,,15,45,15,15,30,135,105,
Paola3313Martín1,Paola3313Martín,Paola3313Martín1,Mañana,Estaba solo,Se baño o arregló,"Dedicación personal (comió, bañó, descansó)",4,10,4,1,4,1,5,Casa donde vive,3,5,7:00:00,,20,50,20,5,20,5,25,
Paola3313Martín2,Paola3313Martín,Paola3313Martín2,Mañana,Estaba solo,Comió,"Dedicación personal (comió, bañó, descansó)",4,9,4,1,3,8,7,Casa donde vive,3,25,8:00:00,,100,225,100,25,75,200,175,
Paola3313Martín3,Paola3313Martín,Paola3313Martín3,Mañana,Estaba solo,Viajó en coche/colectivo/moto,"Viajó a algún lado (coche, caminando, bicicleta)",4,7,3,1,3,8,5,"Viajó a algún lado (coche, caminando, bicicleta)",12,15,8:00:00,,60,105,45,15,45,120,75,
Paola3313Martín4,Paola3313Martín,Paola3313Martín4,Mañana,Con compañeros de trabajo / escuela / club,Trabajó,Trabajó,3,3,1,1,4,6,7,Lugar de trabajo,12,300,10:00:00,10,900,900,300,300,1200,1800,2100,3000
Paola3313Martín5,Paola3313Martín,Paola3313Martín5,Tarde,Estaba solo,Viajó en coche/colectivo/moto,"Viajó a algún lado (coche, caminando, bicicleta)",2,3,1,1,3,8,7,"Viajó a algún lado (coche, caminando, bicicleta)",6,20,13:00:00,,40,60,20,20,60,160,140,
Paola3313Martín6,Paola3313Martín,Paola3313Martín6,Tarde,Con compañeros de trabajo / escuela / club,Hizo ejercicio o dio paseo,Hizo ejercicio o dio paseo,1,1,1,1,1,9,10,Cancha de futbol,6,120,14:00:00,9,120,120,120,120,120,1080,1200,1080
Paola3313Martín7,Paola3313Martín,Paola3313Martín7,Tarde,Estaba solo,Viajó en coche/colectivo/moto,"Viajó a algún lado (coche, caminando, bicicleta)",1,1,1,1,2,8,7,"Viajó a algún lado (coche, caminando, bicicleta)",3,15,15:00:00,,15,15,15,15,30,120,105,
Paola3313Martín8,Paola3313Martín,Paola3313Martín8,Tarde,Con otros familiares,Comió,"Dedicación personal (comió, bañó, descansó)",1,1,1,1,2,8,8,Casa donde vive,3,15,16:00:00,9,15,15,15,15,30,120,120,135
Paola3313Martín9,Paola3313Martín,Paola3313Martín9,Tarde,Estaba solo,"Descansó (siesta,tomar mate, té o café)","Dedicación personal (comió, bañó, descansó)",1,1,1,1,3,9,9,Casa donde vive,3,60,16:00:00,,60,60,60,60,180,540,540,
Paola3313Martín10,Paola3313Martín,Paola3313Martín10,Tarde,Con su pareja,Comió,"Dedicación personal (comió, bañó, descansó)",1,1,1,1,1,8,9,Casa donde vive,3,120,18:00:00,9,120,120,120,120,120,960,1080,1080
Paola3313Martín11,Paola3313Martín,Paola3313Martín11,Noche,Con su pareja,Viajó en coche/colectivo/moto,"Viajó a algún lado (coche, caminando, bicicleta)",1,4,2,1,1,8,8,"Viajó a algún lado (coche, caminando, bicicleta)",4,15,19:00:00,9,15,60,30,15,15,120,120,135
Paola3313Martín12,Paola3313Martín,Paola3313Martín12,Noche,Con compañeros de trabajo / escuela / club,Estudio,Leyó o estudió,1,1,1,1,4,8,7,"Escuela, Campus, u otro establecimiento educativo",4,90,20:00:00,9,90,90,90,90,360,720,630,810
Paola3313Martín13,Paola3313Martín,Paola3313Martín13,Noche,Con su pareja,Viajó en coche/colectivo/moto,"Viajó a algún lado (coche, caminando, bicicleta)",1,3,1,1,2,9,9,"Viajó a algún lado (coche, caminando, bicicleta)",15,15,21:00:00,9,15,45,15,15,30,135,135,135
Paola3313Martín14,Paola3313Martín,Paola3313Martín14,Noche,Con pareja e hijos,Comió,"Dedicación personal (comió, bañó, descansó)",1,1,1,1,1,9,9,Casa  de novio/a,15,60,21:00:00,9,60,60,60,60,60,540,540,540
Paola3313Martín15,Paola3313Martín,Paola3313Martín15,Noche,Con su pareja,Vió televisión,"Entretenimiento (radio, televisión, computadora, juego en casa)",1,1,1,1,1,9,9,Casa  de novio/a,15,120,23:00:00,9,120,120,120,120,120,1080,1080,1080
Paola3313Martín16,Paola3313Martín,Paola3313Martín16,Noche,Estaba solo,Viajó en coche/colectivo/moto,"Viajó a algún lado (coche, caminando, bicicleta)",1,4,1,1,1,8,7,"Viajó a algún lado (coche, caminando, bicicleta)",3,15,0:00:00,,15,60,15,15,15,120,105,
Paola3314Ximena1,Paola3314Ximena,Paola3314Ximena1,Mañana,Estaba solo,Se baño o arregló,"Dedicación personal (comió, bañó, descansó)",4,7,1,1,2,7,1,Casa donde vive,3,10,7:00:00,,40,70,10,10,20,70,10,
Paola3314Ximena2,Paola3314Ximena,Paola3314Ximena2,Mañana,Con sus hijos jóvenes o nietos,Viajó en coche/colectivo/moto,"Viajó a algún lado (coche, caminando, bicicleta)",4,8,1,1,1,7,4,"Viajó a algún lado (coche, caminando, bicicleta)",3,10,7:00:00,9,40,80,10,10,10,70,40,90
Paola3314Ximena3,Paola3314Ximena,Paola3314Ximena3,Mañana,Estaba solo,Viajó en coche/colectivo/moto,"Viajó a algún lado (coche, caminando, bicicleta)",4,8,1,1,1,7,4,"Viajó a algún lado (coche, caminando, bicicleta)",3,10,7:00:00,,40,80,10,10,10,70,40,
Paola3314Ximena4,Paola3314Ximena,Paola3314Ximena4,Mañana,Con pareja e hijos,Cuidó a los niños,"Tareas domésticas (comida, cuida a los hijos, mascotas)",4,6,1,1,4,7,4,Casa donde vive,3,15,7:00:00,9,60,90,15,15,60,105,60,135
Paola3314Ximena5,Paola3314Ximena,Paola3314Ximena5,Mañana,Estaba solo,Comió,"Dedicación personal (comió, bañó, descansó)",1,1,1,1,1,8,9,Casa donde vive,3,45,8:00:00,,45,45,45,45,45,360,405,
Paola3314Ximena6,Paola3314Ximena,Paola3314Ximena6,Mañana,Estaba solo,Viajó en coche/colectivo/moto,"Viajó a algún lado (coche, caminando, bicicleta)",1,3,1,1,3,7,5,"Viajó a algún lado (coche, caminando, bicicleta)",12,10,8:00:00,,10,30,10,10,30,70,50,
Paola3314Ximena7,Paola3314Ximena,Paola3314Ximena7,Mañana,Estaba solo,Fue de compras,Compras,1,3,1,1,4,7,7,Organismos de servicios privado ,12,90,9:00:00,,90,270,90,90,360,630,630,
Paola3314Ximena8,Paola3314Ximena,Paola3314Ximena8,Mañana,Estaba solo,Viajó en coche/colectivo/moto,"Viajó a algún lado (coche, caminando, bicicleta)",6,9,1,1,1,8,2,"Viajó a algún lado (coche, caminando, bicicleta)",3,10,10:00:00,,60,90,10,10,10,80,20,
Paola3314Ximena9,Paola3314Ximena,Paola3314Ximena9,Mañana,Estaba solo,Hizo tareas domésticas,"Tareas domésticas (comida, cuida a los hijos, mascotas)",6,9,1,1,7,5,5,Casa donde vive,3,80,11:00:00,,480,720,80,80,560,400,400,
Paola3314Ximena10,Paola3314Ximena,Paola3314Ximena10,Mañana,Estaba solo,Preparó comida,"Tareas domésticas (comida, cuida a los hijos, mascotas)",4,9,1,1,7,5,7,Casa donde vive,3,30,11:00:00,,120,270,30,30,210,150,210,
Paola3314Ximena11,Paola3314Ximena,Paola3314Ximena11,Tarde,Con sus hijos jóvenes o nietos,Viajó en coche/colectivo/moto,"Viajó a algún lado (coche, caminando, bicicleta)",9,9,1,1,7,5,7,"Viajó a algún lado (coche, caminando, bicicleta)",12,20,12:00:00,9,180,180,20,20,140,100,140,180
Paola3314Ximena12,Paola3314Ximena,Paola3314Ximena12,Tarde,Con sus hijos jóvenes o nietos,Viajó en coche/colectivo/moto,"Viajó a algún lado (coche, caminando, bicicleta)",7,7,1,1,7,5,7,"Viajó a algún lado (coche, caminando, bicicleta)",3,20,12:00:00,9,140,140,20,20,140,100,140,180
Paola3314Ximena13,Paola3314Ximena,Paola3314Ximena13,Tarde,Con pareja e hijos,Comió,"Dedicación personal (comió, bañó, descansó)",4,4,1,1,5,8,9,Casa donde vive,3,30,13:00:00,9,120,120,30,30,150,240,270,270
Paola3314Ximena14,Paola3314Ximena,Paola3314Ximena14,Tarde,Con sus hijos jóvenes o nietos,Viajó en coche/colectivo/moto,"Viajó a algún lado (coche, caminando, bicicleta)",3,7,1,1,6,8,7,"Viajó a algún lado (coche, caminando, bicicleta)",3,10,13:00:00,9,30,70,10,10,60,80,70,90
Paola3314Ximena15,Paola3314Ximena,Paola3314Ximena15,Tarde,Con su pareja,Comió,"Dedicación personal (comió, bañó, descansó)",3,3,1,1,3,8,9,Otros……..,3,120,14:00:00,9,360,360,120,120,360,960,1080,1080
Paola3314Ximena16,Paola3314Ximena,Paola3314Ximena16,Noche,Con pareja e hijos,Preparó comida,"Tareas domésticas (comida, cuida a los hijos, mascotas)",2,2,1,1,2,9,9,Otros……..,3,60,16:00:00,9,120,120,60,60,120,540,540,540
Paola3314Ximena17,Paola3314Ximena,Paola3314Ximena17,Noche,Con pareja e hijos,Comió,"Dedicación personal (comió, bañó, descansó)",1,1,1,1,2,9,9,Otros……..,3,120,17:00:00,9,120,120,120,120,240,1080,1080,1080
Paola61306Claudia1,Paola61306Claudia,Paola61306Claudia1,Mañana,Con su pareja,Se baño o arregló,"Dedicación personal (comió, bañó, descansó)",4,3,1,2,4,7,7,Casa donde vive,6,10,8:00:00,10,40,30,10,20,40,70,70,100
Paola61306Claudia2,Paola61306Claudia,Paola61306Claudia2,Mañana,Con pareja e hijos,Comió,"Dedicación personal (comió, bañó, descansó)",4,3,1,2,4,7,7,Casa donde vive,6,45,9:00:00,10,180,135,45,90,180,315,315,450
Paola61306Claudia3,Paola61306Claudia,Paola61306Claudia3,Mañana,Con amigos,Cuidó a los niños,"Tareas domésticas (comida, cuida a los hijos, mascotas)",4,3,1,2,4,7,7,Casa donde vive,6,30,9:00:00,9,120,90,30,60,120,210,210,270
Paola61306Claudia4,Paola61306Claudia,Paola61306Claudia4,Mañana,Estaba solo,Hizo tareas domésticas,"Tareas domésticas (comida, cuida a los hijos, mascotas)",4,2,1,1,4,7,7,Casa donde vive,6,120,10:00:00,,480,240,120,120,480,840,840,
Paola61306Claudia5,Paola61306Claudia,Paola61306Claudia5,Tarde,Con sus hijos adultos,Preparó comida,"Tareas domésticas (comida, cuida a los hijos, mascotas)",1,1,1,2,4,7,7,Casa donde vive,6,60,12:00:00,9,60,60,60,120,240,420,420,540
Paola61306Claudia6,Paola61306Claudia,Paola61306Claudia6,Tarde,Con pareja e hijos,Comió,"Dedicación personal (comió, bañó, descansó)",1,1,1,2,4,7,8,Casa donde vive,6,30,13:00:00,10,30,30,30,60,120,210,240,300
Paola61306Claudia7,Paola61306Claudia,Paola61306Claudia7,Tarde,Con pareja e hijos,Hizo tareas domésticas,"Tareas domésticas (comida, cuida a los hijos, mascotas)",1,1,1,2,4,7,8,Casa donde vive,6,60,13:00:00,9,60,60,60,120,240,420,480,540
Paola61306Claudia8,Paola61306Claudia,Paola61306Claudia8,Tarde,Con sus hijos adultos,Otra actividad de ocio,"Entretenimiento (radio, televisión, computadora, juego en casa)",1,1,1,2,4,8,9,Casa donde vive,6,150,15:00:00,9,150,150,150,300,600,1200,1350,1350
Paola61306Claudia9,Paola61306Claudia,Paola61306Claudia9,Tarde,Con sus hijos adultos,Vió televisión,"Entretenimiento (radio, televisión, computadora, juego en casa)",3,1,1,1,4,8,8,Casa donde vive,6,90,17:00:00,9,270,90,90,90,360,720,720,810
Paola61306Claudia10,Paola61306Claudia,Paola61306Claudia10,Noche,Con sus hijos adultos,Comió,"Dedicación personal (comió, bañó, descansó)",3,1,1,1,4,8,8,Casa donde vive,6,60,18:00:00,9,180,60,60,60,240,480,480,540
Paola61306Claudia11,Paola61306Claudia,Paola61306Claudia11,Noche,Con amigos,Cuidó a los niños,"Tareas domésticas (comida, cuida a los hijos, mascotas)",3,1,1,1,4,8,8,Casa donde vive,6,60,19:00:00,9,180,60,60,60,240,480,480,540
Paola61306Claudia12,Paola61306Claudia,Paola61306Claudia12,Noche,Con su pareja,Otra actividad de ocio,"Entretenimiento (radio, televisión, computadora, juego en casa)",4,1,1,1,4,9,9,Casa donde vive,6,60,20:00:00,9,240,60,60,60,240,540,540,540
Paola61306Claudia13,Paola61306Claudia,Paola61306Claudia13,Noche,Con pareja e hijos,Comió,"Dedicación personal (comió, bañó, descansó)",3,1,1,1,4,9,9,Casa donde vive,6,30,21:00:00,9,90,30,30,30,120,270,270,270
Paola61306Claudia14,Paola61306Claudia,Paola61306Claudia14,Noche,Con pareja e hijos,"Descansó (siesta,tomar mate, té o café)","Dedicación personal (comió, bañó, descansó)",4,1,1,1,4,9,9,Casa donde vive,6,30,22:00:00,9,120,30,30,30,120,270,270,270
Paola61320Joaquin1,Paola61320Joaquin,Paola61320Joaquin1,Mañana,Estaba solo,Se baño o arregló,"Dedicación personal (comió, bañó, descansó)",2,2,2,2,2,9,7,Casa donde vive,6,30,11:00:00,,60,60,60,60,60,270,210,
Paola61320Joaquin2,Paola61320Joaquin,Paola61320Joaquin2,Mañana,Estaba solo,Entretetenimiento con la computadora,"Entretenimiento (radio, televisión, computadora, juego en casa)",2,2,2,2,2,9,7,Casa donde vive,6,60,12:00:00,,120,120,120,120,120,540,420,
Paola61320Joaquin3,Paola61320Joaquin,Paola61320Joaquin3,Tarde,Estaba solo,Comió,"Dedicación personal (comió, bañó, descansó)",2,2,2,2,2,8,8,Casa donde vive,6,20,12:00:00,,40,40,40,40,40,160,160,
Paola61320Joaquin4,Paola61320Joaquin,Paola61320Joaquin4,Tarde,Estaba solo,Viajó en bicicleta,"Viajó a algún lado (coche, caminando, bicicleta)",2,2,2,2,2,9,9,"Viajó a algún lado (coche, caminando, bicicleta)",10,15,13:00:00,,30,30,30,30,30,135,135,
Paola61320Joaquin5,Paola61320Joaquin,Paola61320Joaquin5,Tarde,Con compañeros de trabajo / escuela / club,Trabajó,Trabajó,6,2,2,2,2,8,7,Lugar de trabajo,10,480,17:00:00,9,2880,960,960,960,960,3840,3360,4320
Paola61320Joaquin6,Paola61320Joaquin,Paola61320Joaquin6,Noche,Estaba solo,Viajó en bicicleta,"Viajó a algún lado (coche, caminando, bicicleta)",2,2,2,2,2,9,9,"Viajó a algún lado (coche, caminando, bicicleta)",6,15,21:00:00,,30,30,30,30,30,135,135,
Paola61320Joaquin7,Paola61320Joaquin,Paola61320Joaquin7,Noche,Con su pareja,Preparó comida,"Tareas domésticas (comida, cuida a los hijos, mascotas)",2,2,2,2,2,8,8,Casa donde vive,6,150,22:00:00,9,300,300,300,300,300,1200,1200,1350
Paola61320Joaquin8,Paola61320Joaquin,Paola61320Joaquin8,Noche,Con su pareja,Habló con alguien,"Relaciones sociales (Charlar, cuidar, actividad religiosa, otras relaciones)",2,2,2,2,2,9,8,Casa donde vive,6,60,0:00:00,10,120,120,120,120,120,540,480,600
Paola71302Mariana1,Paola71302Mariana,Paola71302Mariana1,Mañana,Estaba solo,Se baño o arregló,"Dedicación personal (comió, bañó, descansó)",2,4,1,1,7,8,2,Casa donde vive,7,10,8:00:00,,20,40,10,10,70,80,20,
Paola71302Mariana2,Paola71302Mariana,Paola71302Mariana2,Mañana,Con otros familiares,Comió,"Dedicación personal (comió, bañó, descansó)",2,2,2,7,8,6,9,Casa donde vive,7,30,8:00:00,9,60,60,60,210,240,180,270,270
Paola71302Mariana3,Paola71302Mariana,Paola71302Mariana3,Mañana,Con otros familiares,Hizo tareas domésticas,"Tareas domésticas (comida, cuida a los hijos, mascotas)",2,4,1,1,7,8,2,Casa donde vive,7,180,10:00:00,9,360,720,180,180,1260,1440,360,1620
Paola71302Mariana4,Paola71302Mariana,Paola71302Mariana4,Tarde,Estaba solo,Comió,"Dedicación personal (comió, bañó, descansó)",2,4,1,1,6,8,7,Casa donde vive,7,20,12:00:00,,40,80,20,20,120,160,140,
Paola71302Mariana5,Paola71302Mariana,Paola71302Mariana5,Tarde,Estaba solo,Vió televisión,"Entretenimiento (radio, televisión, computadora, juego en casa)",3,3,1,1,6,8,7,Casa donde vive,7,90,13:00:00,,270,270,90,90,540,720,630,
Paola71302Mariana6,Paola71302Mariana,Paola71302Mariana6,Tarde,Estaba solo,"Descansó (siesta,tomar mate, té o café)","Dedicación personal (comió, bañó, descansó)",1,1,3,3,6,8,9,Casa donde vive,7,90,14:00:00,,90,90,270,270,540,720,810,
Paola71302Mariana7,Paola71302Mariana,Paola71302Mariana7,Tarde,Estaba solo,Se baño o arregló,"Dedicación personal (comió, bañó, descansó)",2,3,1,3,5,8,5,Casa donde vive,7,20,15:00:00,,40,60,20,60,100,160,100,
Paola71302Mariana8,Paola71302Mariana,Paola71302Mariana8,Tarde,Destinatario de nuestra actividad laboral (Cliente / paciente / alumno),Trabajó,Trabajó,2,2,2,3,4,8,7,Casa donde vive,7,240,17:00:00,9,480,480,480,720,960,1920,1680,2160
Paola71302Mariana9,Paola71302Mariana,Paola71302Mariana9,Noche,Con su pareja,Viajó en coche/colectivo/moto,"Viajó a algún lado (coche, caminando, bicicleta)",1,1,1,1,1,7,9,"Viajó a algún lado (coche, caminando, bicicleta)",FZ,50,20:00:00,9,50,50,50,50,50,350,450,450
Paola71302Mariana10,Paola71302Mariana,Paola71302Mariana10,Noche,Con otros familiares,Comió,"Dedicación personal (comió, bañó, descansó)",1,1,1,2,1,8,9,Casa de amigos,FZ,120,21:00:00,7,120,120,120,240,120,960,1080,840
Paola71302Mariana11,Paola71302Mariana,Paola71302Mariana11,Noche,Con su pareja,Viajó en coche/colectivo/moto,"Viajó a algún lado (coche, caminando, bicicleta)",1,5,1,1,1,7,8,"Viajó a algún lado (coche, caminando, bicicleta)",7,40,23:00:00,9,40,200,40,40,40,280,320,360
Paola71304Elida1,Paola71304Elida,Paola71304Elida1,Mañana,Estaba solo,Se baño o arregló,"Dedicación personal (comió, bañó, descansó)",1,4,1,1,1,7,5,Casa donde vive,7,10,8:00:00,,10,40,10,10,10,70,50,
Paola71304Elida2,Paola71304Elida,Paola71304Elida2,Mañana,Estaba solo,Comió,"Dedicación personal (comió, bañó, descansó)",1,4,1,1,1,7,7,Casa donde vive,7,30,8:00:00,,30,120,30,30,30,210,210,
Paola71304Elida3,Paola71304Elida,Paola71304Elida3,Mañana,Con sus hijos adultos,Trabajó,Trabajó,3,3,1,1,1,4,9,Casa donde vive,7,210,10:00:00,10,630,630,210,210,210,840,1890,2100
Paola71304Elida4,Paola71304Elida,Paola71304Elida4,Tarde,Estaba solo,Preparó comida,"Tareas domésticas (comida, cuida a los hijos, mascotas)",1,1,1,1,1,7,9,Casa donde vive,7,40,12:00:00,,40,40,40,40,40,280,360,
Paola71304Elida5,Paola71304Elida,Paola71304Elida5,Tarde,Estaba solo,Comió,"Dedicación personal (comió, bañó, descansó)",1,1,1,1,1,7,9,Casa donde vive,7,15,13:00:00,,15,15,15,15,15,105,135,
Paola71304Elida6,Paola71304Elida,Paola71304Elida6,Tarde,Estaba solo,Hizo tareas domésticas,"Tareas domésticas (comida, cuida a los hijos, mascotas)",1,1,1,1,1,7,7,Casa donde vive,7,60,13:00:00,,60,60,60,60,60,420,420,
Paola71304Elida7,Paola71304Elida,Paola71304Elida7,Tarde,Estaba solo,"Descansó (siesta,tomar mate, té o café)","Dedicación personal (comió, bañó, descansó)",1,1,1,1,1,9,9,Casa donde vive,7,60,14:00:00,,60,60,60,60,60,540,540,
Paola71304Elida8,Paola71304Elida,Paola71304Elida8,Tarde,Estaba solo,Se baño o arregló,"Dedicación personal (comió, bañó, descansó)",1,1,1,1,1,7,5,Casa donde vive,7,20,15:00:00,,20,20,20,20,20,140,100,
Paola71304Elida9,Paola71304Elida,Paola71304Elida9,Tarde,Con sus hijos adultos,Trabajó,Trabajó,3,1,1,1,3,7,9,Casa donde vive,7,300,18:00:00,,900,300,300,300,900,2100,2700,
Paola71304Elida10,Paola71304Elida,Paola71304Elida10,Noche,Estaba solo,Preparó comida,"Tareas domésticas (comida, cuida a los hijos, mascotas)",1,1,1,1,1,8,7,Casa donde vive,7,30,20:00:00,,30,30,30,30,30,240,210,
Paola71304Elida11,Paola71304Elida,Paola71304Elida11,Noche,Estaba solo,Comió,"Dedicación personal (comió, bañó, descansó)",1,1,1,1,1,7,9,Casa donde vive,7,30,21:00:00,,30,30,30,30,30,210,270,
Paola71304Elida12,Paola71304Elida,Paola71304Elida12,Noche,Estaba solo,Hizo tareas domésticas,"Tareas domésticas (comida, cuida a los hijos, mascotas)",1,1,1,1,1,7,7,Casa donde vive,7,60,22:00:00,,60,60,60,60,60,420,420,
Paola71304Elida13,Paola71304Elida,Paola71304Elida13,Noche,Estaba solo,Vió televisión,"Entretenimiento (radio, televisión, computadora, juego en casa)",1,1,1,1,1,9,8,Casa donde vive,7,60,23:00:00,,60,60,60,60,60,540,480,
Paola71304Roberto1,Paola71304Roberto,Paola71304Roberto1,Mañana,Estaba solo,Se baño o arregló,"Dedicación personal (comió, bañó, descansó)",1,5,2,1,4,7,6,Casa donde vive,7,10,7:00:00,,10,50,20,10,40,70,60,
Paola71304Roberto2,Paola71304Roberto,Paola71304Roberto2,Mañana,Con pareja e hijos,Comió,"Dedicación personal (comió, bañó, descansó)",1,7,1,1,4,8,8,Casa donde vive,7,20,7:00:00,9,20,140,20,20,80,160,160,180
Paola71304Roberto3,Paola71304Roberto,Paola71304Roberto3,Mañana,Con sus hijos jóvenes o nietos,Viajó en coche/colectivo/moto,"Viajó a algún lado (coche, caminando, bicicleta)",1,8,2,1,4,8,7,"Viajó a algún lado (coche, caminando, bicicleta)",13,15,7:00:00,10,15,120,30,15,60,120,105,150
Paola71304Roberto4,Paola71304Roberto,Paola71304Roberto4,Mañana,Estaba solo,Viajó en coche/colectivo/moto,"Viajó a algún lado (coche, caminando, bicicleta)",1,4,1,1,5,8,6,"Viajó a algún lado (coche, caminando, bicicleta)",12,5,7:00:00,,5,20,5,5,25,40,30,
Paola71304Roberto5,Paola71304Roberto,Paola71304Roberto5,Mañana,Con compañeros de trabajo / escuela / club,Hizo ejercicio o dio paseo,Hizo ejercicio o dio paseo,1,4,1,1,5,8,8,Gimnasio y spa,12,1,7:00:00,9,1,4,1,1,5,8,8,9
Paola71304Roberto6,Paola71304Roberto,Paola71304Roberto6,Mañana,Estaba solo,Viajó en coche/colectivo/moto,"Viajó a algún lado (coche, caminando, bicicleta)",1,6,1,1,5,6,6,"Viajó a algún lado (coche, caminando, bicicleta)",10,10,8:00:00,,10,60,10,10,50,60,60,
Paola71304Roberto7,Paola71304Roberto,Paola71304Roberto7,Mañana,Con compañeros de trabajo / escuela / club,Trabajó,Trabajó,4,5,2,1,5,8,7,Lugar de trabajo,10,180,9:00:00,9,720,900,360,180,900,1440,1260,1620
Paola71304Roberto8,Paola71304Roberto,Paola71304Roberto8,Mañana,Estaba solo,Viajó en coche/colectivo/moto,"Viajó a algún lado (coche, caminando, bicicleta)",1,5,1,1,1,7,6,"Viajó a algún lado (coche, caminando, bicicleta)",13,10,11:00:00,,10,50,10,10,10,70,60,
Paola71304Roberto9,Paola71304Roberto,Paola71304Roberto9,Tarde,Con sus hijos jóvenes o nietos,Viajó en coche/colectivo/moto,"Viajó a algún lado (coche, caminando, bicicleta)",1,3,1,1,4,8,9,"Viajó a algún lado (coche, caminando, bicicleta)",7,15,11:00:00,9,15,45,15,15,60,120,135,135
Paola71304Roberto10,Paola71304Roberto,Paola71304Roberto10,Tarde,Con pareja e hijos,Comió,"Dedicación personal (comió, bañó, descansó)",1,4,1,1,5,8,9,Casa donde vive,7,30,11:00:00,10,30,120,30,30,150,240,270,300
Paola71304Roberto11,Paola71304Roberto,Paola71304Roberto11,Tarde,Estaba solo,"Descansó (siesta,tomar mate, té o café)","Dedicación personal (comió, bañó, descansó)",1,1,1,1,3,8,9,Casa donde vive,7,70,12:00:00,,70,70,70,70,210,560,630,
Paola71304Roberto12,Paola71304Roberto,Paola71304Roberto12,Tarde,Estaba solo,Se baño o arregló,"Dedicación personal (comió, bañó, descansó)",1,4,1,1,1,8,8,Casa donde vive,7,10,13:00:00,,10,40,10,10,10,80,80,
Paola71304Roberto13,Paola71304Roberto,Paola71304Roberto13,Tarde,Estaba solo,Viajó en coche/colectivo/moto,"Viajó a algún lado (coche, caminando, bicicleta)",1,5,2,1,6,8,7,"Viajó a algún lado (coche, caminando, bicicleta)",10,5,13:00:00,,5,25,10,5,30,40,35,
Paola71304Roberto14,Paola71304Roberto,Paola71304Roberto14,Tarde,Con compañeros de trabajo / escuela / club,Trabajó,Trabajó,1,5,5,1,6,8,8,Lugar de trabajo,10,270,15:00:00,9,270,1350,1350,270,1620,2160,2160,2430
Paola71304Roberto15,Paola71304Roberto,Paola71304Roberto15,Noche,Estaba solo,Viajó en coche/colectivo/moto,"Viajó a algún lado (coche, caminando, bicicleta)",1,3,1,1,4,9,9,"Viajó a algún lado (coche, caminando, bicicleta)",2,20,18:00:00,,20,60,20,20,80,180,180,
Paola71304Roberto16,Paola71304Roberto,Paola71304Roberto16,Noche,Con amigos,Comió,"Dedicación personal (comió, bañó, descansó)",1,1,1,1,3,9,9,Clubes deportivos,2,210,20:00:00,9,210,210,210,210,630,1890,1890,1890
Paola71304Roberto17,Paola71304Roberto,Paola71304Roberto17,Noche,Estaba solo,Viajó en coche/colectivo/moto,"Viajó a algún lado (coche, caminando, bicicleta)",1,6,1,1,3,8,7,"Viajó a algún lado (coche, caminando, bicicleta)",7,20,21:00:00,,20,120,20,20,60,160,140,
Paola81215Carlos1,Paola81215Carlos,Paola81215Carlos1,Mañana,Estaba solo,Se baño o arregló,"Dedicación personal (comió, bañó, descansó)",4,4,4,2,2,8,4,Casa donde vive,8,10,5:00:00,,40,40,40,20,20,80,40,
Paola81215Carlos2,Paola81215Carlos,Paola81215Carlos2,Mañana,Estaba solo,Preparó comida,"Tareas domésticas (comida, cuida a los hijos, mascotas)",4,5,3,3,2,7,7,Casa donde vive,8,20,5:00:00,,80,100,60,60,40,140,140,
Paola81215Carlos3,Paola81215Carlos,Paola81215Carlos3,Mañana,Estaba solo,Viajó en coche/colectivo/moto,"Viajó a algún lado (coche, caminando, bicicleta)",2,2,2,2,2,6,6,"Viajó a algún lado (coche, caminando, bicicleta)",15,10,6:00:00,,20,20,20,20,20,60,60,
Paola81215Carlos4,Paola81215Carlos,Paola81215Carlos4,Mañana,Con compañeros de trabajo / escuela / club,Trabajó,Trabajó,2,5,3,2,2,6,8,Lugar de trabajo,15,480,10:00:00,9,960,2400,1440,960,960,2880,3840,4320
Paola81215Carlos5,Paola81215Carlos,Paola81215Carlos5,Tarde,Estaba solo,Viajó en coche/colectivo/moto,"Viajó a algún lado (coche, caminando, bicicleta)",2,5,2,2,2,8,5,"Viajó a algún lado (coche, caminando, bicicleta)",8,10,14:00:00,,20,50,20,20,20,80,50,
Paola81215Carlos6,Paola81215Carlos,Paola81215Carlos6,Tarde,Con su pareja,Comió,"Dedicación personal (comió, bañó, descansó)",5,2,2,2,2,9,9,Casa donde vive,8,45,14:00:00,9,225,90,90,90,90,405,405,405
Paola81215Carlos7,Paola81215Carlos,Paola81215Carlos7,Tarde,Estaba solo,"Descansó (siesta,tomar mate, té o café)","Dedicación personal (comió, bañó, descansó)",2,2,2,2,2,9,9,Casa donde vive,8,90,15:00:00,,180,180,180,180,180,810,810,
Paola81215Carlos8,Paola81215Carlos,Paola81215Carlos8,Tarde,Estaba solo,Se baño o arregló,"Dedicación personal (comió, bañó, descansó)",2,5,2,2,2,8,8,Casa donde vive,8,30,16:00:00,,60,150,60,60,60,240,240,
Paola81215Carlos9,Paola81215Carlos,Paola81215Carlos9,Noche,Con su pareja,"Descansó (siesta,tomar mate, té o café)","Dedicación personal (comió, bañó, descansó)",2,5,2,2,2,8,8,Casa donde vive,8,60,17:00:00,9,120,300,120,120,120,480,480,540
Paola81215Carlos10,Paola81215Carlos,Paola81215Carlos10,Noche,Con su pareja,Viajó en coche/colectivo/moto,"Viajó a algún lado (coche, caminando, bicicleta)",2,2,2,2,2,7,7,"Viajó a algún lado (coche, caminando, bicicleta)",10,30,18:00:00,9,60,60,60,60,60,210,210,270
Paola81215Carlos11,Paola81215Carlos,Paola81215Carlos11,Noche,Con su pareja,Viajó en coche/colectivo/moto,"Viajó a algún lado (coche, caminando, bicicleta)",2,2,2,2,2,6,6,"Viajó a algún lado (coche, caminando, bicicleta)",8,10,18:00:00,9,20,20,20,20,20,60,60,90
Paola81215Carlos12,Paola81215Carlos,Paola81215Carlos12,Noche,Con su pareja,Comió,"Dedicación personal (comió, bañó, descansó)",2,2,5,2,3,9,8,Casa donde vive,8,60,19:00:00,9,120,120,300,120,180,540,480,540
Paola81215Carlos13,Paola81215Carlos,Paola81215Carlos13,Noche,Con su pareja,Vió televisión,"Entretenimiento (radio, televisión, computadora, juego en casa)",2,2,2,2,2,8,7,Casa donde vive,8,60,20:00:00,9,120,120,120,120,120,480,420,540
Paola81215José1,Paola81215José,Paola81215José1,Mañana,Estaba solo,Se baño o arregló,"Dedicación personal (comió, bañó, descansó)",1,1,1,1,1,8,9,Casa donde vive,8,10,5:00:00,,10,10,10,10,10,80,90,
Paola81215José2,Paola81215José,Paola81215José2,Mañana,Con compañeros de trabajo / escuela / club,Trabajó,Trabajó,1,1,1,1,1,8,9,Casa donde vive,8,390,8:00:00,9,390,390,390,390,390,3120,3510,3510
Paola81215José3,Paola81215José,Paola81215José3,Tarde,Con compañeros de trabajo / escuela / club,Comió,"Dedicación personal (comió, bañó, descansó)",1,1,1,1,1,8,9,Casa donde vive,8,15,12:00:00,9,15,15,15,15,15,120,135,135
Paola81215José4,Paola81215José,Paola81215José4,Tarde,Con compañeros de trabajo / escuela / club,Trabajó,Trabajó,1,1,1,1,1,8,9,Casa donde vive,8,240,14:00:00,9,240,240,240,240,240,1920,2160,2160
Paola81215José5,Paola81215José,Paola81215José5,Tarde,Estaba solo,Viajó en coche/colectivo/moto,"Viajó a algún lado (coche, caminando, bicicleta)",1,1,1,1,1,8,9,"Viajó a algún lado (coche, caminando, bicicleta)",8,360,19:00:00,,360,360,360,360,360,2880,3240,
Paola81215José6,Paola81215José,Paola81215José6,Noche,Con su pareja,Comió,"Dedicación personal (comió, bañó, descansó)",1,1,1,1,1,10,10,Casa donde vive,8,30,22:00:00,9,30,30,30,30,30,300,300,270
Paola81215José7,Paola81215José,Paola81215José7,Noche,Con su pareja,Vió televisión,"Entretenimiento (radio, televisión, computadora, juego en casa)",1,1,1,1,1,10,10,Casa donde vive,8,30,23:00:00,10,30,30,30,30,30,300,300,300
Paola81215María1,Paola81215María,Paola81215María1,Mañana,Estaba solo,Se baño o arregló,"Dedicación personal (comió, bañó, descansó)",4,1,1,1,1,7,9,Casa donde vive,8,20,5:00:00,,80,20,20,20,20,140,180,
Paola81215María2,Paola81215María,Paola81215María2,Mañana,Estaba solo,Comió,"Dedicación personal (comió, bañó, descansó)",4,1,1,1,1,7,9,Casa donde vive,8,90,6:00:00,,360,90,90,90,90,630,810,
Paola81215María3,Paola81215María,Paola81215María3,Mañana,Estaba solo,Hizo tareas domésticas,"Tareas domésticas (comida, cuida a los hijos, mascotas)",3,1,1,1,1,7,8,Casa donde vive,8,240,9:00:00,,720,240,240,240,240,1680,1920,
Paola81215María4,Paola81215María,Paola81215María4,Mañana,Estaba solo,Preparó comida,"Tareas domésticas (comida, cuida a los hijos, mascotas)",3,3,1,1,1,7,9,Casa donde vive,8,60,11:00:00,,180,180,60,60,60,420,540,
Paola81215María5,Paola81215María,Paola81215María5,Tarde,Estaba solo,Comió,"Dedicación personal (comió, bañó, descansó)",3,1,1,1,1,7,8,Casa donde vive,8,60,12:00:00,,180,60,60,60,60,420,480,
Paola81215María6,Paola81215María,Paola81215María6,Tarde,Con su pareja,Cuidó a alguien,"Relaciones sociales (Charlar, cuidar, actividad religiosa, otras relaciones)",4,1,1,1,1,7,8,Casa donde vive,8,60,13:00:00,9,240,60,60,60,60,420,480,540
Paola81215María7,Paola81215María,Paola81215María7,Tarde,Con su pareja,Vió televisión,"Entretenimiento (radio, televisión, computadora, juego en casa)",1,2,1,1,1,7,9,Casa donde vive,8,60,14:00:00,9,60,120,60,60,60,420,540,540
Paola81215María8,Paola81215María,Paola81215María8,Tarde,Estaba solo,"Descansó (siesta,tomar mate, té o café)","Dedicación personal (comió, bañó, descansó)",1,1,1,1,2,9,9,Casa donde vive,8,30,15:00:00,,30,30,30,30,60,270,270,
Paola81215María9,Paola81215María,Paola81215María9,Tarde,Con su pareja,Comió,"Dedicación personal (comió, bañó, descansó)",1,1,1,1,1,8,8,Casa donde vive,8,60,16:00:00,9,60,60,60,60,60,480,480,540
Paola81215María10,Paola81215María,Paola81215María10,Tarde,Con su pareja,Viajó en coche/colectivo/moto,"Viajó a algún lado (coche, caminando, bicicleta)",1,3,1,1,1,8,9,"Viajó a algún lado (coche, caminando, bicicleta)",8,10,16:00:00,9,10,30,10,10,10,80,90,90
Paola81215María11,Paola81215María,Paola81215María11,Tarde,Con pareja e hijos,Comió,"Dedicación personal (comió, bañó, descansó)",1,1,1,1,1,8,10,Casa de parientes,8,150,18:00:00,10,150,150,150,150,150,1200,1500,1500
Paola81215María12,Paola81215María,Paola81215María12,Noche,Con pareja e hijos,Viajó en coche/colectivo/moto,"Viajó a algún lado (coche, caminando, bicicleta)",1,1,1,1,1,8,8,"Viajó a algún lado (coche, caminando, bicicleta)",8,10,19:00:00,10,10,10,10,10,10,80,80,100
Paola81215María13,Paola81215María,Paola81215María13,Noche,Con su pareja,Otra,"Relaciones sociales (Charlar, cuidar, actividad religiosa, otras relaciones)",1,1,1,1,1,8,8,Casa donde vive,8,15,19:00:00,10,15,15,15,15,15,120,120,150
Paola81215María14,Paola81215María,Paola81215María14,Noche,Estaba solo,Vió televisión,"Entretenimiento (radio, televisión, computadora, juego en casa)",1,1,1,1,1,8,8,Casa donde vive,8,90,20:00:00,,90,90,90,90,90,720,720,
Paola81219Guadalupe1,Paola81219Guadalupe,Paola81219Guadalupe1,Mañana,Estaba solo,Se baño o arregló,"Dedicación personal (comió, bañó, descansó)",1,1,1,1,1,9,9,Casa donde vive,8,10,10:00:00,,10,10,10,10,10,90,90,
Paola81219Guadalupe2,Paola81219Guadalupe,Paola81219Guadalupe2,Mañana,Estaba solo,Comió,"Dedicación personal (comió, bañó, descansó)",1,1,1,1,1,9,9,Casa donde vive,8,60,10:00:00,,60,60,60,60,60,540,540,
Paola81219Guadalupe3,Paola81219Guadalupe,Paola81219Guadalupe3,Mañana,Estaba solo,Se baño o arregló,"Dedicación personal (comió, bañó, descansó)",1,1,1,1,1,9,9,Casa donde vive,8,60,11:00:00,,60,60,60,60,60,540,540,
Paola81219Guadalupe4,Paola81219Guadalupe,Paola81219Guadalupe4,Tarde,Estaba solo,Comió,"Dedicación personal (comió, bañó, descansó)",1,1,1,1,1,7,9,Casa donde vive,8,30,12:00:00,,30,30,30,30,30,210,270,
Paola81219Guadalupe5,Paola81219Guadalupe,Paola81219Guadalupe5,Tarde,Estaba solo,Viajó en coche/colectivo/moto,"Viajó a algún lado (coche, caminando, bicicleta)",1,1,1,1,1,9,8,"Viajó a algún lado (coche, caminando, bicicleta)",12,30,12:00:00,,30,30,30,30,30,270,240,
Paola81219Guadalupe6,Paola81219Guadalupe,Paola81219Guadalupe6,Tarde,Con compañeros de trabajo / escuela / club,Trabajó,Trabajó,1,1,1,1,1,9,7,Lugar de trabajo,12,480,17:00:00,7,480,480,480,480,480,4320,3360,3360
Paola81219Guadalupe7,Paola81219Guadalupe,Paola81219Guadalupe7,Noche,Estaba solo,Viajó en coche/colectivo/moto,"Viajó a algún lado (coche, caminando, bicicleta)",1,4,1,1,1,8,4,"Viajó a algún lado (coche, caminando, bicicleta)",8,15,21:00:00,,15,60,15,15,15,120,60,
Paola81219Guadalupe8,Paola81219Guadalupe,Paola81219Guadalupe8,Noche,Con otros familiares,Comió,"Dedicación personal (comió, bañó, descansó)",1,1,1,1,1,9,9,Casa donde vive,8,30,21:00:00,9,30,30,30,30,30,270,270,270
Paola81219Guadalupe9,Paola81219Guadalupe,Paola81219Guadalupe9,Noche,Estaba solo,Se baño o arregló,"Dedicación personal (comió, bañó, descansó)",1,1,1,1,1,9,9,Casa donde vive,8,15,22:00:00,,15,15,15,15,15,135,135,
Paola9101Federico1,Paola9101Federico,Paola9101Federico1,Mañana,Estaba solo,Se baño o arregló,"Dedicación personal (comió, bañó, descansó)",7,1,4,1,4,7,2,Casa donde vive,9,60,8:00:00,,420,60,240,60,240,420,120,
Paola9101Federico2,Paola9101Federico,Paola9101Federico2,Mañana,Estaba solo,Viajó en coche/colectivo/moto,"Viajó a algún lado (coche, caminando, bicicleta)",3,6,2,1,4,7,2,"Viajó a algún lado (coche, caminando, bicicleta)",9,20,9:00:00,,60,120,40,20,80,140,40,
Paola9101Federico3,Paola9101Federico,Paola9101Federico3,Mañana,Con amigos,Trabajó,Trabajó,1,4,4,1,2,4,2,Organismos de servicios privado ,9,180,10:00:00,7,180,720,720,180,360,720,360,1260
Paola9101Federico4,Paola9101Federico,Paola9101Federico4,Tarde,Estaba solo,Caminó a algún lado,"Viajó a algún lado (coche, caminando, bicicleta)",2,4,1,1,4,9,9,"Viajó a algún lado (coche, caminando, bicicleta)",11,15,12:00:00,,30,60,15,15,60,135,135,
Paola9101Federico5,Paola9101Federico,Paola9101Federico5,Tarde,Estaba solo,Viajó en coche/colectivo/moto,"Viajó a algún lado (coche, caminando, bicicleta)",2,4,1,1,1,8,5,"Viajó a algún lado (coche, caminando, bicicleta)",9,20,12:00:00,,40,80,20,20,20,160,100,
Paola9101Federico6,Paola9101Federico,Paola9101Federico6,Tarde,Con otros familiares,Comió,"Dedicación personal (comió, bañó, descansó)",1,1,1,1,1,8,9,Casa donde vive,9,60,13:00:00,10,60,60,60,60,60,480,540,600
Paola9101Federico7,Paola9101Federico,Paola9101Federico7,Tarde,Estaba solo,Viajó en coche/colectivo/moto,"Viajó a algún lado (coche, caminando, bicicleta)",1,3,1,1,1,8,7,"Viajó a algún lado (coche, caminando, bicicleta)",13,10,14:00:00,,10,30,10,10,10,80,70,
Paola9101Federico8,Paola9101Federico,Paola9101Federico8,Tarde,Con compañeros de trabajo / escuela / club,Hizo ejercicio o dio paseo,Hizo ejercicio o dio paseo,1,1,1,1,1,8,9,Gimnasio y spa,13,60,14:00:00,9,60,60,60,60,60,480,540,540
Paola9101Federico9,Paola9101Federico,Paola9101Federico9,Tarde,Estaba solo,Viajó en coche/colectivo/moto,"Viajó a algún lado (coche, caminando, bicicleta)",1,1,1,1,1,8,7,"Viajó a algún lado (coche, caminando, bicicleta)",9,10,15:00:00,,10,10,10,10,10,80,70,
Paola9101Federico10,Paola9101Federico,Paola9101Federico10,Tarde,Con otros familiares,Otra actividad de ocio,"Entretenimiento (radio, televisión, computadora, juego en casa)",1,1,1,1,1,8,6,Casa donde vive,9,90,16:00:00,8,90,90,90,90,90,720,540,720
Paola9101Federico11,Paola9101Federico,Paola9101Federico11,Tarde,Estaba solo,Viajó en coche/colectivo/moto,"Viajó a algún lado (coche, caminando, bicicleta)",1,3,1,1,1,8,8,"Viajó a algún lado (coche, caminando, bicicleta)",11,15,16:00:00,,15,45,15,15,15,120,120,
Paola9101Federico12,Paola9101Federico,Paola9101Federico12,Noche,Destinatario de nuestra actividad laboral (Cliente / paciente / alumno),Trabajó,Trabajó,1,4,1,1,4,7,6,Casa de cliente,11,30,17:00:00,7,30,120,30,30,120,210,180,210
Paola9101Federico13,Paola9101Federico,Paola9101Federico13,Noche,Estaba solo,Viajó en coche/colectivo/moto,"Viajó a algún lado (coche, caminando, bicicleta)",1,3,1,1,1,8,8,"Viajó a algún lado (coche, caminando, bicicleta)",9,10,17:00:00,,10,30,10,10,10,80,80,
Paola9101Federico14,Paola9101Federico,Paola9101Federico14,Noche,Estaba solo,Otra actividad de ocio,"Entretenimiento (radio, televisión, computadora, juego en casa)",1,1,1,1,1,8,8,Casa donde vive,9,105,18:00:00,,105,105,105,105,105,840,840,
Paola9101Federico15,Paola9101Federico,Paola9101Federico15,Noche,Estaba solo,Viajó en coche/colectivo/moto,"Viajó a algún lado (coche, caminando, bicicleta)",1,3,1,1,1,10,10,"Viajó a algún lado (coche, caminando, bicicleta)",2,15,19:00:00,,15,45,15,15,15,150,150,
Paola9101Federico16,Paola9101Federico,Paola9101Federico16,Noche,Con amigos,Hizo ejercicio o dio paseo,Hizo ejercicio o dio paseo,1,1,1,1,1,9,10,Gimnasio y spa,2,90,20:00:00,10,90,90,90,90,90,810,900,900
Paola9101Federico17,Paola9101Federico,Paola9101Federico17,Noche,Estaba solo,Viajó en coche/colectivo/moto,"Viajó a algún lado (coche, caminando, bicicleta)",1,1,1,1,1,9,10,"Viajó a algún lado (coche, caminando, bicicleta)",9,15,21:00:00,,15,15,15,15,15,135,150,
Paola9101Federico18,Paola9101Federico,Paola9101Federico18,Noche,Con otros familiares,Comió,"Dedicación personal (comió, bañó, descansó)",1,1,1,1,1,10,10,Casa donde vive,9,10,21:00:00,9,10,10,10,10,10,100,100,90
Paola9101Federico19,Paola9101Federico,Paola9101Federico19,Noche,Estaba solo,Se baño o arregló,"Dedicación personal (comió, bañó, descansó)",1,1,1,1,1,9,9,Casa donde vive,9,15,21:00:00,,15,15,15,15,15,135,135,
Paola9101Victoria1,Paola9101Victoria,Paola9101Victoria1,Mañana,Estaba solo,Se baño o arregló,"Dedicación personal (comió, bañó, descansó)",1,4,1,1,1,7,9,Casa donde vive,9,10,7:00:00,,10,40,10,10,10,70,90,
Paola9101Victoria2,Paola9101Victoria,Paola9101Victoria2,Mañana,Estaba solo,Comió,"Dedicación personal (comió, bañó, descansó)",1,5,1,1,2,7,9,Casa donde vive,9,10,7:00:00,,10,50,10,10,20,70,90,
Paola9101Victoria3,Paola9101Victoria,Paola9101Victoria3,Mañana,Estaba solo,Viajó en coche/colectivo/moto,"Viajó a algún lado (coche, caminando, bicicleta)",2,5,1,1,3,8,8,"Viajó a algún lado (coche, caminando, bicicleta)",5,20,8:00:00,,40,100,20,20,60,160,160,
Paola9101Victoria4,Paola9101Victoria,Paola9101Victoria4,Mañana,Con compañeros de trabajo / escuela / club,Trabajó,Trabajó,2,6,1,1,3,8,9,Lugar de trabajo,5,360,11:00:00,9,720,2160,360,360,1080,2880,3240,3240
Paola9101Victoria5,Paola9101Victoria,Paola9101Victoria5,Tarde,Estaba solo,Viajó en coche/colectivo/moto,"Viajó a algún lado (coche, caminando, bicicleta)",1,3,2,1,3,8,8,"Viajó a algún lado (coche, caminando, bicicleta)",9,20,14:00:00,,20,60,40,20,60,160,160,
Paola9101Victoria6,Paola9101Victoria,Paola9101Victoria6,Tarde,Estaba solo,Comió,"Dedicación personal (comió, bañó, descansó)",1,1,1,1,4,8,9,Casa donde vive,9,20,14:00:00,,20,20,20,20,80,160,180,
Paola9101Victoria7,Paola9101Victoria,Paola9101Victoria7,Tarde,Estaba solo,"Descansó (siesta,tomar mate, té o café)","Dedicación personal (comió, bañó, descansó)",1,1,1,1,2,9,10,Casa donde vive,9,90,15:00:00,,90,90,90,90,180,810,900,
Paola9101Victoria8,Paola9101Victoria,Paola9101Victoria8,Tarde,Estaba solo,Vió televisión,"Entretenimiento (radio, televisión, computadora, juego en casa)",1,1,1,1,1,9,9,Casa donde vive,9,30,16:00:00,,30,30,30,30,30,270,270,
Paola9101Victoria9,Paola9101Victoria,Paola9101Victoria9,Tarde,Con amigos,Comió,"Dedicación personal (comió, bañó, descansó)",1,1,1,1,3,8,10,Casa donde vive,9,120,17:00:00,9,120,120,120,120,360,960,1200,1080
Paola9101Victoria10,Paola9101Victoria,Paola9101Victoria10,Noche,Con amigos,Caminó a algún lado,"Viajó a algún lado (coche, caminando, bicicleta)",1,3,1,1,1,9,8,"Viajó a algún lado (coche, caminando, bicicleta)",10,10,18:00:00,9,10,30,10,10,10,90,80,90
Paola9101Victoria11,Paola9101Victoria,Paola9101Victoria11,Noche,Con amigos,Fue de compras,Compras,1,1,3,1,3,8,6,"Supermercado, despensa, verdulería, carnicería, dietética",10,20,19:00:00,9,20,20,60,20,60,160,120,180
Paola9101Victoria12,Paola9101Victoria,Paola9101Victoria12,Noche,Con amigos,Caminó a algún lado,"Viajó a algún lado (coche, caminando, bicicleta)",1,3,1,1,3,8,6,"Viajó a algún lado (coche, caminando, bicicleta)",9,10,19:00:00,9,10,30,10,10,30,80,60,90
Paola9101Victoria13,Paola9101Victoria,Paola9101Victoria13,Noche,Con amigos,Preparó comida,"Tareas domésticas (comida, cuida a los hijos, mascotas)",1,1,1,1,1,9,10,Casa donde vive,9,90,20:00:00,9,90,90,90,90,90,810,900,810
Paola9101Victoria14,Paola9101Victoria,Paola9101Victoria14,Noche,Con amigos,Comió,"Dedicación personal (comió, bañó, descansó)",1,1,1,1,1,9,10,Casa donde vive,9,150,22:00:00,10,150,150,150,150,150,1350,1500,1500
Silvio10104Facundo1,Silvio10104Facundo,Silvio10104Facundo1,Mañana,Estaba solo,Preparó comida,"Tareas domésticas (comida, cuida a los hijos, mascotas)",7,8,1,1,7,4,4,Casa donde vive,10,20,7:00:00,,140,160,20,20,140,80,80,
Silvio10104Facundo2,Silvio10104Facundo,Silvio10104Facundo2,Mañana,Estaba solo,Viajó en coche/colectivo/moto,"Viajó a algún lado (coche, caminando, bicicleta)",7,7,1,1,4,4,4,"Viajó a algún lado (coche, caminando, bicicleta)",10,20,8:00:00,,140,140,20,20,80,80,80,
Silvio10104Facundo3,Silvio10104Facundo,Silvio10104Facundo3,Mañana,Con amigos,Estudio,Leyó o estudió,7,7,1,1,6,4,6,"Escuela, Campus, u otro establecimiento educativo",10,180,9:00:00,3,1260,1260,180,180,1080,720,1080,540
Silvio10104Facundo4,Silvio10104Facundo,Silvio10104Facundo4,Mañana,Con amigos,Comió,"Dedicación personal (comió, bañó, descansó)",1,1,1,1,1,9,9,"Escuela, Campus, u otro establecimiento educativo",10,50,11:00:00,10,50,50,50,50,50,450,450,500
Silvio10104Facundo5,Silvio10104Facundo,Silvio10104Facundo5,Tarde,Con amigos,Viajó en coche/colectivo/moto,"Viajó a algún lado (coche, caminando, bicicleta)",1,1,1,1,1,9,9,"Viajó a algún lado (coche, caminando, bicicleta)",10,20,12:00:00,9,20,20,20,20,20,180,180,180
Silvio10104Facundo6,Silvio10104Facundo,Silvio10104Facundo6,Tarde,Estaba solo,"Descansó (siesta,tomar mate, té o café)","Dedicación personal (comió, bañó, descansó)",1,1,1,1,1,9,9,Casa donde vive,10,210,14:00:00,,210,210,210,210,210,1890,1890,
Silvio10104Facundo7,Silvio10104Facundo,Silvio10104Facundo7,Tarde,Con amigos,Otra actividad de ocio,"Entretenimiento (radio, televisión, computadora, juego en casa)",1,1,1,1,1,10,9,Casa donde vive,10,180,17:00:00,9,180,180,180,180,180,1800,1620,1620
Silvio10104Facundo8,Silvio10104Facundo,Silvio10104Facundo8,Noche,Estaba solo,Viajó en coche/colectivo/moto,"Viajó a algún lado (coche, caminando, bicicleta)",1,1,1,1,1,7,6,"Viajó a algún lado (coche, caminando, bicicleta)",13,15,19:00:00,,15,15,15,15,15,105,90,
Silvio10104Facundo9,Silvio10104Facundo,Silvio10104Facundo9,Noche,Con amigos,Otra actividad de ocio,"Entretenimiento (radio, televisión, computadora, juego en casa)",1,1,3,1,3,9,9,Casa de amigos,13,135,20:00:00,9,135,135,405,135,405,1215,1215,1215
Silvio10104Facundo10,Silvio10104Facundo,Silvio10104Facundo10,Noche,Con amigos,Comió,"Dedicación personal (comió, bañó, descansó)",1,1,1,1,1,9,9,Casa de amigos,13,60,21:00:00,9,60,60,60,60,60,540,540,540
Silvio10104Facundo11,Silvio10104Facundo,Silvio10104Facundo11,Noche,Con amigos,Habló con alguien,"Relaciones sociales (Charlar, cuidar, actividad religiosa, otras relaciones)",1,1,1,1,1,10,9,Casa de amigos,13,240,0:00:00,9,240,240,240,240,240,2400,2160,2160
Silvio10104German1,Silvio10104German,Silvio10104German1,Mañana,Con sus hijos jóvenes o nietos,Preparó comida,"Tareas domésticas (comida, cuida a los hijos, mascotas)",1,8,1,1,1,8,6,Casa donde vive,10,30,7:00:00,10,30,240,30,30,30,240,180,300
Silvio10104German2,Silvio10104German,Silvio10104German2,Mañana,Estaba solo,Se baño o arregló,"Dedicación personal (comió, bañó, descansó)",1,8,1,1,1,8,7,Casa donde vive,10,40,7:00:00,,40,320,40,40,40,320,280,
Silvio10104German3,Silvio10104German,Silvio10104German3,Mañana,Con su pareja,Viajó en coche/colectivo/moto,"Viajó a algún lado (coche, caminando, bicicleta)",1,1,1,1,3,7,9,"Viajó a algún lado (coche, caminando, bicicleta)",13,15,8:00:00,9,15,15,15,15,45,105,135,135
Silvio10104German4,Silvio10104German,Silvio10104German4,Mañana,Con su pareja,Estudio,Leyó o estudió,1,8,1,1,4,8,10,"Escuela, Campus, u otro establecimiento educativo",13,80,8:00:00,10,80,640,80,80,320,640,800,800
Silvio10104German5,Silvio10104German,Silvio10104German5,Mañana,Estaba solo,Viajó en coche/colectivo/moto,"Viajó a algún lado (coche, caminando, bicicleta)",4,6,1,1,3,6,8,"Viajó a algún lado (coche, caminando, bicicleta)",14,15,9:00:00,,60,90,15,15,45,90,120,
Silvio10104German6,Silvio10104German,Silvio10104German6,Mañana,Destinatario de nuestra actividad laboral (Cliente / paciente / alumno),Trabajó,Trabajó,6,1,1,"1,62559846792212",6,6,8,Lugar de trabajo,14,150,11:00:00,9,900,150,150,"243,839770188318",900,900,1200,1350
Silvio10104German7,Silvio10104German,Silvio10104German7,Tarde,Con su pareja,Comió,"Dedicación personal (comió, bañó, descansó)",1,8,1,1,1,7,7,Lugar de trabajo,14,60,12:00:00,10,60,480,60,60,60,420,420,600
Silvio10104German8,Silvio10104German,Silvio10104German8,Tarde,Estaba solo,Viajó en coche/colectivo/moto,"Viajó a algún lado (coche, caminando, bicicleta)",3,4,1,1,3,7,8,"Viajó a algún lado (coche, caminando, bicicleta)",13,15,13:00:00,,45,60,15,15,45,105,120,
Silvio10104German9,Silvio10104German,Silvio10104German9,Tarde,"Personal de servicios, responsables de nuestra actividad, extraños ",Hizo ejercicio o dio paseo,Hizo ejercicio o dio paseo,1,7,1,1,5,9,7,Gimnasio y spa,13,90,14:00:00,8,90,630,90,90,450,810,630,720
Silvio10104German10,Silvio10104German,Silvio10104German10,Tarde,Estaba solo,Viajó en coche/colectivo/moto,"Viajó a algún lado (coche, caminando, bicicleta)",2,6,1,1,1,6,9,"Viajó a algún lado (coche, caminando, bicicleta)",10,15,15:00:00,,30,90,15,15,15,90,135,
Silvio10104German11,Silvio10104German,Silvio10104German11,Tarde,Estaba solo,Se baño o arregló,"Dedicación personal (comió, bañó, descansó)",1,8,1,1,1,5,9,Casa donde vive,10,30,15:00:00,,30,240,30,30,30,150,270,
Silvio10104German12,Silvio10104German,Silvio10104German12,Tarde,Estaba solo,Viajó en coche/colectivo/moto,"Viajó a algún lado (coche, caminando, bicicleta)",1,6,1,1,3,5,8,"Viajó a algún lado (coche, caminando, bicicleta)",14,20,15:00:00,,20,120,20,20,60,100,160,
Silvio10104German13,Silvio10104German,Silvio10104German13,Noche,Con amigos,Estudio,Leyó o estudió,5,6,3,1,2,6,7,Lugar de trabajo,14,180,17:00:00,10,900,1080,540,180,360,1080,1260,1800
Silvio10104German14,Silvio10104German,Silvio10104German14,Noche,Con pareja e hijos,Comió,"Dedicación personal (comió, bañó, descansó)",3,3,1,1,1,8,10,Lugar de trabajo,14,60,19:00:00,10,180,180,60,60,60,480,600,600
Silvio10104German15,Silvio10104German,Silvio10104German15,Noche,Estaba solo,Vió televisión,"Entretenimiento (radio, televisión, computadora, juego en casa)",9,1,8,1,8,4,5,Lugar de trabajo,14,60,20:00:00,,540,60,480,60,480,240,300,
Silvio10104Pachi1,Silvio10104Pachi,Silvio10104Pachi1,Mañana,Estaba solo,Se baño o arregló,"Dedicación personal (comió, bañó, descansó)",1,2,1,1,1,9,5,Casa donde vive,10,10,7:00:00,,10,20,10,10,10,90,50,
Silvio10104Pachi2,Silvio10104Pachi,Silvio10104Pachi2,Mañana,Estaba solo,Preparó comida,"Tareas domésticas (comida, cuida a los hijos, mascotas)",1,2,1,1,1,9,6,Casa donde vive,10,10,7:00:00,,10,20,10,10,10,90,60,
Silvio10104Pachi3,Silvio10104Pachi,Silvio10104Pachi3,Mañana,Estaba solo,Viajó en coche/colectivo/moto,"Viajó a algún lado (coche, caminando, bicicleta)",1,1,1,1,1,8,5,"Viajó a algún lado (coche, caminando, bicicleta)",4,30,7:00:00,,30,30,30,30,30,240,150,
Silvio10104Pachi4,Silvio10104Pachi,Silvio10104Pachi4,Mañana,Con amigos,Estudio,Leyó o estudió,1,1,1,1,2,8,5,"Escuela, Campus, u otro establecimiento educativo",4,180,9:00:00,8,180,180,180,180,360,1440,900,1440
Silvio10104Pachi5,Silvio10104Pachi,Silvio10104Pachi5,Mañana,Con amigos,Comió,"Dedicación personal (comió, bañó, descansó)",1,1,1,1,1,8,10,"Escuela, Campus, u otro establecimiento educativo",4,80,11:00:00,10,80,80,80,80,80,640,800,800
Silvio10104Pachi6,Silvio10104Pachi,Silvio10104Pachi6,Tarde,Con amigos,Estudio,Leyó o estudió,1,2,5,1,5,5,3,"Escuela, Campus, u otro establecimiento educativo",4,340,14:00:00,5,340,680,1700,340,1700,1700,1020,1700
Silvio10104Pachi7,Silvio10104Pachi,Silvio10104Pachi7,Noche,Con amigos,Viajó en coche/colectivo/moto,"Viajó a algún lado (coche, caminando, bicicleta)",1,1,1,1,1,8,8,"Viajó a algún lado (coche, caminando, bicicleta)",10,30,18:00:00,8,30,30,30,30,30,240,240,240
Silvio10104Pachi8,Silvio10104Pachi,Silvio10104Pachi8,Noche,Estaba solo,Se baño o arregló,"Dedicación personal (comió, bañó, descansó)",10,1,1,1,3,1,10,Casa donde vive,10,20,18:00:00,,200,20,20,20,60,20,200,
Silvio10104Pachi9,Silvio10104Pachi,Silvio10104Pachi9,Noche,Estaba solo,Vió televisión,"Entretenimiento (radio, televisión, computadora, juego en casa)",1,1,1,1,1,8,9,Casa donde vive,10,90,19:00:00,,90,90,90,90,90,720,810,
Silvio10104Pachi10,Silvio10104Pachi,Silvio10104Pachi10,Noche,Estaba solo,Preparó comida,"Tareas domésticas (comida, cuida a los hijos, mascotas)",1,1,1,1,1,8,6,Casa donde vive,10,45,20:00:00,,45,45,45,45,45,360,270,
Silvio10104Pachi11,Silvio10104Pachi,Silvio10104Pachi11,Noche,Estaba solo,Comió,"Dedicación personal (comió, bañó, descansó)",1,1,1,1,1,8,8,Casa donde vive,10,30,21:00:00,,30,30,30,30,30,240,240,
Silvio10104Pachi12,Silvio10104Pachi,Silvio10104Pachi12,Noche,Estaba solo,Hizo tareas domésticas,"Tareas domésticas (comida, cuida a los hijos, mascotas)",1,1,1,1,1,8,5,Casa donde vive,10,15,21:00:00,,15,15,15,15,15,120,75,
Silvio10104Pachi13,Silvio10104Pachi,Silvio10104Pachi13,Noche,Estaba solo,Se baño o arregló,"Dedicación personal (comió, bañó, descansó)",1,1,1,1,1,10,10,Casa donde vive,10,20,21:00:00,,20,20,20,20,20,200,200,
Silvio10105Josefina1,Silvio10105Josefina,Silvio10105Josefina1,Mañana,Estaba solo,Se baño o arregló,"Dedicación personal (comió, bañó, descansó)",1,10,1,1,1,1,6,Casa donde vive,10,10,7:00:00,,10,100,10,10,10,10,60,
Silvio10105Josefina2,Silvio10105Josefina,Silvio10105Josefina2,Mañana,Estaba solo,Fue de compras,Compras,1,10,1,1,1,6,6,Casa donde vive,10,10,7:00:00,,10,100,10,10,10,60,60,
Silvio10105Josefina3,Silvio10105Josefina,Silvio10105Josefina3,Mañana,Con compañeros de trabajo / escuela / club,Trabajó,Trabajó,1,1,1,1,1,9,9,Casa donde vive,10,480,11:00:00,10,480,480,480,480,480,4320,4320,4800
Silvio10105Josefina4,Silvio10105Josefina,Silvio10105Josefina4,Tarde,Estaba solo,Viajó en coche/colectivo/moto,"Viajó a algún lado (coche, caminando, bicicleta)",6,10,1,1,1,7,9,"Viajó a algún lado (coche, caminando, bicicleta)",10,10,15:00:00,,60,100,10,10,10,70,90,
Silvio10105Josefina5,Silvio10105Josefina,Silvio10105Josefina5,Tarde,Con amigos,Habló con alguien,"Relaciones sociales (Charlar, cuidar, actividad religiosa, otras relaciones)",1,1,1,1,1,10,10,Casa donde vive,10,90,16:00:00,10,90,90,90,90,90,900,900,900
Silvio10105Josefina6,Silvio10105Josefina,Silvio10105Josefina6,Tarde,Estaba solo,Trabajó,Trabajó,7,10,1,1,8,6,10,Casa donde vive,10,270,19:00:00,,1890,2700,270,270,2160,1620,2700,
Silvio10105Josefina7,Silvio10105Josefina,Silvio10105Josefina7,Noche,Estaba solo,Se baño o arregló,"Dedicación personal (comió, bañó, descansó)",7,10,1,1,6,6,7,Casa donde vive,10,15,21:00:00,,105,150,15,15,90,90,105,
Silvio10105Josefina8,Silvio10105Josefina,Silvio10105Josefina8,Noche,Estaba solo,Viajó en coche/colectivo/moto,"Viajó a algún lado (coche, caminando, bicicleta)",7,10,1,1,7,7,9,"Viajó a algún lado (coche, caminando, bicicleta)",12,10,21:00:00,,70,100,10,10,70,70,90,
Silvio10105Josefina9,Silvio10105Josefina,Silvio10105Josefina9,Noche,Con amigos,Otra actividad de ocio,"Entretenimiento (radio, televisión, computadora, juego en casa)",1,1,1,1,1,10,10,Bar o café,12,140,23:00:00,10,140,140,140,140,140,1400,1400,1400
Silvio10105Josefina10,Silvio10105Josefina,Silvio10105Josefina10,Noche,Estaba solo,Viajó en coche/colectivo/moto,"Viajó a algún lado (coche, caminando, bicicleta)",1,1,1,1,1,10,8,"Viajó a algún lado (coche, caminando, bicicleta)",10,10,0:00:00,,10,10,10,10,10,100,80,
Silvio10106Melina1,Silvio10106Melina,Silvio10106Melina1,Mañana,Con otros familiares,Preparó comida,"Tareas domésticas (comida, cuida a los hijos, mascotas)",1,4,2,1,5,1,4,Casa donde vive,10,15,9:00:00,8,15,60,30,15,75,15,60,120
Silvio10106Melina2,Silvio10106Melina,Silvio10106Melina2,Mañana,"Personal de servicios, responsables de nuestra actividad, extraños ",Estudio,Leyó o estudió,5,4,2,1,5,4,5,Casa donde vive,10,120,10:00:00,9,600,480,240,120,600,480,600,1080
Silvio10106Melina3,Silvio10106Melina,Silvio10106Melina3,Mañana,Estaba solo,Otra actividad de ocio,"Entretenimiento (radio, televisión, computadora, juego en casa)",1,2,1,1,1,6,8,Casa donde vive,10,105,12:00:00,,105,210,105,105,105,630,840,
Silvio10106Melina4,Silvio10106Melina,Silvio10106Melina4,Tarde,Con otros familiares,Comió,"Dedicación personal (comió, bañó, descansó)",2,4,1,1,1,8,7,Casa donde vive,10,30,13:00:00,9,60,120,30,30,30,240,210,270
Silvio10106Melina5,Silvio10106Melina,Silvio10106Melina5,Tarde,Con amigos,Viajó en coche/colectivo/moto,"Viajó a algún lado (coche, caminando, bicicleta)",2,5,1,1,1,5,7,"Viajó a algún lado (coche, caminando, bicicleta)",14,20,14:00:00,10,40,100,20,20,20,100,140,200
Silvio10106Melina6,Silvio10106Melina,Silvio10106Melina6,Tarde,Con amigos,Caminó a algún lado,"Viajó a algún lado (coche, caminando, bicicleta)",1,3,1,1,1,3,5,"Viajó a algún lado (coche, caminando, bicicleta)",11,20,14:00:00,9,20,60,20,20,20,60,100,180
Silvio10106Melina7,Silvio10106Melina,Silvio10106Melina7,Tarde,Con amigos,"Descansó (siesta,tomar mate, té o café)","Dedicación personal (comió, bañó, descansó)",4,7,5,2,5,4,6,Casa de amigos,11,20,14:00:00,9,80,140,100,40,100,80,120,180
Silvio10106Melina8,Silvio10106Melina,Silvio10106Melina8,Tarde,Con amigos,Habló con alguien,"Relaciones sociales (Charlar, cuidar, actividad religiosa, otras relaciones)",1,1,1,1,1,7,9,Casa de amigos,11,380,18:00:00,9,380,380,380,380,380,2660,3420,3420
Silvio10106Melina9,Silvio10106Melina,Silvio10106Melina9,Noche,Con amigos,Comió,"Dedicación personal (comió, bañó, descansó)",2,1,3,1,1,9,9,Casa de amigos,11,60,21:00:00,9,120,60,180,60,60,540,540,540
Silvio10106Melina10,Silvio10106Melina,Silvio10106Melina10,Noche,Con amigos,Otra actividad de ocio,"Entretenimiento (radio, televisión, computadora, juego en casa)",1,1,1,1,1,10,10,Casa de amigos,11,150,23:00:00,10,150,150,150,150,150,1500,1500,1500
Silvio10106Pedro1,Silvio10106Pedro,Silvio10106Pedro1,Mañana,Estaba solo,Se baño o arregló,"Dedicación personal (comió, bañó, descansó)",3,2,1,2,2,10,5,Casa donde vive,10,15,9:00:00,,45,30,15,30,30,150,75,
Silvio10106Pedro2,Silvio10106Pedro,Silvio10106Pedro2,Mañana,Estaba solo,Preparó comida,"Tareas domésticas (comida, cuida a los hijos, mascotas)",1,1,2,1,1,9,5,Casa donde vive,10,15,9:00:00,,15,15,30,15,15,135,75,
Silvio10106Pedro3,Silvio10106Pedro,Silvio10106Pedro3,Mañana,Con compañeros de trabajo / escuela / club,Trabajó,Trabajó,7,3,3,1,3,8,7,Casa donde vive,10,210,11:00:00,7,1470,630,630,210,630,1680,1470,1470
Silvio10106Pedro4,Silvio10106Pedro,Silvio10106Pedro4,Tarde,Estaba solo,Vió televisión,"Entretenimiento (radio, televisión, computadora, juego en casa)",1,1,1,1,1,8,7,Casa donde vive,10,60,13:00:00,,60,60,60,60,60,480,420,
Silvio10106Pedro5,Silvio10106Pedro,Silvio10106Pedro5,Tarde,Estaba solo,"Descansó (siesta,tomar mate, té o café)","Dedicación personal (comió, bañó, descansó)",1,1,1,1,1,8,10,Casa donde vive,10,120,14:00:00,,120,120,120,120,120,960,1200,
Silvio10106Pedro6,Silvio10106Pedro,Silvio10106Pedro6,Tarde,Estaba solo,Comió,"Dedicación personal (comió, bañó, descansó)",1,1,1,1,1,8,8,Casa donde vive,10,15,16:00:00,,15,15,15,15,15,120,120,
Silvio10106Pedro7,Silvio10106Pedro,Silvio10106Pedro7,Tarde,Estaba solo,Trabajó,Trabajó,1,1,1,1,1,8,8,Casa donde vive,10,70,16:00:00,,70,70,70,70,70,560,560,
Silvio10106Pedro8,Silvio10106Pedro,Silvio10106Pedro8,Noche,Estaba solo,Viajó en coche/colectivo/moto,"Viajó a algún lado (coche, caminando, bicicleta)",1,3,2,1,1,6,5,"Viajó a algún lado (coche, caminando, bicicleta)",3,15,17:00:00,,15,45,30,15,15,90,75,
Silvio10106Pedro9,Silvio10106Pedro,Silvio10106Pedro9,Noche,Con compañeros de trabajo / escuela / club,Hizo ejercicio o dio paseo,Hizo ejercicio o dio paseo,1,1,1,1,1,8,8,Clubes deportivos,3,60,18:00:00,8,60,60,60,60,60,480,480,480
Silvio10106Pedro10,Silvio10106Pedro,Silvio10106Pedro10,Noche,Estaba solo,Viajó en coche/colectivo/moto,"Viajó a algún lado (coche, caminando, bicicleta)",1,2,3,1,2,7,6,"Viajó a algún lado (coche, caminando, bicicleta)",10,15,18:00:00,,15,30,45,15,30,105,90,
Silvio10106Pedro11,Silvio10106Pedro,Silvio10106Pedro11,Noche,Estaba solo,Se baño o arregló,"Dedicación personal (comió, bañó, descansó)",1,1,1,1,1,7,9,Casa donde vive,10,10,18:00:00,,10,10,10,10,10,70,90,
Silvio10106Pedro12,Silvio10106Pedro,Silvio10106Pedro12,Noche,Estaba solo,Vió televisión,"Entretenimiento (radio, televisión, computadora, juego en casa)",1,1,1,1,2,7,9,Casa donde vive,10,180,20:00:00,,180,180,180,180,360,1260,1620,
Silvio10107Aymara1,Silvio10107Aymara,Silvio10107Aymara1,Mañana,Con su pareja,Preparó comida,"Tareas domésticas (comida, cuida a los hijos, mascotas)",1,7,1,1,1,9,7,Casa donde vive,10,20,10:00:00,10,20,140,20,20,20,180,140,200
Silvio10107Aymara2,Silvio10107Aymara,Silvio10107Aymara2,Mañana,"Personal de servicios, responsables de nuestra actividad, extraños ",Viajó en coche/colectivo/moto,"Viajó a algún lado (coche, caminando, bicicleta)",1,7,1,1,1,8,4,"Viajó a algún lado (coche, caminando, bicicleta)",10,15,10:00:00,6,15,105,15,15,15,120,60,90
Silvio10107Aymara3,Silvio10107Aymara,Silvio10107Aymara3,Mañana,Destinatario de nuestra actividad laboral (Cliente / paciente / alumno),Trabajó,Trabajó,1,5,1,1,1,7,8,Lugar de trabajo,10,300,13:00:00,8,300,1500,300,300,300,2100,2400,2400
Silvio10107Aymara4,Silvio10107Aymara,Silvio10107Aymara4,Tarde,Con compañeros de trabajo / escuela / club,Comió,"Dedicación personal (comió, bañó, descansó)",1,6,1,1,1,8,8,Lugar de trabajo,10,10,15:00:00,7,10,60,10,10,10,80,80,70
Silvio10107Aymara5,Silvio10107Aymara,Silvio10107Aymara5,Tarde,"Personal de servicios, responsables de nuestra actividad, extraños ",Caminó a algún lado,"Viajó a algún lado (coche, caminando, bicicleta)",12,1,6,10,1,1,1,"Viajó a algún lado (coche, caminando, bicicleta)",12,5,15:00:00,,60,5,30,50,5,5,5,
Silvio10107Aymara6,Silvio10107Aymara,Silvio10107Aymara6,Tarde,Con amigos,Otra actividad de ocio,"Entretenimiento (radio, televisión, computadora, juego en casa)",1,5,1,1,1,7,9,Lugar de trabajo,12,30,16:00:00,10,30,150,30,30,30,210,270,300
Silvio10107Aymara7,Silvio10107Aymara,Silvio10107Aymara7,Tarde,Con amigos,Caminó a algún lado,"Viajó a algún lado (coche, caminando, bicicleta)",1,4,1,1,1,9,10,"Viajó a algún lado (coche, caminando, bicicleta)",10,15,16:00:00,10,15,60,15,15,15,135,150,150
Silvio10107Aymara8,Silvio10107Aymara,Silvio10107Aymara8,Tarde,Con amigos,Otra actividad de ocio,"Entretenimiento (radio, televisión, computadora, juego en casa)",1,1,1,1,1,9,10,Otros……..,10,120,17:00:00,10,120,120,120,120,120,1080,1200,1200
Silvio10107Aymara9,Silvio10107Aymara,Silvio10107Aymara9,Noche,Con amigos,Caminó a algún lado,"Viajó a algún lado (coche, caminando, bicicleta)",1,1,1,1,1,9,9,"Viajó a algún lado (coche, caminando, bicicleta)",10,15,18:00:00,9,15,15,15,15,15,135,135,135
Silvio10107Aymara10,Silvio10107Aymara,Silvio10107Aymara10,Noche,Con amigos,Otra actividad de ocio,"Entretenimiento (radio, televisión, computadora, juego en casa)",1,1,1,1,1,8,9,Casa donde vive,10,180,20:00:00,9,180,180,180,180,180,1440,1620,1620
Silvio10107Aymara11,Silvio10107Aymara,Silvio10107Aymara11,Noche,Con amigos,Preparó comida,"Tareas domésticas (comida, cuida a los hijos, mascotas)",1,1,1,1,1,8,9,Casa donde vive,10,40,22:00:00,10,40,40,40,40,40,320,360,400
Silvio10107Aymara12,Silvio10107Aymara,Silvio10107Aymara12,Noche,Con su pareja,Se baño o arregló,"Dedicación personal (comió, bañó, descansó)",1,1,1,1,1,8,8,Casa donde vive,10,30,22:00:00,8,30,30,30,30,30,240,240,240
Silvio10110Mateo1,Silvio10110Mateo,Silvio10110Mateo1,Mañana,Estaba solo,Preparó comida,"Tareas domésticas (comida, cuida a los hijos, mascotas)",1,1,1,3,1,9,7,Casa donde vive,10,30,7:00:00,,30,30,30,90,30,270,210,
Silvio10110Mateo2,Silvio10110Mateo,Silvio10110Mateo2,Mañana,Estaba solo,Viajó en coche/colectivo/moto,"Viajó a algún lado (coche, caminando, bicicleta)",1,4,1,1,1,8,4,"Viajó a algún lado (coche, caminando, bicicleta)",10,30,7:00:00,,30,120,30,30,30,240,120,
Silvio10110Mateo3,Silvio10110Mateo,Silvio10110Mateo3,Mañana,Con amigos,Estudio,Leyó o estudió,5,2,4,1,3,7,10,Casa de cliente,10,180,9:00:00,8,900,360,720,180,540,1260,1800,1440
Silvio10110Mateo4,Silvio10110Mateo,Silvio10110Mateo4,Tarde,Con amigos,Comió,"Dedicación personal (comió, bañó, descansó)",1,2,1,1,1,9,10,Casa de cliente,10,30,11:00:00,9,30,60,30,30,30,270,300,270
Silvio10110Mateo5,Silvio10110Mateo,Silvio10110Mateo5,Tarde,Estaba solo,Viajó en coche/colectivo/moto,"Viajó a algún lado (coche, caminando, bicicleta)",6,1,1,1,1,8,6,"Viajó a algún lado (coche, caminando, bicicleta)",10,25,11:00:00,,150,25,25,25,25,200,150,
Silvio10110Mateo6,Silvio10110Mateo,Silvio10110Mateo6,Tarde,Estaba solo,"Descansó (siesta,tomar mate, té o café)","Dedicación personal (comió, bañó, descansó)",1,1,1,1,2,10,10,Casa donde vive,10,180,13:00:00,,180,180,180,180,360,1800,1800,
Silvio10110Mateo7,Silvio10110Mateo,Silvio10110Mateo7,Tarde,Estaba solo,Vió televisión,"Entretenimiento (radio, televisión, computadora, juego en casa)","2,65732484076433","3,05887969446213","1,82854406130268","1,62559846792212","2,55303514376997","7,29674537332483","7,95789473684211",Casa donde vive,10,60,15:00:00,,"159,43949044586","183,532781667728","109,712643678161","97,5359080753272","153,182108626198","437,80472239949","477,473684210526",
Silvio10110Mateo8,Silvio10110Mateo,Silvio10110Mateo8,Noche,Estaba solo,Leyó / Estudió,Leyó o estudió,2,4,3,6,5,6,1,Casa donde vive,10,90,16:00:00,,180,360,270,540,450,540,90,
Silvio10110Mateo9,Silvio10110Mateo,Silvio10110Mateo9,Noche,Con amigos,Caminó a algún lado,"Viajó a algún lado (coche, caminando, bicicleta)",10,3,2,1,1,8,10,"Viajó a algún lado (coche, caminando, bicicleta)",12,20,17:00:00,8,200,60,40,20,20,160,200,160
Silvio10110Mateo10,Silvio10110Mateo,Silvio10110Mateo10,Noche,Estaba solo,Hizo ejercicio o dio paseo,Hizo ejercicio o dio paseo,1,4,1,1,1,7,6,Gimnasio y spa,12,90,18:00:00,,90,360,90,90,90,630,540,
Silvio10110Mateo11,Silvio10110Mateo,Silvio10110Mateo11,Noche,Estaba solo,Caminó a algún lado,"Viajó a algún lado (coche, caminando, bicicleta)",1,6,1,1,1,9,10,"Viajó a algún lado (coche, caminando, bicicleta)",10,20,19:00:00,,20,120,20,20,20,180,200,
Silvio10110Mateo12,Silvio10110Mateo,Silvio10110Mateo12,Noche,Estaba solo,Se baño o arregló,"Dedicación personal (comió, bañó, descansó)",1,3,1,1,1,9,10,Casa donde vive,10,30,19:00:00,,30,90,30,30,30,270,300,
Silvio10110Mateo13,Silvio10110Mateo,Silvio10110Mateo13,Noche,Estaba solo,Preparó comida,"Tareas domésticas (comida, cuida a los hijos, mascotas)",1,1,1,1,1,10,10,Casa donde vive,10,30,20:00:00,,30,30,30,30,30,300,300,
Silvio101301Natalia1,Silvio101301Natalia,Silvio101301Natalia1,Mañana,Estaba solo,Preparó comida,"Tareas domésticas (comida, cuida a los hijos, mascotas)",5,5,1,1,5,5,8,Casa donde vive,10,20,8:00:00,,100,100,20,20,100,100,160,
Silvio101301Natalia2,Silvio101301Natalia,Silvio101301Natalia2,Mañana,Estaba solo,Se baño o arregló,"Dedicación personal (comió, bañó, descansó)",2,5,1,1,2,7,5,Casa donde vive,10,10,8:00:00,,20,50,10,10,20,70,50,
Silvio101301Natalia3,Silvio101301Natalia,Silvio101301Natalia3,Mañana,Estaba solo,Caminó a algún lado,"Viajó a algún lado (coche, caminando, bicicleta)",2,3,1,1,2,8,7,"Viajó a algún lado (coche, caminando, bicicleta)",12,15,8:00:00,,30,45,15,15,30,120,105,
Silvio101301Natalia4,Silvio101301Natalia,Silvio101301Natalia4,Mañana,Con compañeros de trabajo / escuela / club,Hizo ejercicio o dio paseo,Hizo ejercicio o dio paseo,1,1,1,1,1,9,9,Gimnasio y spa,12,60,9:00:00,9,60,60,60,60,60,540,540,540
Silvio101301Natalia5,Silvio101301Natalia,Silvio101301Natalia5,Mañana,Estaba solo,Se baño o arregló,"Dedicación personal (comió, bañó, descansó)",4,5,1,1,1,6,5,Gimnasio y spa,12,15,10:00:00,,60,75,15,15,15,90,75,
Silvio101301Natalia6,Silvio101301Natalia,Silvio101301Natalia6,Mañana,Estaba solo,Caminó a algún lado,"Viajó a algún lado (coche, caminando, bicicleta)",5,6,2,1,3,7,6,"Viajó a algún lado (coche, caminando, bicicleta)",10,20,10:00:00,,100,120,40,20,60,140,120,
Silvio101301Natalia7,Silvio101301Natalia,Silvio101301Natalia7,Mañana,Estaba solo,Leyó / Estudió,Leyó o estudió,3,3,1,1,2,8,9,Casa donde vive,10,60,10:00:00,,180,180,60,60,120,480,540,
Silvio101301Natalia8,Silvio101301Natalia,Silvio101301Natalia8,Tarde,Estaba solo,Comió,"Dedicación personal (comió, bañó, descansó)",5,4,1,1,2,7,8,Casa donde vive,10,30,11:00:00,,150,120,30,30,60,210,240,
Silvio101301Natalia9,Silvio101301Natalia,Silvio101301Natalia9,Tarde,Estaba solo,"Descansó (siesta,tomar mate, té o café)","Dedicación personal (comió, bañó, descansó)",4,4,1,1,3,8,9,Casa donde vive,10,90,12:00:00,,360,360,90,90,270,720,810,
Silvio101301Natalia10,Silvio101301Natalia,Silvio101301Natalia10,Tarde,Estaba solo,Caminó a algún lado,"Viajó a algún lado (coche, caminando, bicicleta)",4,4,1,1,3,6,7,"Viajó a algún lado (coche, caminando, bicicleta)",13,20,13:00:00,,80,80,20,20,60,120,140,
Silvio101301Natalia11,Silvio101301Natalia,Silvio101301Natalia11,Tarde,Destinatario de nuestra actividad laboral (Cliente / paciente / alumno),Trabajó,Trabajó,3,5,1,1,3,5,9,Lugar de trabajo,13,300,16:00:00,9,900,1500,300,300,900,1500,2700,2700
Silvio101301Natalia12,Silvio101301Natalia,Silvio101301Natalia12,Noche,Estaba solo,Caminó a algún lado,"Viajó a algún lado (coche, caminando, bicicleta)",4,5,1,1,5,5,6,"Viajó a algún lado (coche, caminando, bicicleta)",10,20,18:00:00,,80,100,20,20,100,100,120,
Silvio101301Natalia13,Silvio101301Natalia,Silvio101301Natalia13,Noche,Estaba solo,Preparó comida,"Tareas domésticas (comida, cuida a los hijos, mascotas)",4,5,1,1,5,5,7,Casa donde vive,10,30,19:00:00,,120,150,30,30,150,150,210,
Silvio11404Camila1,Silvio11404Camila,Silvio11404Camila1,Mañana,Estaba solo,Comió,"Dedicación personal (comió, bañó, descansó)",6,6,3,2,7,5,8,Casa donde vive,11,20,8:00:00,,120,120,60,40,140,100,160,
Silvio11404Camila2,Silvio11404Camila,Silvio11404Camila2,Mañana,Estaba solo,Trabajó,Trabajó,9,9,8,3,9,5,6,Casa donde vive,11,240,10:00:00,,2160,2160,1920,720,2160,1200,1440,
Silvio11404Camila3,Silvio11404Camila,Silvio11404Camila3,Tarde,Con su pareja,Preparó comida,"Tareas domésticas (comida, cuida a los hijos, mascotas)",2,5,2,2,5,5,6,Casa donde vive,11,40,13:00:00,8,80,200,80,80,200,200,240,320
Silvio11404Camila4,Silvio11404Camila,Silvio11404Camila4,Tarde,Con su pareja,Comió,"Dedicación personal (comió, bañó, descansó)",7,7,2,2,6,6,8,Casa donde vive,11,60,14:00:00,9,420,420,120,120,360,360,480,540
Silvio11404Camila5,Silvio11404Camila,Silvio11404Camila5,Tarde,Con su pareja,"Descansó (siesta,tomar mate, té o café)","Dedicación personal (comió, bañó, descansó)",2,2,2,2,2,9,10,Casa donde vive,11,60,15:00:00,10,120,120,120,120,120,540,600,600
Silvio11404Camila6,Silvio11404Camila,Silvio11404Camila6,Tarde,Con su pareja,Viajó en coche/colectivo/moto,"Viajó a algún lado (coche, caminando, bicicleta)",7,7,3,2,8,3,6,"Viajó a algún lado (coche, caminando, bicicleta)",10,10,15:00:00,10,70,70,30,20,80,30,60,100
Silvio11404Camila7,Silvio11404Camila,Silvio11404Camila7,Tarde,Estaba solo,Trabajó,Trabajó,9,10,4,1,9,3,5,Bar o café,10,240,17:00:00,,2160,2400,960,240,2160,720,1200,
Silvio11404Camila8,Silvio11404Camila,Silvio11404Camila8,Noche,Con otros familiares,"Descansó (siesta,tomar mate, té o café)","Dedicación personal (comió, bañó, descansó)",5,2,2,"1,62559846792212",2,7,10,Bar o café,10,60,20:00:00,10,300,120,120,"97,5359080753272",120,420,600,600
Silvio11404Camila9,Silvio11404Camila,Silvio11404Camila9,Noche,Con otros familiares,Fue de compras,Compras,2,7,2,2,4,4,6,Bar o café,10,30,20:00:00,10,60,210,60,60,120,120,180,300
Silvio11404Camila10,Silvio11404Camila,Silvio11404Camila10,Noche,Con su pareja,Viajó en coche/colectivo/moto,"Viajó a algún lado (coche, caminando, bicicleta)",2,9,2,2,5,6,5,"Viajó a algún lado (coche, caminando, bicicleta)",2,10,21:00:00,9,20,90,20,20,50,60,50,90
Silvio11404Camila11,Silvio11404Camila,Silvio11404Camila11,Noche,Con otros familiares,Habló con alguien,"Relaciones sociales (Charlar, cuidar, actividad religiosa, otras relaciones)",6,10,4,2,4,7,4,Casa de parientes,2,15,21:00:00,10,90,150,60,30,60,105,60,150
Silvio11404Camila12,Silvio11404Camila,Silvio11404Camila12,Noche,Estaba solo,Viajó en coche/colectivo/moto,"Viajó a algún lado (coche, caminando, bicicleta)",9,10,3,2,8,2,2,"Viajó a algún lado (coche, caminando, bicicleta)",12,5,21:00:00,,45,50,15,10,40,10,10,
Silvio11404Camila13,Silvio11404Camila,Silvio11404Camila13,Noche,Con amigos,Estudio,Leyó o estudió,1,1,1,1,1,9,10,Teatro o Cine,12,120,22:00:00,10,120,120,120,120,120,1080,1200,1200
Silvio11404Camila14,Silvio11404Camila,Silvio11404Camila14,Noche,Con sus hijos jóvenes o nietos,Viajó en coche/colectivo/moto,"Viajó a algún lado (coche, caminando, bicicleta)",1,2,1,1,1,8,9,"Viajó a algún lado (coche, caminando, bicicleta)",12,5,23:00:00,,5,10,5,5,5,40,45,
Silvio11404Camila15,Silvio11404Camila,Silvio11404Camila15,Noche,Con amigos,Comió,"Dedicación personal (comió, bañó, descansó)",2,3,2,1,1,9,10,Restaurant,12,60,0:00:00,10,120,180,120,60,60,540,600,600
Silvio11404Nicolás1,Silvio11404Nicolás,Silvio11404Nicolás1,Mañana,Estaba solo,Se baño o arregló,"Dedicación personal (comió, bañó, descansó)",3,3,2,3,3,8,5,Casa donde vive,11,15,8:00:00,,45,45,30,45,45,120,75,
Silvio11404Nicolás2,Silvio11404Nicolás,Silvio11404Nicolás2,Mañana,Estaba solo,Caminó a algún lado,"Viajó a algún lado (coche, caminando, bicicleta)",3,3,3,3,3,8,8,"Viajó a algún lado (coche, caminando, bicicleta)",11,30,9:00:00,,90,90,90,90,90,240,240,
Silvio11404Nicolás3,Silvio11404Nicolás,Silvio11404Nicolás3,Mañana,Con compañeros de trabajo / escuela / club,Trabajó,Trabajó,5,5,5,3,3,6,6,Lugar de trabajo,11,180,10:00:00,8,900,900,900,540,540,1080,1080,1440
Silvio11404Nicolás4,Silvio11404Nicolás,Silvio11404Nicolás4,Tarde,Estaba solo,Caminó a algún lado,"Viajó a algún lado (coche, caminando, bicicleta)",3,3,3,3,3,8,9,"Viajó a algún lado (coche, caminando, bicicleta)",12,30,12:00:00,,90,90,90,90,90,240,270,
Silvio11404Nicolás5,Silvio11404Nicolás,Silvio11404Nicolás5,Tarde,Estaba solo,Hizo tareas domésticas,"Tareas domésticas (comida, cuida a los hijos, mascotas)",3,3,3,3,3,8,6,Comercio de ropa u otro tipo de comercio de compras,12,195,14:00:00,,585,585,585,585,585,1560,1170,
Silvio11404Nicolás6,Silvio11404Nicolás,Silvio11404Nicolás6,Tarde,Destinatario de nuestra actividad laboral (Cliente / paciente / alumno),Habló con alguien,"Relaciones sociales (Charlar, cuidar, actividad religiosa, otras relaciones)",3,3,3,3,3,8,5,Comercio de ropa u otro tipo de comercio de compras,12,30,16:00:00,7,90,90,90,90,90,240,150,210
Silvio11404Nicolás7,Silvio11404Nicolás,Silvio11404Nicolás7,Tarde,Estaba solo,Caminó a algún lado,"Viajó a algún lado (coche, caminando, bicicleta)",3,3,3,3,3,8,6,"Viajó a algún lado (coche, caminando, bicicleta)",12,20,16:00:00,,60,60,60,60,60,160,120,
Silvio11404Nicolás8,Silvio11404Nicolás,Silvio11404Nicolás8,Tarde,"Personal de servicios, responsables de nuestra actividad, extraños ","Por salud (estudios, consulta)",Trámites o Salud,3,3,3,3,3,8,6,"Hospital, Clínica, Centro de Salud",12,20,17:00:00,8,60,60,60,60,60,160,120,160
Silvio11404Nicolás9,Silvio11404Nicolás,Silvio11404Nicolás9,Noche,Estaba solo,Caminó a algún lado,"Viajó a algún lado (coche, caminando, bicicleta)",2,6,2,1,3,7,7,"Viajó a algún lado (coche, caminando, bicicleta)",13,15,17:00:00,,30,90,30,15,45,105,105,
Silvio11404Nicolás10,Silvio11404Nicolás,Silvio11404Nicolás10,Noche,Con amigos,Habló con alguien,"Relaciones sociales (Charlar, cuidar, actividad religiosa, otras relaciones)",3,3,3,3,3,9,9,Casa de amigos,13,180,19:00:00,8,540,540,540,540,540,1620,1620,1440
Silvio11404Nicolás11,Silvio11404Nicolás,Silvio11404Nicolás11,Noche,Con amigos,Caminó a algún lado,"Viajó a algún lado (coche, caminando, bicicleta)",3,3,3,3,3,9,8,"Viajó a algún lado (coche, caminando, bicicleta)",11,15,20:00:00,8,45,45,45,45,45,135,120,120
Silvio11404Nicolás12,Silvio11404Nicolás,Silvio11404Nicolás12,Noche,Con amigos,Preparó comida,"Tareas domésticas (comida, cuida a los hijos, mascotas)",3,3,3,3,3,8,9,Casa donde vive,11,90,21:00:00,8,270,270,270,270,270,720,810,720
Silvio12303MagalÍ1,Silvio12303MagalÍ,Silvio12303MagalÍ1,Mañana,Estaba solo,Preparó comida,"Tareas domésticas (comida, cuida a los hijos, mascotas)",1,3,2,2,4,8,6,Casa donde vive,12,45,7:00:00,,45,135,90,90,180,360,270,
Silvio12303MagalÍ2,Silvio12303MagalÍ,Silvio12303MagalÍ2,Mañana,Estaba solo,Caminó a algún lado,"Viajó a algún lado (coche, caminando, bicicleta)",4,6,2,2,3,4,8,"Viajó a algún lado (coche, caminando, bicicleta)",12,10,8:00:00,,40,60,20,20,30,40,80,
Silvio12303MagalÍ3,Silvio12303MagalÍ,Silvio12303MagalÍ3,Mañana,Con compañeros de trabajo / escuela / club,Trabajó,Trabajó,3,6,3,1,2,5,6,Lugar de trabajo,12,240,10:00:00,9,720,1440,720,240,480,1200,1440,2160
Silvio12303MagalÍ4,Silvio12303MagalÍ,Silvio12303MagalÍ4,Tarde,Estaba solo,Caminó a algún lado,"Viajó a algún lado (coche, caminando, bicicleta)",1,4,1,1,5,3,8,"Viajó a algún lado (coche, caminando, bicicleta)",12,15,12:00:00,,15,60,15,15,75,45,120,
Silvio12303MagalÍ5,Silvio12303MagalÍ,Silvio12303MagalÍ5,Tarde,Con otros familiares,Preparó comida,"Tareas domésticas (comida, cuida a los hijos, mascotas)",1,1,1,1,1,9,9,Casa donde vive,12,40,12:00:00,10,40,40,40,40,40,360,360,400
Silvio12303MagalÍ6,Silvio12303MagalÍ,Silvio12303MagalÍ6,Tarde,Estaba solo,Vió televisión,"Entretenimiento (radio, televisión, computadora, juego en casa)",1,1,1,1,1,9,9,Casa donde vive,12,160,14:00:00,,160,160,160,160,160,1440,1440,
Silvio12303MagalÍ7,Silvio12303MagalÍ,Silvio12303MagalÍ7,Tarde,Estaba solo,Hizo tareas domésticas,"Tareas domésticas (comida, cuida a los hijos, mascotas)",3,3,1,2,2,7,7,Casa donde vive,12,60,16:00:00,,180,180,60,120,120,420,420,
Silvio12303MagalÍ8,Silvio12303MagalÍ,Silvio12303MagalÍ8,Tarde,Estaba solo,Leyó / Estudió,Leyó o estudió,4,3,1,1,2,7,8,Casa donde vive,12,210,18:00:00,,840,630,210,210,420,1470,1680,
Silvio12303MagalÍ9,Silvio12303MagalÍ,Silvio12303MagalÍ9,Noche,Con amigos,Habló con alguien,"Relaciones sociales (Charlar, cuidar, actividad religiosa, otras relaciones)",3,2,2,2,2,6,9,Casa donde vive,12,30,20:00:00,8,90,60,60,60,60,180,270,240
Silvio12303MagalÍ10,Silvio12303MagalÍ,Silvio12303MagalÍ10,Noche,Estaba solo,Comió,"Dedicación personal (comió, bañó, descansó)",1,1,1,1,1,9,10,Casa donde vive,12,60,21:00:00,,60,60,60,60,60,540,600,
Silvio12303MagalÍ11,Silvio12303MagalÍ,Silvio12303MagalÍ11,Noche,Estaba solo,Vió televisión,"Entretenimiento (radio, televisión, computadora, juego en casa)",1,1,1,1,1,1,1,Casa donde vive,12,120,22:00:00,,120,120,120,120,120,120,120,
Silvio12303Sebastián1,Silvio12303Sebastián,Silvio12303Sebastián1,Mañana,Con amigos,Preparó comida,"Tareas domésticas (comida, cuida a los hijos, mascotas)",4,7,2,1,6,5,4,Casa donde vive,12,15,7:00:00,9,60,105,30,15,90,75,60,135
Silvio12303Sebastián2,Silvio12303Sebastián,Silvio12303Sebastián2,Mañana,Estaba solo,Viajó en coche/colectivo/moto,"Viajó a algún lado (coche, caminando, bicicleta)",5,7,5,3,5,5,2,"Viajó a algún lado (coche, caminando, bicicleta)",12,15,8:00:00,,75,105,75,45,75,75,30,
Silvio12303Sebastián3,Silvio12303Sebastián,Silvio12303Sebastián3,Mañana,Con amigos,Estudio,Leyó o estudió,5,9,6,5,5,5,6,"Escuela, Campus, u otro establecimiento educativo",12,3,8:00:00,8,15,27,18,15,15,15,18,24
Silvio12303Sebastián4,Silvio12303Sebastián,Silvio12303Sebastián4,Tarde,Estaba solo,Comió,"Dedicación personal (comió, bañó, descansó)",5,6,4,4,4,6,7,"Escuela, Campus, u otro establecimiento educativo",12,20,8:00:00,,100,120,80,80,80,120,140,
Silvio12303Sebastián5,Silvio12303Sebastián,Silvio12303Sebastián5,Tarde,Estaba solo,Viajó en coche/colectivo/moto,"Viajó a algún lado (coche, caminando, bicicleta)",4,4,4,4,4,8,9,"Viajó a algún lado (coche, caminando, bicicleta)",12,25,8:00:00,,100,100,100,100,100,200,225,
Silvio12303Sebastián6,Silvio12303Sebastián,Silvio12303Sebastián6,Tarde,Estaba solo,"Descansó (siesta,tomar mate, té o café)","Dedicación personal (comió, bañó, descansó)",1,1,1,1,1,10,8,Casa donde vive,12,240,11:00:00,,240,240,240,240,240,2400,1920,
Silvio12303Sebastián7,Silvio12303Sebastián,Silvio12303Sebastián7,Noche,Con amigos,"Descansó (siesta,tomar mate, té o café)","Dedicación personal (comió, bañó, descansó)",4,4,5,4,4,5,8,Casa donde vive,12,30,13:00:00,9,120,120,150,120,120,150,240,270
Silvio12303Sebastián8,Silvio12303Sebastián,Silvio12303Sebastián8,Noche,Con su pareja,Tuvo relaciones íntimas,"Relaciones sociales (Charlar, cuidar, actividad religiosa, otras relaciones)",1,1,1,1,2,7,9,Casa donde vive,12,120,14:00:00,10,120,120,120,120,240,840,1080,1200
Silvio12303Sebastián9,Silvio12303Sebastián,Silvio12303Sebastián9,Noche,Con amigos,Comió,"Dedicación personal (comió, bañó, descansó)",9,7,6,4,1,10,7,Casa donde vive,12,60,16:00:00,9,540,420,360,240,60,600,420,540
Silvio12303Sebastián10,Silvio12303Sebastián,Silvio12303Sebastián10,Noche,Con amigos,Trámites,Trámites o Salud,"2,65732484076433","3,05887969446213","1,82854406130268","1,62559846792212","2,55303514376997","7,29674537332483","7,95789473684211",Casa donde vive,12,720,22:00:00,,"1913,27388535032","2202,39338001273","1316,55172413793","1170,43089690393","1838,18530351438","5253,65666879387","5729,68421052632",
Silvio12405Graciela1,Silvio12405Graciela,Silvio12405Graciela1,Mañana,Estaba solo,Preparó comida,"Tareas domésticas (comida, cuida a los hijos, mascotas)",7,3,5,8,7,5,8,Casa donde vive,12,20,7:00:00,,140,60,100,160,140,100,160,
Silvio12405Graciela2,Silvio12405Graciela,Silvio12405Graciela2,Mañana,Con sus hijos jóvenes o nietos,Cuidó a los niños,"Tareas domésticas (comida, cuida a los hijos, mascotas)",9,7,9,9,7,7,9,Casa donde vive,12,330,10:00:00,,2970,2310,2970,2970,2310,2310,2970,
Silvio12405Graciela3,Silvio12405Graciela,Silvio12405Graciela3,Tarde,Estaba solo,Comió,"Dedicación personal (comió, bañó, descansó)",3,3,1,3,1,9,9,Casa donde vive,12,30,13:00:00,,90,90,30,90,30,270,270,
Silvio12405Graciela4,Silvio12405Graciela,Silvio12405Graciela4,Tarde,Estaba solo,"Descansó (siesta,tomar mate, té o café)","Dedicación personal (comió, bañó, descansó)",1,3,2,5,3,9,10,Casa donde vive,12,130,15:00:00,,130,390,260,650,390,1170,1300,
Silvio12405Graciela5,Silvio12405Graciela,Silvio12405Graciela5,Tarde,Estaba solo,Caminó a algún lado,"Viajó a algún lado (coche, caminando, bicicleta)",6,7,6,7,6,4,11,"Viajó a algún lado (coche, caminando, bicicleta)",12,20,16:00:00,,120,140,120,140,120,80,220,
Silvio12405Graciela6,Silvio12405Graciela,Silvio12405Graciela6,Tarde,"Personal de servicios, responsables de nuestra actividad, extraños ",Trámites,Trámites o Salud,7,7,7,6,6,6,6,Organismos de servicios privado ,12,20,16:00:00,8,140,140,140,120,120,120,120,160
Silvio12405Graciela7,Silvio12405Graciela,Silvio12405Graciela7,Tarde,Estaba solo,Caminó a algún lado,"Viajó a algún lado (coche, caminando, bicicleta)",4,7,3,2,2,8,10,"Viajó a algún lado (coche, caminando, bicicleta)",12,20,16:00:00,,80,140,60,40,40,160,200,
Silvio12405Graciela8,Silvio12405Graciela,Silvio12405Graciela8,Tarde,Con sus hijos jóvenes o nietos,Habló con alguien,"Relaciones sociales (Charlar, cuidar, actividad religiosa, otras relaciones)",4,2,1,2,1,9,10,Casa donde vive,12,60,17:00:00,10,240,120,60,120,60,540,600,600
Silvio12405Graciela9,Silvio12405Graciela,Silvio12405Graciela9,Noche,Estaba solo,Caminó a algún lado,"Viajó a algún lado (coche, caminando, bicicleta)",1,7,1,1,1,8,10,"Viajó a algún lado (coche, caminando, bicicleta)",10,80,18:00:00,,80,560,80,80,80,640,800,
Silvio12405Graciela10,Silvio12405Graciela,Silvio12405Graciela10,Noche,Con pareja e hijos,Habló con alguien,"Relaciones sociales (Charlar, cuidar, actividad religiosa, otras relaciones)",1,8,"1,82854406130268",1,1,9,10,Casa de parientes,10,60,19:00:00,10,60,480,"109,712643678161",60,60,540,600,600
Silvio12405Graciela11,Silvio12405Graciela,Silvio12405Graciela11,Noche,Estaba solo,Caminó a algún lado,"Viajó a algún lado (coche, caminando, bicicleta)",3,8,1,1,1,8,9,"Viajó a algún lado (coche, caminando, bicicleta)",12,20,20:00:00,,60,160,20,20,20,160,180,
Silvio12405Graciela12,Silvio12405Graciela,Silvio12405Graciela12,Noche,Estaba solo,Fue de compras,Compras,1,7,1,1,1,8,9,"Supermercado, despensa, verdulería, carnicería, dietética",12,20,20:00:00,,20,140,20,20,20,160,180,
Silvio12405Graciela13,Silvio12405Graciela,Silvio12405Graciela13,Noche,Estaba solo,Caminó a algún lado,"Viajó a algún lado (coche, caminando, bicicleta)",3,3,1,1,1,8,10,"Viajó a algún lado (coche, caminando, bicicleta)",10,20,21:00:00,,60,60,20,20,20,160,200,
Silvio12405Graciela14,Silvio12405Graciela,Silvio12405Graciela14,Noche,Con otros familiares,Comió,"Dedicación personal (comió, bañó, descansó)",1,1,1,1,1,9,10,Casa de parientes,10,90,22:00:00,10,90,90,90,90,90,810,900,900
Silvio12405Graciela15,Silvio12405Graciela,Silvio12405Graciela15,Noche,Con otros familiares,Vió televisión,"Entretenimiento (radio, televisión, computadora, juego en casa)",1,1,1,1,1,9,10,Casa de parientes,10,130,0:00:00,10,130,130,130,130,130,1170,1300,1300
Silvio12408Cacho1,Silvio12408Cacho,Silvio12408Cacho1,Mañana,Con su pareja,Preparó comida,"Tareas domésticas (comida, cuida a los hijos, mascotas)",2,2,2,2,2,8,5,Casa donde vive,12,30,9:00:00,7,60,60,60,60,60,240,150,210
Silvio12408Cacho2,Silvio12408Cacho,Silvio12408Cacho2,Mañana,Con su pareja,Hizo ejercicio o dio paseo,Hizo ejercicio o dio paseo,2,2,1,1,"2,55303514376997",8,9,Casa donde vive,12,565,14:00:00,7,1130,1130,565,565,"1442,46485623003",4520,5085,3955
Silvio12408Cacho3,Silvio12408Cacho,Silvio12408Cacho3,Mañana,Estaba solo,Hizo tareas domésticas,"Tareas domésticas (comida, cuida a los hijos, mascotas)",2,2,"1,82854406130268",1,2,9,9,Casa donde vive,12,20,18:00:00,,40,40,"36,5708812260536",20,40,180,180,
Silvio12408Cacho4,Silvio12408Cacho,Silvio12408Cacho4,Mañana,Estaba solo,Vió televisión,"Entretenimiento (radio, televisión, computadora, juego en casa)",1,1,1,2,1,7,8,Casa donde vive,12,105,19:00:00,,105,105,105,210,105,735,840,
Silvio12408Cacho5,Silvio12408Cacho,Silvio12408Cacho5,Mañana,Con su pareja,Comió,"Dedicación personal (comió, bañó, descansó)",2,2,1,1,1,9,9,Casa donde vive,12,30,21:00:00,7,60,60,30,30,30,270,270,210
Silvio12408Cacho6,Silvio12408Cacho,Silvio12408Cacho6,Tarde,Estaba solo,"Descansó (siesta,tomar mate, té o café)","Dedicación personal (comió, bañó, descansó)",1,2,1,1,1,1,10,Casa donde vive,12,150,22:00:00,,150,300,150,150,150,150,1500,
Silvio12408Cacho7,Silvio12408Cacho,Silvio12408Cacho7,Tarde,Estaba solo,Vió televisión,"Entretenimiento (radio, televisión, computadora, juego en casa)",2,1,2,1,2,9,9,Casa donde vive,12,110,0:00:00,,220,110,220,110,220,990,990,
Silvio12408Cacho8,Silvio12408Cacho,Silvio12408Cacho8,Tarde,Estaba solo,Preparó comida,"Tareas domésticas (comida, cuida a los hijos, mascotas)",2,2,2,2,1,9,8,Casa donde vive,12,30,0:00:00,,60,60,60,60,30,270,240,
Silvio12408Cacho9,Silvio12408Cacho,Silvio12408Cacho9,Tarde,Con amigos,Habló con alguien,"Relaciones sociales (Charlar, cuidar, actividad religiosa, otras relaciones)",1,1,1,1,1,9,10,Casa donde vive,12,120,0:00:00,9,120,120,120,120,120,1080,1200,1080
Silvio12408Cacho10,Silvio12408Cacho,Silvio12408Cacho10,Noche,Estaba solo,Vió televisión,"Entretenimiento (radio, televisión, computadora, juego en casa)",1,1,1,2,2,9,9,Casa donde vive,12,135,0:00:00,,135,135,135,270,270,1215,1215,
Silvio12408Cacho11,Silvio12408Cacho,Silvio12408Cacho11,Noche,Estaba solo,Comió,"Dedicación personal (comió, bañó, descansó)",1,1,1,1,1,9,9,Casa donde vive,12,40,0:00:00,,40,40,40,40,40,360,360,
Silvio12408Cacho12,Silvio12408Cacho,Silvio12408Cacho12,Noche,Con su pareja,Vió televisión,"Entretenimiento (radio, televisión, computadora, juego en casa)",1,1,1,1,1,9,9,Casa donde vive,12,70,0:00:00,7,70,70,70,70,70,630,630,490
Silvio12411Paula1,Silvio12411Paula,Silvio12411Paula1,Mañana,Estaba solo,Comió,"Dedicación personal (comió, bañó, descansó)",1,2,1,"1,62559846792212","2,55303514376997","7,29674537332483","7,95789473684211",Casa donde vive,12,30,11:00:00,,30,60,30,"48,7679540376636","76,591054313099","218,902361199745","238,736842105263",
Silvio12411Paula2,Silvio12411Paula,Silvio12411Paula2,Mañana,Estaba solo,Se baño o arregló,"Dedicación personal (comió, bañó, descansó)",3,6,1,1,3,6,8,Casa donde vive,12,30,11:00:00,,90,180,30,30,90,180,240,
Silvio12411Paula3,Silvio12411Paula,Silvio12411Paula3,Tarde,Con compañeros de trabajo / escuela / club,Fue de compras,Compras,4,6,1,1,1,9,7,Casa donde vive,12,30,12:00:00,9,120,180,30,30,30,270,210,270
Silvio12411Paula4,Silvio12411Paula,Silvio12411Paula4,Tarde,Estaba solo,Vió televisión,"Entretenimiento (radio, televisión, computadora, juego en casa)",4,6,1,1,1,8,8,Casa donde vive,12,60,13:00:00,,240,360,60,60,60,480,480,
Silvio12411Paula5,Silvio12411Paula,Silvio12411Paula5,Tarde,Estaba solo,Hizo tareas domésticas,"Tareas domésticas (comida, cuida a los hijos, mascotas)",3,8,2,1,2,3,5,Casa donde vive,12,40,14:00:00,,120,320,80,40,80,120,200,
Silvio12411Paula6,Silvio12411Paula,Silvio12411Paula6,Tarde,Estaba solo,Caminó a algún lado,"Viajó a algún lado (coche, caminando, bicicleta)",5,6,1,1,3,9,8,"Viajó a algún lado (coche, caminando, bicicleta)",12,10,14:00:00,,50,60,10,10,30,90,80,
Silvio12411Paula7,Silvio12411Paula,Silvio12411Paula7,Tarde,Destinatario de nuestra actividad laboral (Cliente / paciente / alumno),Trabajó,Trabajó,7,5,"1,82854406130268","1,62559846792212","2,55303514376997","7,29674537332483","7,95789473684211",Lugar de trabajo,12,480,18:00:00,10,3360,2400,"877,701149425287","780,287264602617","1225,45686900958","3502,43777919592","3819,78947368421",4800
Silvio12411Paula8,Silvio12411Paula,Silvio12411Paula8,Noche,Con su pareja,Viajó en coche/colectivo/moto,"Viajó a algún lado (coche, caminando, bicicleta)",1,1,1,1,3,8,8,"Viajó a algún lado (coche, caminando, bicicleta)",12,10,22:00:00,10,10,10,10,10,30,80,80,100
Silvio12411Paula9,Silvio12411Paula,Silvio12411Paula9,Noche,Con otros familiares,Habló con alguien,"Relaciones sociales (Charlar, cuidar, actividad religiosa, otras relaciones)",5,1,1,1,3,8,8,Casa donde vive,12,30,22:00:00,9,150,30,30,30,90,240,240,270
Silvio12411Paula10,Silvio12411Paula,Silvio12411Paula10,Noche,Con su pareja,Preparó comida,"Tareas domésticas (comida, cuida a los hijos, mascotas)",1,3,1,1,1,8,9,Casa donde vive,12,10,23:00:00,10,10,30,10,10,10,80,90,100
Silvio12411Paula11,Silvio12411Paula,Silvio12411Paula11,Noche,Con su pareja,"Descansó (siesta,tomar mate, té o café)","Dedicación personal (comió, bañó, descansó)",5,1,1,1,1,8,9,Casa donde vive,12,30,23:00:00,9,150,30,30,30,30,240,270,270
Silvio12411Paula12,Silvio12411Paula,Silvio12411Paula12,Noche,Con su pareja,Vió televisión,"Entretenimiento (radio, televisión, computadora, juego en casa)",1,1,1,1,1,8,8,Casa donde vive,12,105,0:00:00,9,105,105,105,105,105,840,840,945
Silvio131317Rodrigo1,Silvio131317Rodrigo,Silvio131317Rodrigo1,Mañana,Estaba solo,Se baño o arregló,"Dedicación personal (comió, bañó, descansó)",3,6,1,1,4,3,7,Casa donde vive,13,15,7:00:00,,45,90,15,15,60,45,105,
Silvio131317Rodrigo2,Silvio131317Rodrigo,Silvio131317Rodrigo2,Mañana,Con sus hijos jóvenes o nietos,Viajó en coche/colectivo/moto,"Viajó a algún lado (coche, caminando, bicicleta)",3,7,1,1,4,4,9,"Viajó a algún lado (coche, caminando, bicicleta)",13,5,7:00:00,10,15,35,5,5,20,20,45,50
Silvio131317Rodrigo3,Silvio131317Rodrigo,Silvio131317Rodrigo3,Mañana,Estaba solo,Viajó en coche/colectivo/moto,"Viajó a algún lado (coche, caminando, bicicleta)",5,4,"1,82854406130268",1,1,5,7,"Viajó a algún lado (coche, caminando, bicicleta)",13,5,7:00:00,,25,20,"9,14272030651341",5,5,25,35,
Silvio131317Rodrigo4,Silvio131317Rodrigo,Silvio131317Rodrigo4,Mañana,Estaba solo,Preparó comida,"Tareas domésticas (comida, cuida a los hijos, mascotas)",5,5,1,1,5,5,8,Casa donde vive,13,16,8:00:00,,80,80,16,16,80,80,128,
Silvio131317Rodrigo5,Silvio131317Rodrigo,Silvio131317Rodrigo5,Mañana,Con su pareja,Trabajó,Trabajó,6,6,2,2,7,5,6,Casa donde vive,13,315,10:00:00,9,1890,1890,630,630,2205,1575,1890,2835
Silvio131317Rodrigo6,Silvio131317Rodrigo,Silvio131317Rodrigo6,Tarde,Con pareja e hijos,Preparó comida,"Tareas domésticas (comida, cuida a los hijos, mascotas)",5,6,4,4,6,5,8,Casa donde vive,13,60,13:00:00,10,300,360,240,240,360,300,480,600
Silvio131317Rodrigo7,Silvio131317Rodrigo,Silvio131317Rodrigo7,Tarde,Estaba solo,Comió,"Dedicación personal (comió, bañó, descansó)",7,8,"1,82854406130268",4,7,4,6,Casa donde vive,13,240,16:00:00,,1680,1920,"438,850574712644",960,1680,960,1440,
Silvio131317Rodrigo8,Silvio131317Rodrigo,Silvio131317Rodrigo8,Noche,Con sus hijos jóvenes o nietos,Comió,"Dedicación personal (comió, bañó, descansó)",6,5,4,2,3,7,8,Casa donde vive,13,60,18:00:00,10,360,300,240,120,180,420,480,600
Silvio131317Rodrigo9,Silvio131317Rodrigo,Silvio131317Rodrigo9,Noche,Con pareja e hijos,Otra actividad de ocio,"Entretenimiento (radio, televisión, computadora, juego en casa)",7,7,4,3,6,4,6,Casa donde vive,13,90,20:00:00,10,630,630,360,270,540,360,540,900
Silvio131317Rodrigo10,Silvio131317Rodrigo,Silvio131317Rodrigo10,Noche,Con pareja e hijos,Comió,"Dedicación personal (comió, bañó, descansó)",7,8,3,1,7,3,8,Casa donde vive,13,20,21:00:00,10,140,160,60,20,140,60,160,200
Silvio131317Rodrigo11,Silvio131317Rodrigo,Silvio131317Rodrigo11,Noche,Estaba solo,Viajó en coche/colectivo/moto,"Viajó a algún lado (coche, caminando, bicicleta)",3,8,2,1,7,3,6,"Viajó a algún lado (coche, caminando, bicicleta)",7,15,21:00:00,,45,120,30,15,105,45,90,
Silvio131317Rodrigo12,Silvio131317Rodrigo,Silvio131317Rodrigo12,Noche,Con compañeros de trabajo / escuela / club,Trabajó,Trabajó,2,4,2,1,3,8,9,Casa de cliente,7,75,22:00:00,9,150,300,150,75,225,600,675,675
Silvio131317Rodrigo13,Silvio131317Rodrigo,Silvio131317Rodrigo13,Noche,Estaba solo,Viajó en coche/colectivo/moto,"Viajó a algún lado (coche, caminando, bicicleta)",1,4,1,1,1,9,7,"Viajó a algún lado (coche, caminando, bicicleta)",13,15,22:00:00,,15,60,15,15,15,135,105,
Silvio13206Carmen1,Silvio13206Carmen,Silvio13206Carmen1,Mañana,Estaba solo,Preparó comida,"Tareas domésticas (comida, cuida a los hijos, mascotas)",7,9,2,1,4,10,10,Casa donde vive,13,20,9:00:00,,140,180,40,20,80,200,200,
Silvio13206Carmen2,Silvio13206Carmen,Silvio13206Carmen2,Mañana,Con compañeros de trabajo / escuela / club,Viajó en coche/colectivo/moto,"Viajó a algún lado (coche, caminando, bicicleta)",4,2,2,1,3,9,8,"Viajó a algún lado (coche, caminando, bicicleta)",13,5,9:00:00,9,20,10,10,5,15,45,40,45
Silvio13206Carmen3,Silvio13206Carmen,Silvio13206Carmen3,Mañana,Con compañeros de trabajo / escuela / club,Trabajó,Trabajó,6,7,1,1,7,7,10,Lugar de trabajo,13,270,11:00:00,9,1620,1890,270,270,1890,1890,2700,2430
Silvio13206Carmen4,Silvio13206Carmen,Silvio13206Carmen4,Tarde,Estaba solo,Caminó a algún lado,"Viajó a algún lado (coche, caminando, bicicleta)",1,7,1,1,4,4,10,"Viajó a algún lado (coche, caminando, bicicleta)",13,15,14:00:00,,15,105,15,15,60,60,150,
Silvio13206Carmen5,Silvio13206Carmen,Silvio13206Carmen5,Tarde,Estaba solo,Comió,"Dedicación personal (comió, bañó, descansó)",2,7,1,1,6,7,10,Casa donde vive,13,40,14:00:00,,80,280,40,40,240,280,400,
Silvio13206Carmen6,Silvio13206Carmen,Silvio13206Carmen6,Tarde,Estaba solo,Hizo tareas domésticas,"Tareas domésticas (comida, cuida a los hijos, mascotas)",8,4,1,1,7,8,9,Casa donde vive,13,160,16:00:00,,1280,640,160,160,1120,1280,1440,
Silvio13206Carmen7,Silvio13206Carmen,Silvio13206Carmen7,Tarde,Estaba solo,Caminó a algún lado,"Viajó a algún lado (coche, caminando, bicicleta)",1,6,2,1,7,6,10,"Viajó a algún lado (coche, caminando, bicicleta)",13,15,17:00:00,,15,90,30,15,105,90,150,
Silvio13206Carmen8,Silvio13206Carmen,Silvio13206Carmen8,Tarde,Con compañeros de trabajo / escuela / club,Trabajó,Trabajó,4,7,2,2,2,6,10,Lugar de trabajo,13,255,19:00:00,10,1020,1785,510,510,510,1530,2550,2550
Silvio13206Carmen9,Silvio13206Carmen,Silvio13206Carmen9,Noche,Con compañeros de trabajo / escuela / club,Viajó en coche/colectivo/moto,"Viajó a algún lado (coche, caminando, bicicleta)",4,1,2,1,5,4,9,"Viajó a algún lado (coche, caminando, bicicleta)",13,5,22:00:00,9,20,5,10,5,25,20,45,45
Silvio13206Carmen10,Silvio13206Carmen,Silvio13206Carmen10,Noche,Estaba solo,Comió,"Dedicación personal (comió, bañó, descansó)",2,1,1,1,6,6,9,Casa donde vive,13,20,22:00:00,,40,20,20,20,120,120,180,
Silvio13206Carmen11,Silvio13206Carmen,Silvio13206Carmen11,Noche,Estaba solo,Jugó (cartas /juegos),"Entretenimiento (radio, televisión, computadora, juego en casa)",3,2,2,6,4,8,4,Casa donde vive,13,60,22:00:00,,180,120,120,360,240,480,240,
Silvio13215Rocío1,Silvio13215Rocío,Silvio13215Rocío1,Mañana,Estaba solo,Preparó comida,"Tareas domésticas (comida, cuida a los hijos, mascotas)",2,6,1,1,1,10,10,Casa donde vive,13,20,7:00:00,,40,120,20,20,20,200,200,
Silvio13215Rocío2,Silvio13215Rocío,Silvio13215Rocío2,Mañana,Estaba solo,Caminó a algún lado,"Viajó a algún lado (coche, caminando, bicicleta)",1,6,1,1,1,10,10,"Viajó a algún lado (coche, caminando, bicicleta)",13,15,8:00:00,,15,90,15,15,15,150,150,
Silvio13215Rocío3,Silvio13215Rocío,Silvio13215Rocío3,Mañana,Con compañeros de trabajo / escuela / club,Trabajó,Trabajó,1,1,1,1,1,9,9,Lugar de trabajo,13,360,11:00:00,10,360,360,360,360,360,3240,3240,3600
Silvio13215Rocío4,Silvio13215Rocío,Silvio13215Rocío4,Tarde,Con su pareja,Viajó en coche/colectivo/moto,"Viajó a algún lado (coche, caminando, bicicleta)",1,1,1,1,1,10,10,"Viajó a algún lado (coche, caminando, bicicleta)",13,5,14:00:00,10,5,5,5,5,5,50,50,50
Silvio13215Rocío5,Silvio13215Rocío,Silvio13215Rocío5,Tarde,Con su pareja,Comió,"Dedicación personal (comió, bañó, descansó)",1,1,1,1,1,10,10,Casa donde vive,13,20,14:00:00,10,20,20,20,20,20,200,200,200
Silvio13215Rocío6,Silvio13215Rocío,Silvio13215Rocío6,Tarde,Con pareja e hijos,"Descansó (siesta,tomar mate, té o café)","Dedicación personal (comió, bañó, descansó)",1,1,1,1,1,10,10,Casa donde vive,13,60,15:00:00,10,60,60,60,60,60,600,600,600
Silvio13215Rocío7,Silvio13215Rocío,Silvio13215Rocío7,Tarde,Con pareja e hijos,Otra actividad de ocio,"Entretenimiento (radio, televisión, computadora, juego en casa)",1,1,1,1,1,10,10,Casa donde vive,13,120,16:00:00,10,120,120,120,120,120,1200,1200,1200
Silvio13215Rocío8,Silvio13215Rocío,Silvio13215Rocío8,Noche,Con su pareja,Viajó en coche/colectivo/moto,"Viajó a algún lado (coche, caminando, bicicleta)",1,1,1,1,1,10,10,"Viajó a algún lado (coche, caminando, bicicleta)",10,20,17:00:00,10,20,20,20,20,20,200,200,200
Silvio13215Rocío9,Silvio13215Rocío,Silvio13215Rocío9,Noche,Destinatario de nuestra actividad laboral (Cliente / paciente / alumno),Habló con alguien,"Relaciones sociales (Charlar, cuidar, actividad religiosa, otras relaciones)",1,1,1,1,1,10,10,Comercio de ropa u otro tipo de comercio de compras,10,20,18:00:00,10,20,20,20,20,20,200,200,200
Silvio13215Rocío10,Silvio13215Rocío,Silvio13215Rocío10,Noche,Estaba solo,Viajó en coche/colectivo/moto,"Viajó a algún lado (coche, caminando, bicicleta)",1,1,1,1,1,10,10,"Viajó a algún lado (coche, caminando, bicicleta)",13,10,18:00:00,,10,10,10,10,10,100,100,
Silvio13215Rocío11,Silvio13215Rocío,Silvio13215Rocío11,Noche,Con su pareja,Hizo tareas domésticas,"Tareas domésticas (comida, cuida a los hijos, mascotas)",1,1,1,1,1,10,10,Casa de amigos,13,60,19:00:00,10,60,60,60,60,60,600,600,600
Silvio13215Rocío12,Silvio13215Rocío,Silvio13215Rocío12,Noche,Con pareja e hijos,Viajó en coche/colectivo/moto,"Viajó a algún lado (coche, caminando, bicicleta)",1,1,1,1,1,10,10,"Viajó a algún lado (coche, caminando, bicicleta)",13,5,19:00:00,10,5,5,5,5,5,50,50,50
Silvio13215Rocío13,Silvio13215Rocío,Silvio13215Rocío13,Noche,Estaba solo,Viajó en coche/colectivo/moto,"Viajó a algún lado (coche, caminando, bicicleta)",1,1,1,1,1,10,10,"Viajó a algún lado (coche, caminando, bicicleta)",13,5,19:00:00,,5,5,5,5,5,50,50,
Silvio13304Facundo1,Silvio13304Facundo,Silvio13304Facundo1,Mañana,Estaba solo,Preparó comida,"Tareas domésticas (comida, cuida a los hijos, mascotas)",4,2,1,1,1,8,7,Casa donde vive,13,15,7:00:00,,60,30,15,15,15,120,105,
Silvio13304Facundo2,Silvio13304Facundo,Silvio13304Facundo2,Mañana,Estaba solo,Viajó en coche/colectivo/moto,"Viajó a algún lado (coche, caminando, bicicleta)",6,1,1,1,1,7,7,"Viajó a algún lado (coche, caminando, bicicleta)",13,30,7:00:00,,180,30,30,30,30,210,210,
Silvio13304Facundo3,Silvio13304Facundo,Silvio13304Facundo3,Mañana,Con amigos,Estudio,Leyó o estudió,7,1,1,1,1,6,5,"Escuela, Campus, u otro establecimiento educativo",13,180,9:00:00,9,1260,180,180,180,180,1080,900,1620
Silvio13304Facundo4,Silvio13304Facundo,Silvio13304Facundo4,Tarde,Con amigos,Comió,"Dedicación personal (comió, bañó, descansó)",7,1,1,1,1,7,7,"Escuela, Campus, u otro establecimiento educativo",13,40,11:00:00,8,280,40,40,40,40,280,280,320
Silvio13304Facundo5,Silvio13304Facundo,Silvio13304Facundo5,Tarde,Estaba solo,Viajó en coche/colectivo/moto,"Viajó a algún lado (coche, caminando, bicicleta)",7,1,1,1,1,7,7,"Viajó a algún lado (coche, caminando, bicicleta)",13,30,12:00:00,,210,30,30,30,30,210,210,
Silvio13304Facundo6,Silvio13304Facundo,Silvio13304Facundo6,Tarde,Estaba solo,"Descansó (siesta,tomar mate, té o café)","Dedicación personal (comió, bañó, descansó)",5,1,1,1,1,7,9,Casa donde vive,13,90,13:00:00,,450,90,90,90,90,630,810,
Silvio13304Facundo7,Silvio13304Facundo,Silvio13304Facundo7,Tarde,Estaba solo,Caminó a algún lado,"Viajó a algún lado (coche, caminando, bicicleta)",1,5,1,1,1,6,4,"Viajó a algún lado (coche, caminando, bicicleta)",12,15,14:00:00,,15,75,15,15,15,90,60,
Silvio13304Facundo8,Silvio13304Facundo,Silvio13304Facundo8,Tarde,Estaba solo,Fue de compras,Compras,5,1,1,1,1,6,3,"Supermercado, despensa, verdulería, carnicería, dietética",12,20,14:00:00,,100,20,20,20,20,120,60,
Silvio13304Facundo9,Silvio13304Facundo,Silvio13304Facundo9,Tarde,Estaba solo,Caminó a algún lado,"Viajó a algún lado (coche, caminando, bicicleta)",8,7,1,1,5,3,3,"Viajó a algún lado (coche, caminando, bicicleta)",13,10,14:00:00,,80,70,10,10,50,30,30,
Silvio13304Facundo10,Silvio13304Facundo,Silvio13304Facundo10,Tarde,Estaba solo,Leyó / Estudió,Leyó o estudió,6,6,3,2,5,7,6,Casa donde vive,13,210,16:00:00,,1260,1260,630,420,1050,1470,1260,
Silvio13304Facundo11,Silvio13304Facundo,Silvio13304Facundo11,Noche,Estaba solo,Preparó comida,"Tareas domésticas (comida, cuida a los hijos, mascotas)",3,1,1,1,1,6,8,Casa donde vive,13,60,18:00:00,,180,60,60,60,60,360,480,
Silvio13304Facundo12,Silvio13304Facundo,Silvio13304Facundo12,Noche,Estaba solo,Se baño o arregló,"Dedicación personal (comió, bañó, descansó)",3,1,1,1,1,8,7,Casa donde vive,13,20,19:00:00,,60,20,20,20,20,160,140,
Silvio13305Federico1,Silvio13305Federico,Silvio13305Federico1,Mañana,Estaba solo,Comió,"Dedicación personal (comió, bañó, descansó)",7,9,5,3,5,7,7,Casa donde vive,13,10,9:00:00,,70,90,50,30,50,70,70,
Silvio13305Federico2,Silvio13305Federico,Silvio13305Federico2,Mañana,Estaba solo,Caminó a algún lado,"Viajó a algún lado (coche, caminando, bicicleta)",5,8,3,3,3,8,8,"Viajó a algún lado (coche, caminando, bicicleta)",13,10,9:00:00,,50,80,30,30,30,80,80,
Silvio13305Federico3,Silvio13305Federico,Silvio13305Federico3,Mañana,Con compañeros de trabajo / escuela / club,Trabajó,Trabajó,6,8,3,3,5,5,8,Lugar de trabajo,13,240,11:00:00,7,1440,1920,720,720,1200,1200,1920,1680
Silvio13305Federico4,Silvio13305Federico,Silvio13305Federico4,Tarde,Estaba solo,Caminó a algún lado,"Viajó a algún lado (coche, caminando, bicicleta)",3,3,3,3,3,7,8,"Viajó a algún lado (coche, caminando, bicicleta)",13,10,13:00:00,,30,30,30,30,30,70,80,
Silvio13305Federico5,Silvio13305Federico,Silvio13305Federico5,Tarde,Con otros familiares,Comió,"Dedicación personal (comió, bañó, descansó)",3,5,3,3,3,6,6,Casa donde vive,13,30,13:00:00,7,90,150,90,90,90,180,180,210
Silvio13305Federico6,Silvio13305Federico,Silvio13305Federico6,Tarde,Con otros familiares,"Descansó (siesta,tomar mate, té o café)","Dedicación personal (comió, bañó, descansó)",5,5,3,3,3,6,7,Casa donde vive,13,30,14:00:00,7,150,150,90,90,90,180,210,210
Silvio13305Federico7,Silvio13305Federico,Silvio13305Federico7,Tarde,Estaba solo,Caminó a algún lado,"Viajó a algún lado (coche, caminando, bicicleta)",3,3,3,3,3,7,9,"Viajó a algún lado (coche, caminando, bicicleta)",14,5,14:00:00,,15,15,15,15,15,35,45,
Silvio13305Federico8,Silvio13305Federico,Silvio13305Federico8,Tarde,Con compañeros de trabajo / escuela / club,Trabajó,Trabajó,5,7,3,3,3,8,9,Lugar de trabajo,14,120,15:00:00,7,600,840,360,360,360,960,1080,840
Silvio13305Federico9,Silvio13305Federico,Silvio13305Federico9,Noche,Estaba solo,Viajó en coche/colectivo/moto,"Viajó a algún lado (coche, caminando, bicicleta)",3,3,2,2,2,2,8,"Viajó a algún lado (coche, caminando, bicicleta)",2,60,17:00:00,,180,180,120,120,120,120,480,
Silvio13305Federico10,Silvio13305Federico,Silvio13305Federico10,Noche,Estaba solo,Viajó en coche/colectivo/moto,"Viajó a algún lado (coche, caminando, bicicleta)",3,3,3,2,2,8,8,"Viajó a algún lado (coche, caminando, bicicleta)",2,10,17:00:00,,30,30,30,20,20,80,80,
Silvio13305Federico11,Silvio13305Federico,Silvio13305Federico11,Noche,Con amigos,Otra actividad de ocio,"Entretenimiento (radio, televisión, computadora, juego en casa)",3,3,3,3,2,8,8,Casa de amigos,2,120,18:00:00,8,360,360,360,360,240,960,960,960
Silvio13305Federico12,Silvio13305Federico,Silvio13305Federico12,Noche,Estaba solo,Viajó en coche/colectivo/moto,"Viajó a algún lado (coche, caminando, bicicleta)",3,3,3,3,3,7,7,"Viajó a algún lado (coche, caminando, bicicleta)",13,10,19:00:00,,30,30,30,30,30,70,70,
Silvio13305Federico13,Silvio13305Federico,Silvio13305Federico13,Noche,Estaba solo,Entretetenimiento con la computadora,"Entretenimiento (radio, televisión, computadora, juego en casa)",3,3,3,3,3,8,8,Casa donde vive,13,120,20:00:00,,360,360,360,360,360,960,960,
Silvio13305Federico14,Silvio13305Federico,Silvio13305Federico14,Noche,Estaba solo,Viajó en coche/colectivo/moto,"Viajó a algún lado (coche, caminando, bicicleta)",3,3,3,3,5,8,9,"Viajó a algún lado (coche, caminando, bicicleta)",9,15,22:00:00,,45,45,45,45,75,120,135,
Silvio13305Federico15,Silvio13305Federico,Silvio13305Federico15,Noche,Con amigos,Comió,"Dedicación personal (comió, bañó, descansó)",3,3,3,3,3,8,9,Casa de amigos,9,300,0:00:00,8,900,900,900,900,900,2400,2700,2400
Silvio13305Federico16,Silvio13305Federico,Silvio13305Federico16,Noche,Estaba solo,Viajó en coche/colectivo/moto,"Viajó a algún lado (coche, caminando, bicicleta)",3,3,3,3,3,7,7,"Viajó a algún lado (coche, caminando, bicicleta)",13,15,0:00:00,,45,45,45,45,45,105,105,
Silvio13305Soledad1,Silvio13305Soledad,Silvio13305Soledad1,Mañana,Con su pareja,Se baño o arregló,"Dedicación personal (comió, bañó, descansó)",3,8,1,1,5,6,9,Casa donde vive,13,15,9:00:00,9,45,120,15,15,75,90,135,135
Silvio13305Soledad2,Silvio13305Soledad,Silvio13305Soledad2,Mañana,Con su pareja,Preparó comida,"Tareas domésticas (comida, cuida a los hijos, mascotas)",1,9,3,1,5,5,10,Casa donde vive,13,15,10:00:00,10,15,135,45,15,75,75,150,150
Silvio13305Soledad3,Silvio13305Soledad,Silvio13305Soledad3,Mañana,Con su pareja,Viajó en coche/colectivo/moto,"Viajó a algún lado (coche, caminando, bicicleta)",2,8,1,1,5,5,5,"Viajó a algún lado (coche, caminando, bicicleta)",12,10,10:00:00,8,20,80,10,10,50,50,50,80
Silvio13305Soledad4,Silvio13305Soledad,Silvio13305Soledad4,Mañana,Destinatario de nuestra actividad laboral (Cliente / paciente / alumno),Trabajó,Trabajó,4,8,6,2,8,3,3,Lugar de trabajo,12,330,13:00:00,5,1320,2640,1980,660,2640,990,990,1650
Silvio13305Soledad5,Silvio13305Soledad,Silvio13305Soledad5,Tarde,Con compañeros de trabajo / escuela / club,Comió,"Dedicación personal (comió, bañó, descansó)",3,5,1,1,1,9,8,Lugar de trabajo,12,40,16:00:00,9,120,200,40,40,40,360,320,360
Silvio13305Soledad6,Silvio13305Soledad,Silvio13305Soledad6,Tarde,Con compañeros de trabajo / escuela / club,Trabajó,Trabajó,6,8,2,2,7,5,7,Lugar de trabajo,12,75,17:00:00,7,450,600,150,150,525,375,525,525
Silvio13305Soledad7,Silvio13305Soledad,Silvio13305Soledad7,Tarde,Estaba solo,Caminó a algún lado,"Viajó a algún lado (coche, caminando, bicicleta)",2,2,3,2,3,8,5,"Viajó a algún lado (coche, caminando, bicicleta)",13,15,18:00:00,,30,30,45,30,45,120,75,
Silvio13305Soledad8,Silvio13305Soledad,Silvio13305Soledad8,Noche,Estaba solo,"Descansó (siesta,tomar mate, té o café)","Dedicación personal (comió, bañó, descansó)",1,7,1,1,1,2,8,Casa donde vive,13,120,19:00:00,,120,840,120,120,120,240,960,
Silvio13305Soledad9,Silvio13305Soledad,Silvio13305Soledad9,Noche,Estaba solo,Se baño o arregló,"Dedicación personal (comió, bañó, descansó)",2,1,1,1,2,8,10,Casa donde vive,13,15,20:00:00,,30,15,15,15,30,120,150,
Silvio13305Soledad10,Silvio13305Soledad,Silvio13305Soledad10,Noche,Con su pareja,"Descansó (siesta,tomar mate, té o café)","Dedicación personal (comió, bañó, descansó)",3,1,1,1,1,1,10,Casa donde vive,13,45,20:00:00,10,135,45,45,45,45,45,450,450
Silvio13305Soledad11,Silvio13305Soledad,Silvio13305Soledad11,Noche,Estaba solo,Viajó en coche/colectivo/moto,"Viajó a algún lado (coche, caminando, bicicleta)",3,3,3,3,1,9,9,"Viajó a algún lado (coche, caminando, bicicleta)",12,15,21:00:00,,45,45,45,45,15,135,135,
Silvio13305Soledad12,Silvio13305Soledad,Silvio13305Soledad12,Noche,Con amigos,Otra actividad de ocio,"Entretenimiento (radio, televisión, computadora, juego en casa)",1,1,1,1,1,10,10,Casa de amigos,12,150,22:00:00,10,150,150,150,150,150,1500,1500,1500
Silvio13305Soledad13,Silvio13305Soledad,Silvio13305Soledad13,Noche,Con su pareja,Viajó en coche/colectivo/moto,"Viajó a algún lado (coche, caminando, bicicleta)",3,1,1,1,1,7,5,"Viajó a algún lado (coche, caminando, bicicleta)",12,5,23:00:00,9,15,5,5,5,5,35,25,45
Silvio13306Matias1,Silvio13306Matias,Silvio13306Matias1,Mañana,Estaba solo,Se baño o arregló,"Dedicación personal (comió, bañó, descansó)",1,4,2,6,2,9,6,Casa donde vive,13,10,8:00:00,,10,40,20,60,20,90,60,
Silvio13306Matias2,Silvio13306Matias,Silvio13306Matias2,Mañana,Con otros familiares,Preparó comida,"Tareas domésticas (comida, cuida a los hijos, mascotas)",4,6,1,4,1,9,8,Casa donde vive,13,20,8:00:00,8,80,120,20,80,20,180,160,160
Silvio13306Matias3,Silvio13306Matias,Silvio13306Matias3,Mañana,Estaba solo,Viajó en coche/colectivo/moto,"Viajó a algún lado (coche, caminando, bicicleta)",2,4,2,4,2,8,8,"Viajó a algún lado (coche, caminando, bicicleta)",3,10,9:00:00,,20,40,20,40,20,80,80,
Silvio13306Matias4,Silvio13306Matias,Silvio13306Matias4,Mañana,Con compañeros de trabajo / escuela / club,Trabajó,Trabajó,5,6,2,3,6,7,8,Lugar de trabajo,3,375,12:00:00,9,1875,2250,750,1125,2250,2625,3000,3375
Silvio13306Matias5,Silvio13306Matias,Silvio13306Matias5,Tarde,Estaba solo,Viajó en coche/colectivo/moto,"Viajó a algún lado (coche, caminando, bicicleta)",1,1,1,1,1,9,8,"Viajó a algún lado (coche, caminando, bicicleta)",13,10,15:00:00,,10,10,10,10,10,90,80,
Silvio13306Matias6,Silvio13306Matias,Silvio13306Matias6,Tarde,Estaba solo,Comió,"Dedicación personal (comió, bañó, descansó)",1,1,1,1,1,10,9,Casa donde vive,13,10,15:00:00,,10,10,10,10,10,100,90,
Silvio13306Matias7,Silvio13306Matias,Silvio13306Matias7,Tarde,Con amigos,Jugó (cartas /juegos),"Entretenimiento (radio, televisión, computadora, juego en casa)",1,3,1,1,2,8,10,Casa donde vive,13,100,16:00:00,9,100,300,100,100,200,800,1000,900
Silvio13306Matias8,Silvio13306Matias,Silvio13306Matias8,Tarde,Con amigos,Otra actividad de ocio,"Entretenimiento (radio, televisión, computadora, juego en casa)",2,3,1,1,1,10,10,Casa donde vive,13,90,18:00:00,,180,270,90,90,90,900,900,
Silvio13306Matias9,Silvio13306Matias,Silvio13306Matias9,Noche,Estaba solo,Vió televisión,"Entretenimiento (radio, televisión, computadora, juego en casa)",1,3,2,3,1,8,9,Casa donde vive,13,150,20:00:00,,150,450,300,450,150,1200,1350,
Silvio13306Matias10,Silvio13306Matias,Silvio13306Matias10,Noche,Con otros familiares,Comió,"Dedicación personal (comió, bañó, descansó)",2,2,2,7,3,7,5,Casa donde vive,13,60,21:00:00,6,120,120,120,420,180,420,300,360
Silvio13310Carlos1,Silvio13310Carlos,Silvio13310Carlos1,Mañana,Con su pareja,Preparó comida,"Tareas domésticas (comida, cuida a los hijos, mascotas)",2,1,1,1,6,8,10,Casa donde vive,13,30,8:00:00,10,60,30,30,30,180,240,300,300
Silvio13310Carlos2,Silvio13310Carlos,Silvio13310Carlos2,Mañana,Estaba solo,Viajó en coche/colectivo/moto,"Viajó a algún lado (coche, caminando, bicicleta)",1,7,1,1,4,9,9,"Viajó a algún lado (coche, caminando, bicicleta)",13,10,9:00:00,,10,70,10,10,40,90,90,
Silvio13310Carlos3,Silvio13310Carlos,Silvio13310Carlos3,Mañana,Estaba solo,Fue de compras,Compras,5,1,6,1,6,7,5,Otros……..,13,15,9:00:00,,75,15,90,15,90,105,75,
Silvio13310Carlos4,Silvio13310Carlos,Silvio13310Carlos4,Mañana,Estaba solo,Viajó en coche/colectivo/moto,"Viajó a algún lado (coche, caminando, bicicleta)",1,1,1,1,1,9,7,"Viajó a algún lado (coche, caminando, bicicleta)",12,10,9:00:00,,10,10,10,10,10,90,70,
Silvio13310Carlos5,Silvio13310Carlos,Silvio13310Carlos5,Mañana,"Personal de servicios, responsables de nuestra actividad, extraños ",Fue de compras,Compras,3,2,1,1,1,6,6,Farmacia,12,10,9:00:00,7,30,20,10,10,10,60,60,70
Silvio13310Carlos6,Silvio13310Carlos,Silvio13310Carlos6,Mañana,Con compañeros de trabajo / escuela / club,Viajó en coche/colectivo/moto,"Viajó a algún lado (coche, caminando, bicicleta)",2,1,1,1,6,6,4,"Viajó a algún lado (coche, caminando, bicicleta)",13,15,10:00:00,2,30,15,15,15,90,90,60,30
Silvio13310Carlos7,Silvio13310Carlos,Silvio13310Carlos7,Tarde,Con su pareja,Comió,"Dedicación personal (comió, bañó, descansó)",1,1,1,1,1,8,9,Casa donde vive,13,60,10:00:00,10,60,60,60,60,60,480,540,600
Silvio13310Carlos8,Silvio13310Carlos,Silvio13310Carlos8,Tarde,Estaba solo,Hizo tareas domésticas,"Tareas domésticas (comida, cuida a los hijos, mascotas)",1,1,1,1,5,9,9,Casa donde vive,13,270,13:00:00,,270,270,270,270,1350,2430,2430,
Silvio13310Carlos9,Silvio13310Carlos,Silvio13310Carlos9,Noche,Con su pareja,Preparó comida,"Tareas domésticas (comida, cuida a los hijos, mascotas)",1,1,1,1,1,9,9,Casa donde vive,13,30,15:00:00,10,30,30,30,30,30,270,270,300
Silvio13310Carlos10,Silvio13310Carlos,Silvio13310Carlos10,Noche,Con su pareja,Vió televisión,"Entretenimiento (radio, televisión, computadora, juego en casa)",1,1,5,1,1,9,9,Casa donde vive,13,150,17:00:00,10,150,150,750,150,150,1350,1350,1500
Silvio13310Carlos11,Silvio13310Carlos,Silvio13310Carlos11,Noche,Con su pareja,Comió,"Dedicación personal (comió, bañó, descansó)",1,1,1,1,5,9,8,Casa donde vive,13,60,19:00:00,9,60,60,60,60,300,540,480,540
Silvio13310Carlos12,Silvio13310Carlos,Silvio13310Carlos12,Noche,Con su pareja,Vió televisión,"Entretenimiento (radio, televisión, computadora, juego en casa)",1,1,1,1,1,9,10,Casa donde vive,13,30,19:00:00,10,30,30,30,30,30,270,300,300
Silvio13310Norma1,Silvio13310Norma,Silvio13310Norma1,Mañana,Estaba solo,Comió,"Dedicación personal (comió, bañó, descansó)",5,1,1,1,1,8,9,Casa donde vive,13,45,12:00:00,,225,45,45,45,45,360,405,
Silvio13310Norma2,Silvio13310Norma,Silvio13310Norma2,Tarde,Estaba solo,Hizo tareas domésticas,"Tareas domésticas (comida, cuida a los hijos, mascotas)",5,3,1,1,2,7,8,Casa donde vive,13,45,13:00:00,,225,135,45,45,90,315,360,
Silvio13310Norma3,Silvio13310Norma,Silvio13310Norma3,Tarde,Estaba solo,Preparó comida,"Tareas domésticas (comida, cuida a los hijos, mascotas)",2,6,1,1,3,6,7,Casa donde vive,13,30,13:00:00,,60,180,30,30,90,180,210,
Silvio13310Norma4,Silvio13310Norma,Silvio13310Norma4,Tarde,Estaba solo,Comió,"Dedicación personal (comió, bañó, descansó)",1,3,1,1,3,6,8,Casa donde vive,13,30,14:00:00,,30,90,30,30,90,180,240,
Silvio13310Norma5,Silvio13310Norma,Silvio13310Norma5,Tarde,Estaba solo,Hizo tareas domésticas,"Tareas domésticas (comida, cuida a los hijos, mascotas)",3,5,1,1,1,6,8,Casa donde vive,13,45,15:00:00,,135,225,45,45,45,270,360,
Silvio13310Norma6,Silvio13310Norma,Silvio13310Norma6,Tarde,Estaba solo,Viajó en coche/colectivo/moto,"Viajó a algún lado (coche, caminando, bicicleta)",1,3,1,1,1,6,6,"Viajó a algún lado (coche, caminando, bicicleta)",13,5,15:00:00,,5,15,5,5,5,30,30,
Silvio13310Norma7,Silvio13310Norma,Silvio13310Norma7,Tarde,"Personal de servicios, responsables de nuestra actividad, extraños ",Fue de compras,Compras,1,1,1,1,1,8,10,Otros……..,13,30,15:00:00,8,30,30,30,30,30,240,300,240
Silvio13310Norma8,Silvio13310Norma,Silvio13310Norma8,Tarde,Estaba solo,Viajó en coche/colectivo/moto,"Viajó a algún lado (coche, caminando, bicicleta)",1,3,1,1,1,6,6,"Viajó a algún lado (coche, caminando, bicicleta)",13,5,16:00:00,,5,15,5,5,5,30,30,
Silvio13310Norma9,Silvio13310Norma,Silvio13310Norma9,Tarde,Estaba solo,Viajó en coche/colectivo/moto,"Viajó a algún lado (coche, caminando, bicicleta)",3,5,1,1,1,6,6,"Viajó a algún lado (coche, caminando, bicicleta)",2,5,16:00:00,,15,25,5,5,5,30,30,
Silvio13310Norma10,Silvio13310Norma,Silvio13310Norma10,Tarde,"Personal de servicios, responsables de nuestra actividad, extraños ","Por salud (estudios, consulta)",Trámites o Salud,3,6,5,1,3,6,6,Veterinaria ,2,65,16:00:00,8,195,390,325,65,195,390,390,520
Silvio13310Norma11,Silvio13310Norma,Silvio13310Norma11,Tarde,Estaba solo,Viajó en coche/colectivo/moto,"Viajó a algún lado (coche, caminando, bicicleta)",3,3,1,1,1,6,6,"Viajó a algún lado (coche, caminando, bicicleta)",13,5,17:00:00,,15,15,5,5,5,30,30,
Silvio13310Norma12,Silvio13310Norma,Silvio13310Norma12,Noche,Estaba solo,Vió televisión,"Entretenimiento (radio, televisión, computadora, juego en casa)",1,1,1,1,1,6,9,Casa donde vive,13,60,17:00:00,,60,60,60,60,60,360,540,
Silvio13310Norma13,Silvio13310Norma,Silvio13310Norma13,Noche,Estaba solo,Se baño o arregló,"Dedicación personal (comió, bañó, descansó)",1,1,1,1,1,7,10,Casa donde vive,13,45,18:00:00,,45,45,45,45,45,315,450,
Silvio13310Norma14,Silvio13310Norma,Silvio13310Norma14,Noche,Estaba solo,Viajó en coche/colectivo/moto,"Viajó a algún lado (coche, caminando, bicicleta)",3,5,2,1,2,6,6,"Viajó a algún lado (coche, caminando, bicicleta)",12,10,19:00:00,,30,50,20,10,20,60,60,
Silvio13310Norma15,Silvio13310Norma,Silvio13310Norma15,Noche,Con otros familiares,Habló con alguien,"Relaciones sociales (Charlar, cuidar, actividad religiosa, otras relaciones)",3,3,1,1,2,7,8,Casa de los padres,12,45,19:00:00,,135,135,45,45,90,315,360,
Silvio13310Norma16,Silvio13310Norma,Silvio13310Norma16,Noche,Estaba solo,Viajó en coche/colectivo/moto,"Viajó a algún lado (coche, caminando, bicicleta)",1,1,1,1,1,6,6,"Viajó a algún lado (coche, caminando, bicicleta)",13,10,20:00:00,,10,10,10,10,10,60,60,
Silvio13310Norma17,Silvio13310Norma,Silvio13310Norma17,Noche,Con sus hijos adultos,Comió,"Dedicación personal (comió, bañó, descansó)",1,1,1,1,1,9,10,Casa donde vive,13,120,21:00:00,10,120,120,120,120,120,1080,1200,1200
Silvio14207Renzo1,Silvio14207Renzo,Silvio14207Renzo1,Mañana,Estaba solo,Se baño o arregló,"Dedicación personal (comió, bañó, descansó)",3,6,1,1,2,9,5,Casa donde vive,14,15,7:00:00,,45,90,15,15,30,135,75,
Silvio14207Renzo2,Silvio14207Renzo,Silvio14207Renzo2,Mañana,Estaba solo,Comió,"Dedicación personal (comió, bañó, descansó)",4,8,1,1,2,7,5,Casa donde vive,14,10,7:00:00,,40,80,10,10,20,70,50,
Silvio14207Renzo3,Silvio14207Renzo,Silvio14207Renzo3,Mañana,Estaba solo,Viajó en coche/colectivo/moto,"Viajó a algún lado (coche, caminando, bicicleta)",4,6,1,1,3,7,5,"Viajó a algún lado (coche, caminando, bicicleta)",4,20,8:00:00,,80,120,20,20,60,140,100,
Silvio14207Renzo4,Silvio14207Renzo,Silvio14207Renzo4,Mañana,"Personal de servicios, responsables de nuestra actividad, extraños ",Estudio,Leyó o estudió,5,5,2,1,1,8,7,"Escuela, Campus, u otro establecimiento educativo",4,180,9:00:00,8,900,900,360,180,180,1440,1260,1440
Silvio14207Renzo5,Silvio14207Renzo,Silvio14207Renzo5,Mañana,Con amigos,Comió,"Dedicación personal (comió, bañó, descansó)",1,1,1,1,1,8,9,"Escuela, Campus, u otro establecimiento educativo",4,20,11:00:00,9,20,20,20,20,20,160,180,180
Silvio14207Renzo6,Silvio14207Renzo,Silvio14207Renzo6,Tarde,Con amigos,Leyó / Estudió,Leyó o estudió,1,1,1,1,1,8,7,"Escuela, Campus, u otro establecimiento educativo",4,140,12:00:00,9,140,140,140,140,140,1120,980,1260
Silvio14207Renzo7,Silvio14207Renzo,Silvio14207Renzo7,Tarde,Estaba solo,Viajó en coche/colectivo/moto,"Viajó a algún lado (coche, caminando, bicicleta)",1,4,1,1,3,7,6,"Viajó a algún lado (coche, caminando, bicicleta)",14,20,14:00:00,,20,80,20,20,60,140,120,
Silvio14207Renzo8,Silvio14207Renzo,Silvio14207Renzo8,Tarde,Estaba solo,"Descansó (siesta,tomar mate, té o café)","Dedicación personal (comió, bañó, descansó)","2,65732484076433","3,05887969446213","1,82854406130268","1,62559846792212","2,55303514376997","7,29674537332483","7,95789473684211",Casa donde vive,14,120,15:00:00,,"318,87898089172","367,065563335455","219,425287356322","195,071816150654","306,364217252396","875,609444798979","954,947368421053",
Silvio14207Renzo9,Silvio14207Renzo,Silvio14207Renzo9,Noche,Estaba solo,Leyó / Estudió,Leyó o estudió,3,4,1,1,1,8,7,Casa donde vive,14,60,16:00:00,,180,240,60,60,60,480,420,
Silvio14207Renzo10,Silvio14207Renzo,Silvio14207Renzo10,Noche,Estaba solo,Caminó a algún lado,"Viajó a algún lado (coche, caminando, bicicleta)",4,6,1,1,1,9,5,"Viajó a algún lado (coche, caminando, bicicleta)",12,30,17:00:00,,120,180,30,30,30,270,150,
Silvio14207Renzo11,Silvio14207Renzo,Silvio14207Renzo11,Noche,Con amigos,Comió,"Dedicación personal (comió, bañó, descansó)",1,6,1,1,1,8,8,Casa de amigos,12,30,17:00:00,9,30,180,30,30,30,240,240,270
Silvio14207Renzo12,Silvio14207Renzo,Silvio14207Renzo12,Noche,Estaba solo,Viajó en coche/colectivo/moto,"Viajó a algún lado (coche, caminando, bicicleta)",1,6,1,1,1,8,6,"Viajó a algún lado (coche, caminando, bicicleta)",14,10,18:00:00,,10,60,10,10,10,80,60,
Silvio161204Ariel1,Silvio161204Ariel,Silvio161204Ariel1,Mañana,Con sus hijos jóvenes o nietos,Preparó comida,"Tareas domésticas (comida, cuida a los hijos, mascotas)",1,1,1,1,1,10,10,Casa donde vive,16,45,10:00:00,10,45,45,45,45,45,450,450,450
Silvio161204Ariel2,Silvio161204Ariel,Silvio161204Ariel2,Mañana,Con sus hijos jóvenes o nietos,Jugó (cartas /juegos),"Entretenimiento (radio, televisión, computadora, juego en casa)",1,1,1,1,1,10,10,Casa donde vive,16,120,11:00:00,10,120,120,120,120,120,1200,1200,1200
Silvio161204Ariel3,Silvio161204Ariel,Silvio161204Ariel3,Tarde,Con pareja e hijos,Comió,"Dedicación personal (comió, bañó, descansó)",3,1,1,1,1,10,10,Casa donde vive,16,45,13:00:00,9,135,45,45,45,45,450,450,405
Silvio161204Ariel4,Silvio161204Ariel,Silvio161204Ariel4,Tarde,Con pareja e hijos,Viajó en coche/colectivo/moto,"Viajó a algún lado (coche, caminando, bicicleta)",1,8,1,1,1,9,10,"Viajó a algún lado (coche, caminando, bicicleta)",13,10,13:00:00,10,10,80,10,10,10,90,100,100
Silvio161204Ariel5,Silvio161204Ariel,Silvio161204Ariel5,Tarde,Con pareja e hijos,Jugó (cartas /juegos),"Entretenimiento (radio, televisión, computadora, juego en casa)",1,1,1,1,1,10,10,"Escuela, Campus, u otro establecimiento educativo",13,20,13:00:00,10,20,20,20,20,20,200,200,200
Silvio161204Ariel6,Silvio161204Ariel,Silvio161204Ariel6,Tarde,Con su pareja,Viajó en coche/colectivo/moto,"Viajó a algún lado (coche, caminando, bicicleta)",1,1,1,1,1,9,10,"Viajó a algún lado (coche, caminando, bicicleta)",12,5,14:00:00,10,5,5,5,5,5,45,50,50
Silvio161204Ariel7,Silvio161204Ariel,Silvio161204Ariel7,Tarde,Con su pareja,Trámites,Trámites o Salud,1,1,1,1,1,10,9,"Bancos, u otra entidad financiera ",12,40,14:00:00,10,40,40,40,40,40,400,360,400
Silvio161204Ariel8,Silvio161204Ariel,Silvio161204Ariel8,Tarde,Con su pareja,Viajó en coche/colectivo/moto,"Viajó a algún lado (coche, caminando, bicicleta)",1,1,1,1,1,9,10,"Viajó a algún lado (coche, caminando, bicicleta)",16,15,14:00:00,10,15,15,15,15,15,135,150,150
Silvio161204Ariel9,Silvio161204Ariel,Silvio161204Ariel9,Tarde,Con su pareja,Hizo tareas domésticas,"Tareas domésticas (comida, cuida a los hijos, mascotas)",1,1,1,1,1,10,10,Casa donde vive,16,120,15:00:00,10,120,120,120,120,120,1200,1200,1200
Silvio161204Ariel10,Silvio161204Ariel,Silvio161204Ariel10,Tarde,Estaba solo,Viajó en coche/colectivo/moto,"Viajó a algún lado (coche, caminando, bicicleta)",1,1,1,1,1,10,10,"Viajó a algún lado (coche, caminando, bicicleta)",13,20,17:00:00,,20,20,20,20,20,200,200,
Silvio161204Ariel11,Silvio161204Ariel,Silvio161204Ariel11,Tarde,Con sus hijos jóvenes o nietos,Viajó en coche/colectivo/moto,"Viajó a algún lado (coche, caminando, bicicleta)",1,1,1,1,1,10,10,"Viajó a algún lado (coche, caminando, bicicleta)",13,20,17:00:00,10,20,20,20,20,20,200,200,200
Silvio161204Ariel12,Silvio161204Ariel,Silvio161204Ariel12,Tarde,Con su pareja,Viajó en coche/colectivo/moto,"Viajó a algún lado (coche, caminando, bicicleta)",1,1,1,1,1,8,10,"Viajó a algún lado (coche, caminando, bicicleta)",16,20,17:00:00,10,20,20,20,20,20,160,200,200
Silvio161204Ariel13,Silvio161204Ariel,Silvio161204Ariel13,Tarde,Con sus hijos adultos,Preparó comida,"Tareas domésticas (comida, cuida a los hijos, mascotas)",1,1,1,1,1,10,10,Casa donde vive,16,40,18:00:00,10,40,40,40,40,40,400,400,400
Silvio161204Ariel14,Silvio161204Ariel,Silvio161204Ariel14,Noche,Con sus hijos jóvenes o nietos,Jugó (cartas /juegos),"Entretenimiento (radio, televisión, computadora, juego en casa)",1,1,1,1,1,10,10,Casa donde vive,16,240,20:00:00,10,240,240,240,240,240,2400,2400,2400
Silvio161204Ariel15,Silvio161204Ariel,Silvio161204Ariel15,Noche,Con sus hijos adultos,Preparó comida,"Tareas domésticas (comida, cuida a los hijos, mascotas)",1,1,1,1,1,10,10,Casa donde vive,16,90,23:00:00,10,90,90,90,90,90,900,900,900
Silvio161204Romina1,Silvio161204Romina,Silvio161204Romina1,Mañana,Con sus hijos jóvenes o nietos,Se baño o arregló,"Dedicación personal (comió, bañó, descansó)",7,8,8,2,8,5,1,Casa donde vive,16,10,7:00:00,6,70,80,80,20,80,50,10,60
Silvio161204Romina2,Silvio161204Romina,Silvio161204Romina2,Mañana,Con pareja e hijos,Preparó comida,"Tareas domésticas (comida, cuida a los hijos, mascotas)",5,5,5,2,2,7,7,Casa donde vive,16,15,7:00:00,8,75,75,75,30,30,105,105,120
Silvio161204Romina3,Silvio161204Romina,Silvio161204Romina3,Mañana,Con otros familiares,Caminó a algún lado,"Viajó a algún lado (coche, caminando, bicicleta)",2,2,2,2,2,9,9,"Viajó a algún lado (coche, caminando, bicicleta)",14,30,8:00:00,9,60,60,60,60,60,270,270,270
Silvio161204Romina4,Silvio161204Romina,Silvio161204Romina4,Mañana,Con otros familiares,Caminó a algún lado,"Viajó a algún lado (coche, caminando, bicicleta)",2,2,2,2,2,8,9,"Viajó a algún lado (coche, caminando, bicicleta)",16,30,8:00:00,9,60,60,60,60,60,240,270,270
Silvio161204Romina5,Silvio161204Romina,Silvio161204Romina5,Mañana,Con su pareja,Trabajó,Trabajó,3,6,2,2,2,7,7,Casa donde vive,16,120,9:00:00,9,360,720,240,240,240,840,840,1080
Silvio161204Romina6,Silvio161204Romina,Silvio161204Romina6,Mañana,Estaba solo,Se baño o arregló,"Dedicación personal (comió, bañó, descansó)",2,2,2,2,2,8,9,Casa donde vive,16,30,11:00:00,,60,60,60,60,60,240,270,
Silvio161204Romina7,Silvio161204Romina,Silvio161204Romina7,Tarde,Estaba solo,Preparó comida,"Tareas domésticas (comida, cuida a los hijos, mascotas)",2,2,2,2,2,8,8,Casa donde vive,16,60,11:00:00,,120,120,120,120,120,480,480,
Silvio161204Romina8,Silvio161204Romina,Silvio161204Romina8,Tarde,Con pareja e hijos,Comió,"Dedicación personal (comió, bañó, descansó)",3,3,2,2,2,8,8,Casa donde vive,16,90,13:00:00,9,270,270,180,180,180,720,720,810
Silvio161204Romina9,Silvio161204Romina,Silvio161204Romina9,Tarde,Con pareja e hijos,Viajó en coche/colectivo/moto,"Viajó a algún lado (coche, caminando, bicicleta)",4,3,2,2,2,8,6,"Viajó a algún lado (coche, caminando, bicicleta)",12,20,14:00:00,8,80,60,40,40,40,160,120,160
Silvio161204Romina10,Silvio161204Romina,Silvio161204Romina10,Tarde,Con sus hijos jóvenes o nietos,"Por salud (estudios, consulta)",Trámites o Salud,4,2,3,2,3,7,6,"Hospital, Clínica, Centro de Salud",12,120,15:00:00,8,480,240,360,240,360,840,720,960
Silvio161204Romina11,Silvio161204Romina,Silvio161204Romina11,Tarde,"Personal de servicios, responsables de nuestra actividad, extraños ",Viajó en coche/colectivo/moto,"Viajó a algún lado (coche, caminando, bicicleta)",4,5,2,2,2,7,7,"Viajó a algún lado (coche, caminando, bicicleta)",16,20,16:00:00,7,80,100,40,40,40,140,140,140
Silvio161204Romina12,Silvio161204Romina,Silvio161204Romina12,Noche,Estaba solo,Vió televisión,"Entretenimiento (radio, televisión, computadora, juego en casa)",2,2,2,2,2,7,8,Casa donde vive,16,120,17:00:00,,240,240,240,240,240,840,960,
Silvio161204Romina13,Silvio161204Romina,Silvio161204Romina13,Noche,Con pareja e hijos,Preparó comida,"Tareas domésticas (comida, cuida a los hijos, mascotas)",2,4,2,2,2,6,8,Casa donde vive,16,120,19:00:00,8,240,480,240,240,240,720,960,960
Silvio161204Romina14,Silvio161204Romina,Silvio161204Romina14,Noche,Con su pareja,Vió televisión,"Entretenimiento (radio, televisión, computadora, juego en casa)",2,1,1,1,1,8,9,Casa donde vive,16,60,21:00:00,8,120,60,60,60,60,480,540,480
Silvio3309Ignacio1,Silvio3309Ignacio,Silvio3309Ignacio1,Mañana,Con su pareja,Preparó comida,"Tareas domésticas (comida, cuida a los hijos, mascotas)",3,6,1,1,2,8,5,Casa donde vive,3,60,7:00:00,3,180,360,60,60,120,480,300,180
Silvio3309Ignacio2,Silvio3309Ignacio,Silvio3309Ignacio2,Mañana,Estaba solo,Trabajó,Trabajó,2,2,1,1,5,5,8,Casa donde vive,3,120,9:00:00,,240,240,120,120,600,600,960,
Silvio3309Ignacio3,Silvio3309Ignacio,Silvio3309Ignacio3,Mañana,Estaba solo,Viajó en bicicleta,"Viajó a algún lado (coche, caminando, bicicleta)",2,1,1,1,1,10,5,"Viajó a algún lado (coche, caminando, bicicleta)",12,10,10:00:00,,20,10,10,10,10,100,50,
Silvio3309Ignacio4,Silvio3309Ignacio,Silvio3309Ignacio4,Mañana,Con compañeros de trabajo / escuela / club,Trabajó,Trabajó,5,5,5,1,3,8,7,Lugar de trabajo,12,240,12:00:00,8,1200,1200,1200,240,720,1920,1680,1920
Silvio3309Ignacio5,Silvio3309Ignacio,Silvio3309Ignacio5,Tarde,Estaba solo,Viajó en bicicleta,"Viajó a algún lado (coche, caminando, bicicleta)",8,10,9,1,5,5,2,"Viajó a algún lado (coche, caminando, bicicleta)",3,15,14:00:00,,120,150,135,15,75,75,30,
Silvio3309Ignacio6,Silvio3309Ignacio,Silvio3309Ignacio6,Tarde,Estaba solo,Comió,"Dedicación personal (comió, bañó, descansó)",3,5,2,1,2,5,6,Casa donde vive,3,20,14:00:00,,60,100,40,20,40,100,120,
Silvio3309Ignacio7,Silvio3309Ignacio,Silvio3309Ignacio7,Tarde,Estaba solo,Vió televisión,"Entretenimiento (radio, televisión, computadora, juego en casa)",5,2,1,1,3,5,8,Casa donde vive,3,60,15:00:00,,300,120,60,60,180,300,480,
Silvio3309Ignacio8,Silvio3309Ignacio,Silvio3309Ignacio8,Tarde,Estaba solo,Trabajó,Trabajó,2,5,2,1,1,5,8,Casa donde vive,3,120,17:00:00,,240,600,240,120,120,600,960,
Silvio3309Ignacio9,Silvio3309Ignacio,Silvio3309Ignacio9,Noche,Estaba solo,Hizo ejercicio o dio paseo,Hizo ejercicio o dio paseo,1,1,1,1,1,10,8,Casa donde vive,3,45,18:00:00,,45,45,45,45,45,450,360,
Silvio3309Ignacio10,Silvio3309Ignacio,Silvio3309Ignacio10,Noche,Estaba solo,Viajó en bicicleta,"Viajó a algún lado (coche, caminando, bicicleta)",1,8,1,1,1,5,5,"Viajó a algún lado (coche, caminando, bicicleta)",10,15,19:00:00,,15,120,15,15,15,75,75,
Silvio3309Ignacio11,Silvio3309Ignacio,Silvio3309Ignacio11,Noche,Con amigos,Hizo ejercicio o dio paseo,Hizo ejercicio o dio paseo,10,7,7,1,10,1,8,Clubes deportivos,10,60,19:00:00,6,600,420,420,60,600,60,480,360
Silvio3309Ignacio12,Silvio3309Ignacio,Silvio3309Ignacio12,Noche,Estaba solo,Viajó en bicicleta,"Viajó a algún lado (coche, caminando, bicicleta)",10,2,8,1,5,5,5,"Viajó a algún lado (coche, caminando, bicicleta)",3,20,20:00:00,,200,40,160,20,100,100,100,
Silvio3309Ignacio13,Silvio3309Ignacio,Silvio3309Ignacio13,Noche,Estaba solo,Se baño o arregló,"Dedicación personal (comió, bañó, descansó)",5,1,10,1,9,5,10,Casa donde vive,3,30,20:00:00,,150,30,300,30,270,150,300,
Silvio3309Ignacio14,Silvio3309Ignacio,Silvio3309Ignacio14,Noche,Con su pareja,Preparó comida,"Tareas domésticas (comida, cuida a los hijos, mascotas)",5,1,1,1,5,7,8,Casa donde vive,3,90,21:00:00,10,450,90,90,90,450,630,720,900
Silvio3309Ignacio15,Silvio3309Ignacio,Silvio3309Ignacio15,Noche,Estaba solo,Vió televisión,"Entretenimiento (radio, televisión, computadora, juego en casa)",1,1,1,1,1,8,9,Casa donde vive,3,60,22:00:00,,60,60,60,60,60,480,540,
Silvio3312Francisco1,Silvio3312Francisco,Silvio3312Francisco1,Mañana,Estaba solo,Viajó en coche/colectivo/moto,"Viajó a algún lado (coche, caminando, bicicleta)",4,1,2,1,1,7,2,"Viajó a algún lado (coche, caminando, bicicleta)",7,15,8:00:00,,60,15,30,15,15,105,30,
Silvio3312Francisco2,Silvio3312Francisco,Silvio3312Francisco2,Mañana,"Personal de servicios, responsables de nuestra actividad, extraños ",Habló con alguien,"Relaciones sociales (Charlar, cuidar, actividad religiosa, otras relaciones)",4,8,2,1,8,4,4,Taller mecánico,7,30,9:00:00,8,120,240,60,30,240,120,120,240
Silvio3312Francisco3,Silvio3312Francisco,Silvio3312Francisco3,Mañana,"Personal de servicios, responsables de nuestra actividad, extraños ",Viajó en coche/colectivo/moto,"Viajó a algún lado (coche, caminando, bicicleta)",6,9,3,1,2,8,2,"Viajó a algún lado (coche, caminando, bicicleta)",13,20,9:00:00,9,120,180,60,20,40,160,40,180
Silvio3312Francisco4,Silvio3312Francisco,Silvio3312Francisco4,Mañana,Estaba solo,Hizo tareas domésticas,"Tareas domésticas (comida, cuida a los hijos, mascotas)",5,9,6,1,3,3,6,Casa donde vive,13,420,13:00:00,,2100,3780,2520,420,1260,1260,2520,
Silvio3312Francisco5,Silvio3312Francisco,Silvio3312Francisco5,Tarde,Estaba solo,Viajó en coche/colectivo/moto,"Viajó a algún lado (coche, caminando, bicicleta)",5,5,3,1,6,8,1,"Viajó a algún lado (coche, caminando, bicicleta)",7,20,17:00:00,,100,100,60,20,120,160,20,
Silvio3312Francisco6,Silvio3312Francisco,Silvio3312Francisco6,Tarde,"Personal de servicios, responsables de nuestra actividad, extraños ",Habló con alguien,"Relaciones sociales (Charlar, cuidar, actividad religiosa, otras relaciones)",7,8,5,1,3,5,1,Taller mecánico,7,20,17:00:00,8,140,160,100,20,60,100,20,160
Silvio3312Francisco7,Silvio3312Francisco,Silvio3312Francisco7,Noche,Estaba solo,Viajó en coche/colectivo/moto,"Viajó a algún lado (coche, caminando, bicicleta)",8,7,8,1,4,4,1,"Viajó a algún lado (coche, caminando, bicicleta)",13,20,17:00:00,,160,140,160,20,80,80,20,
Silvio3312Francisco8,Silvio3312Francisco,Silvio3312Francisco8,Noche,Estaba solo,Otra actividad de ocio,"Entretenimiento (radio, televisión, computadora, juego en casa)",1,4,1,1,2,9,5,Casa donde vive,13,120,18:00:00,,120,480,120,120,240,1080,600,
Silvio3312Francisco9,Silvio3312Francisco,Silvio3312Francisco9,Noche,Estaba solo,Se baño o arregló,"Dedicación personal (comió, bañó, descansó)",3,2,2,2,1,10,9,Casa donde vive,13,30,20:00:00,,90,60,60,60,30,300,270,
Silvio3312Francisco10,Silvio3312Francisco,Silvio3312Francisco10,Noche,Con su pareja,Preparó comida,"Tareas domésticas (comida, cuida a los hijos, mascotas)",1,1,1,1,1,10,9,Casa donde vive,13,60,20:00:00,9,60,60,60,60,60,600,540,540
Silvio3312Francisco11,Silvio3312Francisco,Silvio3312Francisco11,Noche,Con su pareja,Vió televisión,"Entretenimiento (radio, televisión, computadora, juego en casa)",2,1,1,1,2,10,10,Casa donde vive,13,60,21:00:00,10,120,60,60,60,120,600,600,600
Silvio3312María Paz1,Silvio3312María Paz,Silvio3312María Paz1,Mañana,Estaba solo,Preparó comida,"Tareas domésticas (comida, cuida a los hijos, mascotas)",2,3,2,2,2,7,9,Casa donde vive,3,15,9:00:00,,30,45,30,30,30,105,135,
Silvio3312María Paz2,Silvio3312María Paz,Silvio3312María Paz2,Mañana,Estaba solo,Hizo tareas domésticas,"Tareas domésticas (comida, cuida a los hijos, mascotas)",2,6,2,2,2,7,5,Casa donde vive,3,50,10:00:00,,100,300,100,100,100,350,250,
Silvio3312María Paz3,Silvio3312María Paz,Silvio3312María Paz3,Mañana,Estaba solo,Preparó comida,"Tareas domésticas (comida, cuida a los hijos, mascotas)",7,5,2,2,2,8,8,Casa donde vive,3,70,11:00:00,,490,350,140,140,140,560,560,
Silvio3312María Paz4,Silvio3312María Paz,Silvio3312María Paz4,Tarde,Estaba solo,Comió,"Dedicación personal (comió, bañó, descansó)",2,8,2,1,2,7,8,Casa donde vive,3,40,12:00:00,,80,320,80,40,80,280,320,
Silvio3312María Paz5,Silvio3312María Paz,Silvio3312María Paz5,Tarde,Con compañeros de trabajo / escuela / club,Viajó en coche/colectivo/moto,"Viajó a algún lado (coche, caminando, bicicleta)",1,1,1,1,1,6,5,"Viajó a algún lado (coche, caminando, bicicleta)",4,15,12:00:00,7,15,15,15,15,15,90,75,105
Silvio3312María Paz6,Silvio3312María Paz,Silvio3312María Paz6,Tarde,Destinatario de nuestra actividad laboral (Cliente / paciente / alumno),Trabajó,Trabajó,1,1,1,1,1,9,9,Lugar de trabajo,4,180,14:00:00,10,180,180,180,180,180,1620,1620,1800
Silvio3312María Paz7,Silvio3312María Paz,Silvio3312María Paz7,Tarde,Con compañeros de trabajo / escuela / club,Viajó en coche/colectivo/moto,"Viajó a algún lado (coche, caminando, bicicleta)",5,9,1,1,2,4,3,"Viajó a algún lado (coche, caminando, bicicleta)",12,20,16:00:00,8,100,180,20,20,40,80,60,160
Silvio3312María Paz8,Silvio3312María Paz,Silvio3312María Paz8,Tarde,Estaba solo,Trabajó,Trabajó,2,1,1,1,1,9,8,Lugar de trabajo,12,210,18:00:00,,420,210,210,210,210,1890,1680,
Silvio3312María Paz9,Silvio3312María Paz,Silvio3312María Paz9,Noche,Estaba solo,Caminó a algún lado,"Viajó a algún lado (coche, caminando, bicicleta)",1,1,1,1,1,10,10,"Viajó a algún lado (coche, caminando, bicicleta)",3,15,19:00:00,,15,15,15,15,15,150,150,
Silvio3312María Paz10,Silvio3312María Paz,Silvio3312María Paz10,Noche,Estaba solo,Se baño o arregló,"Dedicación personal (comió, bañó, descansó)",1,1,1,1,1,10,10,Casa donde vive,3,25,20:00:00,,25,25,25,25,25,250,250,
Silvio3312María Paz11,Silvio3312María Paz,Silvio3312María Paz11,Noche,Con otros familiares,Comió,"Dedicación personal (comió, bañó, descansó)",1,1,1,1,1,8,9,Casa donde vive,3,15,20:00:00,9,15,15,15,15,15,120,135,135
Silvio3312María Paz12,Silvio3312María Paz,Silvio3312María Paz12,Noche,Con su pareja,Vió televisión,"Entretenimiento (radio, televisión, computadora, juego en casa)",1,1,1,1,1,9,10,Casa donde vive,3,120,21:00:00,10,120,120,120,120,120,1080,1200,1200
Silvio41311Mariana1,Silvio41311Mariana,Silvio41311Mariana1,Mañana,Con su pareja,Cuidó a los niños,"Tareas domésticas (comida, cuida a los hijos, mascotas)",1,7,1,1,1,7,10,Casa donde vive,4,30,6:00:00,9,30,210,30,30,30,210,300,270
Silvio41311Mariana2,Silvio41311Mariana,Silvio41311Mariana2,Mañana,Con sus hijos jóvenes o nietos,Hizo tareas domésticas,"Tareas domésticas (comida, cuida a los hijos, mascotas)",7,8,2,1,1,6,7,Casa donde vive,4,180,8:00:00,9,1260,1440,360,180,180,1080,1260,1620
Silvio41311Mariana3,Silvio41311Mariana,Silvio41311Mariana3,Mañana,Estaba solo,Viajó en coche/colectivo/moto,"Viajó a algún lado (coche, caminando, bicicleta)",7,7,2,1,3,6,7,"Viajó a algún lado (coche, caminando, bicicleta)",13,20,10:00:00,,140,140,40,20,60,120,140,
Silvio41311Mariana4,Silvio41311Mariana,Silvio41311Mariana4,Mañana,Con su pareja,Trabajó,Trabajó,3,3,2,1,1,6,7,Lugar de trabajo,13,150,11:00:00,8,450,450,300,150,150,900,1050,1200
Silvio41311Mariana5,Silvio41311Mariana,Silvio41311Mariana5,Tarde,Estaba solo,Viajó en coche/colectivo/moto,"Viajó a algún lado (coche, caminando, bicicleta)",7,8,3,1,3,6,7,"Viajó a algún lado (coche, caminando, bicicleta)",4,20,12:00:00,,140,160,60,20,60,120,140,
Silvio41311Mariana6,Silvio41311Mariana,Silvio41311Mariana6,Tarde,Con pareja e hijos,Preparó comida,"Tareas domésticas (comida, cuida a los hijos, mascotas)",3,7,2,1,2,8,9,Casa donde vive,4,90,13:00:00,9,270,630,180,90,180,720,810,810
Silvio41311Mariana7,Silvio41311Mariana,Silvio41311Mariana7,Tarde,Estaba solo,Viajó en coche/colectivo/moto,"Viajó a algún lado (coche, caminando, bicicleta)",2,2,2,2,2,8,9,"Viajó a algún lado (coche, caminando, bicicleta)",13,30,14:00:00,,60,60,60,60,60,240,270,
Silvio41311Mariana8,Silvio41311Mariana,Silvio41311Mariana8,Tarde,Con compañeros de trabajo / escuela / club,Hizo ejercicio o dio paseo,Hizo ejercicio o dio paseo,1,1,1,1,1,9,10,Gimnasio y spa,13,60,15:00:00,9,60,60,60,60,60,540,600,540
Silvio41311Mariana9,Silvio41311Mariana,Silvio41311Mariana9,Tarde,Estaba solo,Viajó en coche/colectivo/moto,"Viajó a algún lado (coche, caminando, bicicleta)",2,6,1,1,1,9,8,"Viajó a algún lado (coche, caminando, bicicleta)",10,10,16:00:00,,20,60,10,10,10,90,80,
Silvio41311Mariana10,Silvio41311Mariana,Silvio41311Mariana10,Tarde,Con pareja e hijos,Habló con alguien,"Relaciones sociales (Charlar, cuidar, actividad religiosa, otras relaciones)",1,1,2,1,1,9,9,Casa de parientes,10,120,17:00:00,10,120,120,240,120,120,1080,1080,1200
Silvio41311Mariana11,Silvio41311Mariana,Silvio41311Mariana11,Noche,Con sus hijos jóvenes o nietos,Viajó en coche/colectivo/moto,"Viajó a algún lado (coche, caminando, bicicleta)",9,10,7,2,9,1,1,"Viajó a algún lado (coche, caminando, bicicleta)",4,20,18:00:00,6,180,200,140,40,180,20,20,120
Silvio41311Mariana12,Silvio41311Mariana,Silvio41311Mariana12,Noche,Con pareja e hijos,Preparó comida,"Tareas domésticas (comida, cuida a los hijos, mascotas)",8,6,2,1,1,8,8,Casa donde vive,4,90,19:00:00,9,720,540,180,90,90,720,720,810
Silvio41311Mariana13,Silvio41311Mariana,Silvio41311Mariana13,Noche,Estaba solo,Se baño o arregló,"Dedicación personal (comió, bañó, descansó)",3,3,1,1,1,8,10,Casa donde vive,4,20,20:00:00,,60,60,20,20,20,160,200,
Silvio41313Gonzalo1,Silvio41313Gonzalo,Silvio41313Gonzalo1,Mañana,Estaba solo,Se baño o arregló,"Dedicación personal (comió, bañó, descansó)",8,3,1,1,7,3,10,Casa donde vive,4,15,7:00:00,,120,45,15,15,105,45,150,
Silvio41313Gonzalo2,Silvio41313Gonzalo,Silvio41313Gonzalo2,Mañana,Estaba solo,Preparó comida,"Tareas domésticas (comida, cuida a los hijos, mascotas)",8,7,1,1,8,2,3,Casa donde vive,4,10,7:00:00,,80,70,10,10,80,20,30,
Silvio41313Gonzalo3,Silvio41313Gonzalo,Silvio41313Gonzalo3,Mañana,Estaba solo,Viajó en coche/colectivo/moto,"Viajó a algún lado (coche, caminando, bicicleta)",8,2,1,1,5,5,7,"Viajó a algún lado (coche, caminando, bicicleta)",12,30,7:00:00,,240,60,30,30,150,150,210,
Silvio41313Gonzalo4,Silvio41313Gonzalo,Silvio41313Gonzalo4,Mañana,Con compañeros de trabajo / escuela / club,Trabajó,Trabajó,8,1,3,2,8,3,8,Lugar de trabajo,12,420,11:00:00,6,3360,420,1260,840,3360,1260,3360,2520
Silvio41313Gonzalo5,Silvio41313Gonzalo,Silvio41313Gonzalo5,Tarde,Con compañeros de trabajo / escuela / club,Comió,"Dedicación personal (comió, bañó, descansó)",1,1,1,1,2,10,9,Lugar de trabajo,12,30,15:00:00,10,30,30,30,30,60,300,270,300
Silvio41313Gonzalo6,Silvio41313Gonzalo,Silvio41313Gonzalo6,Tarde,Estaba solo,Viajó en coche/colectivo/moto,"Viajó a algún lado (coche, caminando, bicicleta)",1,3,1,1,1,9,8,"Viajó a algún lado (coche, caminando, bicicleta)",4,30,15:00:00,,30,90,30,30,30,270,240,
Silvio41313Gonzalo7,Silvio41313Gonzalo,Silvio41313Gonzalo7,Tarde,Con su pareja,Habló con alguien,"Relaciones sociales (Charlar, cuidar, actividad religiosa, otras relaciones)",2,1,3,1,1,9,9,Casa donde vive,4,120,17:00:00,9,240,120,360,120,120,1080,1080,1080
Silvio41313Gonzalo8,Silvio41313Gonzalo,Silvio41313Gonzalo8,Noche,Con su pareja,Fue de compras,Compras,1,8,2,1,1,10,10,Casa donde vive,4,10,18:00:00,9,10,80,20,10,10,100,100,90
Silvio41313Gonzalo9,Silvio41313Gonzalo,Silvio41313Gonzalo9,Noche,Con su pareja,Habló con alguien,"Relaciones sociales (Charlar, cuidar, actividad religiosa, otras relaciones)",1,1,1,1,1,9,6,Casa donde vive,4,30,18:00:00,9,30,30,30,30,30,270,180,270
Silvio41313Gonzalo10,Silvio41313Gonzalo,Silvio41313Gonzalo10,Noche,Con su pareja,Viajó en coche/colectivo/moto,"Viajó a algún lado (coche, caminando, bicicleta)",1,1,1,1,1,9,6,"Viajó a algún lado (coche, caminando, bicicleta)",4,20,18:00:00,9,20,20,20,20,20,180,120,180
Silvio41313Gonzalo11,Silvio41313Gonzalo,Silvio41313Gonzalo11,Noche,Con su pareja,Vió televisión,"Entretenimiento (radio, televisión, computadora, juego en casa)",6,1,6,1,1,9,8,Casa donde vive,4,120,20:00:00,9,720,120,720,120,120,1080,960,1080
Silvio41313Gonzalo12,Silvio41313Gonzalo,Silvio41313Gonzalo12,Noche,Estaba solo,Preparó comida,"Tareas domésticas (comida, cuida a los hijos, mascotas)",5,3,4,1,1,10,9,Casa donde vive,4,60,21:00:00,,300,180,240,60,60,600,540,
Silvio41313Gonzalo13,Silvio41313Gonzalo,Silvio41313Gonzalo13,Noche,Estaba solo,Vió televisión,"Entretenimiento (radio, televisión, computadora, juego en casa)",4,1,1,1,1,10,9,Casa donde vive,4,120,23:00:00,,480,120,120,120,120,1200,1080,
Silvio51310Felipe1,Silvio51310Felipe,Silvio51310Felipe1,Mañana,Estaba solo,Se baño o arregló,"Dedicación personal (comió, bañó, descansó)",1,3,3,3,3,5,6,Casa donde vive,5,20,6:00:00,,20,60,60,60,60,100,120,
Silvio51310Felipe2,Silvio51310Felipe,Silvio51310Felipe2,Mañana,Estaba solo,Preparó comida,"Tareas domésticas (comida, cuida a los hijos, mascotas)",2,3,1,1,3,6,7,Casa donde vive,5,30,7:00:00,,60,90,30,30,90,180,210,
Silvio51310Felipe3,Silvio51310Felipe,Silvio51310Felipe3,Mañana,Estaba solo,Viajó en coche/colectivo/moto,"Viajó a algún lado (coche, caminando, bicicleta)",6,8,6,3,6,6,5,"Viajó a algún lado (coche, caminando, bicicleta)",4,20,7:00:00,,120,160,120,60,120,120,100,
Silvio51310Felipe4,Silvio51310Felipe,Silvio51310Felipe4,Mañana,Con amigos,Estudio,Leyó o estudió,2,2,2,1,2,2,10,"Escuela, Campus, u otro establecimiento educativo",4,240,9:00:00,10,480,480,480,240,480,480,2400,2400
Silvio51310Felipe5,Silvio51310Felipe,Silvio51310Felipe5,Tarde,Con amigos,Comió,"Dedicación personal (comió, bañó, descansó)",2,2,2,2,2,8,8,"Escuela, Campus, u otro establecimiento educativo",4,60,12:00:00,9,120,120,120,120,120,480,480,540
Silvio51310Felipe6,Silvio51310Felipe,Silvio51310Felipe6,Tarde,Estaba solo,Viajó en coche/colectivo/moto,"Viajó a algún lado (coche, caminando, bicicleta)",2,7,9,2,6,4,2,"Viajó a algún lado (coche, caminando, bicicleta)",5,20,13:00:00,,40,140,180,40,120,80,40,
Silvio51310Felipe7,Silvio51310Felipe,Silvio51310Felipe7,Tarde,Estaba solo,"Descansó (siesta,tomar mate, té o café)","Dedicación personal (comió, bañó, descansó)",3,2,2,1,2,8,9,Casa donde vive,5,150,14:00:00,,450,300,300,150,300,1200,1350,
Silvio51310Felipe8,Silvio51310Felipe,Silvio51310Felipe8,Tarde,Con amigos,Habló con alguien,"Relaciones sociales (Charlar, cuidar, actividad religiosa, otras relaciones)",2,2,2,2,2,8,9,Casa donde vive,5,30,16:00:00,9,60,60,60,60,60,240,270,270
Silvio51310Felipe9,Silvio51310Felipe,Silvio51310Felipe9,Tarde,Estaba solo,Preparó comida,"Tareas domésticas (comida, cuida a los hijos, mascotas)",7,9,2,6,6,4,2,Casa donde vive,5,20,16:00:00,,140,180,40,120,120,80,40,
Silvio51310Felipe10,Silvio51310Felipe,Silvio51310Felipe10,Tarde,Estaba solo,Viajó en coche/colectivo/moto,"Viajó a algún lado (coche, caminando, bicicleta)",2,1,2,2,3,7,6,"Viajó a algún lado (coche, caminando, bicicleta)",4,10,16:00:00,,20,10,20,20,30,70,60,
Silvio51310Felipe11,Silvio51310Felipe,Silvio51310Felipe11,Tarde,Con amigos,Estudio,Leyó o estudió,2,2,3,3,3,7,7,"Escuela, Campus, u otro establecimiento educativo",4,240,18:00:00,8,480,480,720,720,720,1680,1680,1920
Silvio51310Felipe12,Silvio51310Felipe,Silvio51310Felipe12,Noche,Estaba solo,Viajó en coche/colectivo/moto,"Viajó a algún lado (coche, caminando, bicicleta)",2,2,2,1,2,7,7,"Viajó a algún lado (coche, caminando, bicicleta)",5,15,20:00:00,,30,30,30,15,30,105,105,
Silvio51310Felipe13,Silvio51310Felipe,Silvio51310Felipe13,Noche,Estaba solo,Preparó comida,"Tareas domésticas (comida, cuida a los hijos, mascotas)",2,2,1,1,2,9,10,Casa donde vive,5,60,21:00:00,,120,120,60,60,120,540,600,
Silvio51310Felipe14,Silvio51310Felipe,Silvio51310Felipe14,Noche,Estaba solo,Hizo ejercicio o dio paseo,Hizo ejercicio o dio paseo,3,5,2,1,1,7,7,Casa donde vive,5,30,22:00:00,,90,150,60,30,30,210,210,
Silvio61307Alejandra1,Silvio61307Alejandra,Silvio61307Alejandra1,Mañana,Estaba solo,Preparó comida,"Tareas domésticas (comida, cuida a los hijos, mascotas)",1,8,1,1,5,9,10,Casa donde vive,6,10,6:00:00,,10,80,10,10,50,90,100,
Silvio61307Alejandra2,Silvio61307Alejandra,Silvio61307Alejandra2,Mañana,Con sus hijos jóvenes o nietos,Cuidó a los niños,"Tareas domésticas (comida, cuida a los hijos, mascotas)",1,1,1,1,1,10,10,Casa donde vive,6,30,7:00:00,10,30,30,30,30,30,300,300,300
Silvio61307Alejandra3,Silvio61307Alejandra,Silvio61307Alejandra3,Mañana,Con amigos,Viajó en coche/colectivo/moto,"Viajó a algún lado (coche, caminando, bicicleta)",1,5,1,1,4,10,7,"Viajó a algún lado (coche, caminando, bicicleta)",12,20,7:00:00,6,20,100,20,20,80,200,140,120
Silvio61307Alejandra4,Silvio61307Alejandra,Silvio61307Alejandra4,Mañana,Con compañeros de trabajo / escuela / club,Trabajó,Trabajó,2,10,5,1,1,9,7,Lugar de trabajo,12,285,10:00:00,10,570,2850,1425,285,285,2565,1995,2850
Silvio61307Alejandra5,Silvio61307Alejandra,Silvio61307Alejandra5,Tarde,Estaba solo,Viajó en coche/colectivo/moto,"Viajó a algún lado (coche, caminando, bicicleta)",7,7,1,1,1,7,1,"Viajó a algún lado (coche, caminando, bicicleta)",6,35,12:00:00,,245,245,35,35,35,245,35,
Silvio61307Alejandra6,Silvio61307Alejandra,Silvio61307Alejandra6,Tarde,Con pareja e hijos,Comió,"Dedicación personal (comió, bañó, descansó)",1,5,1,1,6,10,10,Casa donde vive,6,40,13:00:00,9,40,200,40,40,240,400,400,360
Silvio61307Alejandra7,Silvio61307Alejandra,Silvio61307Alejandra7,Tarde,Con sus hijos jóvenes o nietos,Cuidó a los niños,"Tareas domésticas (comida, cuida a los hijos, mascotas)",1,7,1,1,4,10,10,Casa donde vive,6,75,14:00:00,10,75,525,75,75,300,750,750,750
Silvio61307Alejandra8,Silvio61307Alejandra,Silvio61307Alejandra8,Tarde,Con pareja e hijos,Viajó en coche/colectivo/moto,"Viajó a algún lado (coche, caminando, bicicleta)",7,7,1,1,4,10,4,"Viajó a algún lado (coche, caminando, bicicleta)",12,25,15:00:00,10,175,175,25,25,100,250,100,250
Silvio61307Alejandra9,Silvio61307Alejandra,Silvio61307Alejandra9,Tarde,Con compañeros de trabajo / escuela / club,Trabajó,Trabajó,1,10,1,1,1,4,7,Lugar de trabajo,12,360,18:00:00,10,360,3600,360,360,360,1440,2520,3600
Silvio61307Alejandra10,Silvio61307Alejandra,Silvio61307Alejandra10,Noche,Con pareja e hijos,Viajó en coche/colectivo/moto,"Viajó a algún lado (coche, caminando, bicicleta)",1,1,7,1,10,4,7,"Viajó a algún lado (coche, caminando, bicicleta)",6,30,21:00:00,10,30,30,210,30,300,120,210,300
Silvio61307Alejandra11,Silvio61307Alejandra,Silvio61307Alejandra11,Noche,Con pareja e hijos,Se baño o arregló,"Dedicación personal (comió, bañó, descansó)",1,10,10,1,10,1,1,Casa donde vive,6,10,21:00:00,1,10,100,100,10,100,10,10,10
Silvio61307Alejandra12,Silvio61307Alejandra,Silvio61307Alejandra12,Noche,Con sus hijos jóvenes o nietos,Se baño o arregló,"Dedicación personal (comió, bañó, descansó)",1,10,1,1,10,1,1,Casa donde vive,6,20,22:00:00,9,20,200,20,20,200,20,20,180
Silvio61308Marcela1,Silvio61308Marcela,Silvio61308Marcela1,Mañana,Estaba solo,Preparó comida,"Tareas domésticas (comida, cuida a los hijos, mascotas)",3,1,1,1,3,6,9,Casa donde vive,6,20,7:00:00,,60,20,20,20,60,120,180,
Silvio61308Marcela2,Silvio61308Marcela,Silvio61308Marcela2,Mañana,Estaba solo,Leyó / Estudió,Leyó o estudió,6,3,1,1,7,3,7,Casa donde vive,6,120,8:00:00,,720,360,120,120,840,360,840,
Silvio61308Marcela3,Silvio61308Marcela,Silvio61308Marcela3,Mañana,Estaba solo,Hizo tareas domésticas,"Tareas domésticas (comida, cuida a los hijos, mascotas)",1,5,3,1,2,8,6,Casa donde vive,6,30,10:00:00,,30,150,90,30,60,240,180,
Silvio61308Marcela4,Silvio61308Marcela,Silvio61308Marcela4,Mañana,Estaba solo,Preparó comida,"Tareas domésticas (comida, cuida a los hijos, mascotas)",1,1,1,1,1,10,9,Casa donde vive,6,60,10:00:00,,60,60,60,60,60,600,540,
Silvio61308Marcela5,Silvio61308Marcela,Silvio61308Marcela5,Tarde,Estaba solo,Comió,"Dedicación personal (comió, bañó, descansó)",1,1,1,1,1,10,9,Casa donde vive,6,20,11:00:00,,20,20,20,20,20,200,180,
Silvio61308Marcela6,Silvio61308Marcela,Silvio61308Marcela6,Tarde,Estaba solo,"Descansó (siesta,tomar mate, té o café)","Dedicación personal (comió, bañó, descansó)",1,1,1,1,1,10,9,Casa donde vive,6,60,12:00:00,,60,60,60,60,60,600,540,
Silvio61308Marcela7,Silvio61308Marcela,Silvio61308Marcela7,Tarde,Estaba solo,Viajó en coche/colectivo/moto,"Viajó a algún lado (coche, caminando, bicicleta)",1,1,1,1,1,9,6,"Viajó a algún lado (coche, caminando, bicicleta)",16,45,13:00:00,,45,45,45,45,45,405,270,
Silvio61308Marcela8,Silvio61308Marcela,Silvio61308Marcela8,Tarde,Con otros familiares,Trabajó,Trabajó,5,7,3,1,5,6,6,Lugar de trabajo,16,240,15:00:00,9,1200,1680,720,240,1200,1440,1440,2160
Silvio61308Marcela9,Silvio61308Marcela,Silvio61308Marcela9,Noche,Con otros familiares,Viajó en coche/colectivo/moto,"Viajó a algún lado (coche, caminando, bicicleta)",6,5,3,1,4,7,8,"Viajó a algún lado (coche, caminando, bicicleta)",6,10,17:00:00,8,60,50,30,10,40,70,80,80
Silvio61308Marcela10,Silvio61308Marcela,Silvio61308Marcela10,Noche,Estaba solo,Comió,"Dedicación personal (comió, bañó, descansó)",5,1,1,1,3,5,9,Casa donde vive,6,30,17:00:00,,150,30,30,30,90,150,270,
Silvio61308Marcela11,Silvio61308Marcela,Silvio61308Marcela11,Noche,Con su pareja,Vió televisión,"Entretenimiento (radio, televisión, computadora, juego en casa)",1,1,6,1,5,9,9,Casa donde vive,6,90,18:00:00,10,90,90,540,90,450,810,810,900
Silvio61308Mariano1,Silvio61308Mariano,Silvio61308Mariano1,Mañana,Estaba solo,Preparó comida,"Tareas domésticas (comida, cuida a los hijos, mascotas)",4,7,2,1,2,8,8,Casa donde vive,6,30,11:00:00,,120,210,60,30,60,240,240,
Silvio61308Mariano2,Silvio61308Mariano,Silvio61308Mariano2,Mañana,Estaba solo,Viajó en coche/colectivo/moto,"Viajó a algún lado (coche, caminando, bicicleta)",4,8,4,1,2,9,10,"Viajó a algún lado (coche, caminando, bicicleta)",6,15,12:00:00,,60,120,60,15,30,135,150,
Silvio61308Mariano3,Silvio61308Mariano,Silvio61308Mariano3,Mañana,Con otros familiares,Habló con alguien,"Relaciones sociales (Charlar, cuidar, actividad religiosa, otras relaciones)",2,3,1,1,1,8,10,Casa de parientes,6,105,13:00:00,10,210,315,105,105,105,840,1050,1050
Silvio61308Mariano4,Silvio61308Mariano,Silvio61308Mariano4,Tarde,Con otros familiares,Comió,"Dedicación personal (comió, bañó, descansó)",2,3,1,1,1,8,10,Casa de parientes,6,60,14:00:00,9,120,180,60,60,60,480,600,540
Silvio61308Mariano5,Silvio61308Mariano,Silvio61308Mariano5,Tarde,Estaba solo,Viajó en coche/colectivo/moto,"Viajó a algún lado (coche, caminando, bicicleta)",2,4,2,1,2,8,9,"Viajó a algún lado (coche, caminando, bicicleta)",6,15,15:00:00,,30,60,30,15,30,120,135,
Silvio61308Mariano6,Silvio61308Mariano,Silvio61308Mariano6,Tarde,Estaba solo,Vió televisión,"Entretenimiento (radio, televisión, computadora, juego en casa)",2,3,2,2,2,8,9,Casa donde vive,6,135,16:00:00,,270,405,270,270,270,1080,1215,
Silvio61308Mariano7,Silvio61308Mariano,Silvio61308Mariano7,Tarde,Con otros familiares,Trabajó,Trabajó,4,7,3,2,5,4,8,Casa donde vive,6,210,19:00:00,9,840,1470,630,420,1050,840,1680,1890
Silvio61308Mariano8,Silvio61308Mariano,Silvio61308Mariano8,Noche,Estaba solo,Se baño o arregló,"Dedicación personal (comió, bañó, descansó)",3,2,2,2,1,9,9,Casa donde vive,6,60,21:00:00,,180,120,120,120,60,540,540,
Silvio61308Mariano9,Silvio61308Mariano,Silvio61308Mariano9,Noche,Con otros familiares,Vió televisión,"Entretenimiento (radio, televisión, computadora, juego en casa)",3,2,2,2,2,8,8,Casa donde vive,6,30,22:00:00,,90,60,60,60,60,240,240,
Silvio61308Mariano10,Silvio61308Mariano,Silvio61308Mariano10,Noche,Con otros familiares,Comió,"Dedicación personal (comió, bañó, descansó)",1,3,2,1,2,8,9,Casa donde vive,6,90,23:00:00,10,90,270,180,90,180,720,810,900
Silvio61320Ramiro1,Silvio61320Ramiro,Silvio61320Ramiro1,Mañana,Estaba solo,Viajó en coche/colectivo/moto,"Viajó a algún lado (coche, caminando, bicicleta)",2,6,1,1,1,9,4,"Viajó a algún lado (coche, caminando, bicicleta)",10,10,8:00:00,,20,60,10,10,10,90,40,
Silvio61320Ramiro2,Silvio61320Ramiro,Silvio61320Ramiro2,Mañana,Con compañeros de trabajo / escuela / club,Comió,"Dedicación personal (comió, bañó, descansó)",5,5,1,1,1,6,1,Lugar de trabajo,10,30,9:00:00,8,150,150,30,30,30,180,30,240
Silvio61320Ramiro3,Silvio61320Ramiro,Silvio61320Ramiro3,Mañana,Estaba solo,Viajó en coche/colectivo/moto,"Viajó a algún lado (coche, caminando, bicicleta)",7,8,2,1,3,3,3,"Viajó a algún lado (coche, caminando, bicicleta)",FZ,60,9:00:00,,420,480,120,60,180,180,180,
Silvio61320Ramiro4,Silvio61320Ramiro,Silvio61320Ramiro4,Mañana,Estaba solo,Trabajó,Trabajó,4,7,2,1,1,7,5,Lugar de trabajo,FZ,90,11:00:00,,360,630,180,90,90,630,450,
Silvio61320Ramiro5,Silvio61320Ramiro,Silvio61320Ramiro5,Mañana,Estaba solo,Viajó en coche/colectivo/moto,"Viajó a algún lado (coche, caminando, bicicleta)",1,1,1,1,1,8,6,"Viajó a algún lado (coche, caminando, bicicleta)",10,60,12:00:00,,60,60,60,60,60,480,360,
Silvio61320Ramiro6,Silvio61320Ramiro,Silvio61320Ramiro6,Tarde,Estaba solo,"Descansó (siesta,tomar mate, té o café)","Dedicación personal (comió, bañó, descansó)",1,1,1,1,1,10,10,Lugar de trabajo,10,150,14:00:00,,150,150,150,150,150,1500,1500,
Silvio61320Ramiro7,Silvio61320Ramiro,Silvio61320Ramiro7,Tarde,Estaba solo,Viajó en coche/colectivo/moto,"Viajó a algún lado (coche, caminando, bicicleta)",1,1,1,1,1,6,6,"Viajó a algún lado (coche, caminando, bicicleta)",6,20,15:00:00,,20,20,20,20,20,120,120,
Silvio61320Ramiro8,Silvio61320Ramiro,Silvio61320Ramiro8,Tarde,Estaba solo,Se baño o arregló,"Dedicación personal (comió, bañó, descansó)",1,4,1,1,1,7,7,Casa donde vive,6,30,16:00:00,,30,120,30,30,30,210,210,
Silvio61320Ramiro9,Silvio61320Ramiro,Silvio61320Ramiro9,Tarde,Estaba solo,Viajó en coche/colectivo/moto,"Viajó a algún lado (coche, caminando, bicicleta)",1,1,1,1,1,7,8,"Viajó a algún lado (coche, caminando, bicicleta)",8,15,16:00:00,,15,15,15,15,15,105,120,
Silvio61320Ramiro10,Silvio61320Ramiro,Silvio61320Ramiro10,Tarde,Con amigos,Habló con alguien,"Relaciones sociales (Charlar, cuidar, actividad religiosa, otras relaciones)",1,1,1,1,1,9,8,Casa de amigos,8,75,17:00:00,9,75,75,75,75,75,675,600,675
Silvio61320Ramiro11,Silvio61320Ramiro,Silvio61320Ramiro11,Tarde,Estaba solo,Viajó en coche/colectivo/moto,"Viajó a algún lado (coche, caminando, bicicleta)",1,1,1,1,1,8,7,"Viajó a algún lado (coche, caminando, bicicleta)",6,15,17:00:00,,15,15,15,15,15,120,105,
Silvio61320Ramiro12,Silvio61320Ramiro,Silvio61320Ramiro12,Tarde,Con otros familiares,Habló con alguien,"Relaciones sociales (Charlar, cuidar, actividad religiosa, otras relaciones)",1,1,1,1,1,8,10,Casa donde vive,6,195,19:00:00,10,195,195,195,195,195,1560,1950,1950
Silvio61320Ramiro13,Silvio61320Ramiro,Silvio61320Ramiro13,Noche,Con otros familiares,Comió,"Dedicación personal (comió, bañó, descansó)",1,1,1,1,1,8,9,Casa donde vive,6,90,22:00:00,10,90,90,90,90,90,720,810,900
Silvio61320Ramiro14,Silvio61320Ramiro,Silvio61320Ramiro14,Noche,Estaba solo,Viajó en coche/colectivo/moto,"Viajó a algún lado (coche, caminando, bicicleta)",1,1,1,1,1,1,8,"Viajó a algún lado (coche, caminando, bicicleta)",13,10,22:00:00,,10,10,10,10,10,10,80,
Silvio61320Ramiro15,Silvio61320Ramiro,Silvio61320Ramiro15,Noche,Con amigos,Habló con alguien,"Relaciones sociales (Charlar, cuidar, actividad religiosa, otras relaciones)",1,1,1,1,1,9,9,Casa de amigos,13,80,23:00:00,8,80,80,80,80,80,720,720,640
Silvio61320Ramiro16,Silvio61320Ramiro,Silvio61320Ramiro16,Noche,Estaba solo,Viajó en coche/colectivo/moto,"Viajó a algún lado (coche, caminando, bicicleta)",2,1,1,1,1,7,6,"Viajó a algún lado (coche, caminando, bicicleta)",6,10,0:00:00,,20,10,10,10,10,70,60,
Silvio71205Pety1,Silvio71205Pety,Silvio71205Pety1,Mañana,Con su pareja,Preparó comida,"Tareas domésticas (comida, cuida a los hijos, mascotas)",1,1,1,1,1,10,10,Casa donde vive,7,60,9:00:00,10,60,60,60,60,60,600,600,600
Silvio71205Pety2,Silvio71205Pety,Silvio71205Pety2,Mañana,Estaba solo,Hizo tareas domésticas,"Tareas domésticas (comida, cuida a los hijos, mascotas)",1,8,1,1,1,10,10,Casa donde vive,7,210,12:00:00,,210,1680,210,210,210,2100,2100,
Silvio71205Pety3,Silvio71205Pety,Silvio71205Pety3,Tarde,Con otros familiares,Comió,"Dedicación personal (comió, bañó, descansó)",10,1,1,1,1,10,10,Casa donde vive,7,120,14:00:00,10,1200,120,120,120,120,1200,1200,1200
Silvio71205Pety4,Silvio71205Pety,Silvio71205Pety4,Tarde,Con su pareja,Viajó en coche/colectivo/moto,"Viajó a algún lado (coche, caminando, bicicleta)",10,1,1,1,1,10,10,"Viajó a algún lado (coche, caminando, bicicleta)",2,30,16:00:00,10,300,30,30,30,30,300,300,300
Silvio71205Pety5,Silvio71205Pety,Silvio71205Pety5,Tarde,Con sus hijos adultos,Hizo ejercicio o dio paseo,Hizo ejercicio o dio paseo,10,1,1,1,1,10,10,Parques Naturales o Plazas,2,180,17:00:00,10,1800,180,180,180,180,1800,1800,1800
Silvio71205Pety6,Silvio71205Pety,Silvio71205Pety6,Noche,Con su pareja,Viajó en coche/colectivo/moto,"Viajó a algún lado (coche, caminando, bicicleta)",10,1,1,1,1,10,10,"Viajó a algún lado (coche, caminando, bicicleta)",7,30,19:00:00,10,300,30,30,30,30,300,300,300
Silvio71205Pety7,Silvio71205Pety,Silvio71205Pety7,Noche,Con su pareja,Hizo tareas domésticas,"Tareas domésticas (comida, cuida a los hijos, mascotas)",10,1,1,1,1,10,10,Casa donde vive,7,30,20:00:00,9,300,30,30,30,30,300,300,270
Silvio71205Pety8,Silvio71205Pety,Silvio71205Pety8,Noche,Con su pareja,Comió,"Dedicación personal (comió, bañó, descansó)",10,1,1,1,1,10,10,Casa donde vive,7,60,20:00:00,10,600,60,60,60,60,600,600,600
Silvio71205Pety9,Silvio71205Pety,Silvio71205Pety9,Noche,Con su pareja,Vió televisión,"Entretenimiento (radio, televisión, computadora, juego en casa)",10,1,1,1,1,10,10,Casa donde vive,7,90,22:00:00,10,900,90,90,90,90,900,900,900
Silvio71305Nicolás1,Silvio71305Nicolás,Silvio71305Nicolás1,Mañana,Con su pareja,Se baño o arregló,"Dedicación personal (comió, bañó, descansó)",1,7,1,1,1,7,4,Casa donde vive,7,15,7:00:00,8,15,105,15,15,15,105,60,120
Silvio71305Nicolás2,Silvio71305Nicolás,Silvio71305Nicolás2,Mañana,Con sus hijos jóvenes o nietos,Viajó en coche/colectivo/moto,"Viajó a algún lado (coche, caminando, bicicleta)",2,2,2,2,2,8,8,"Viajó a algún lado (coche, caminando, bicicleta)",7,25,7:00:00,10,50,50,50,50,50,200,200,250
Silvio71305Nicolás3,Silvio71305Nicolás,Silvio71305Nicolás3,Mañana,Con sus hijos adultos,Viajó en coche/colectivo/moto,"Viajó a algún lado (coche, caminando, bicicleta)",2,2,2,2,2,8,8,"Viajó a algún lado (coche, caminando, bicicleta)",12,10,8:00:00,10,20,20,20,20,20,80,80,100
Silvio71305Nicolás4,Silvio71305Nicolás,Silvio71305Nicolás4,Mañana,Estaba solo,Viajó en coche/colectivo/moto,"Viajó a algún lado (coche, caminando, bicicleta)",2,2,2,2,2,8,8,"Viajó a algún lado (coche, caminando, bicicleta)",4,15,8:00:00,,30,30,30,30,30,120,120,
Silvio71305Nicolás5,Silvio71305Nicolás,Silvio71305Nicolás5,Mañana,"Personal de servicios, responsables de nuestra actividad, extraños ",Habló con alguien,"Relaciones sociales (Charlar, cuidar, actividad religiosa, otras relaciones)",3,4,3,3,3,8,8,Lugar de trabajo,4,165,9:00:00,9,495,660,495,495,495,1320,1320,1485
Silvio71305Nicolás6,Silvio71305Nicolás,Silvio71305Nicolás6,Mañana,Estaba solo,Viajó en coche/colectivo/moto,"Viajó a algún lado (coche, caminando, bicicleta)",2,2,2,2,2,8,8,"Viajó a algún lado (coche, caminando, bicicleta)",7,15,11:00:00,,30,30,30,30,30,120,120,
Silvio71305Nicolás7,Silvio71305Nicolás,Silvio71305Nicolás7,Mañana,Estaba solo,Preparó comida,"Tareas domésticas (comida, cuida a los hijos, mascotas)",2,2,2,2,2,2,8,Casa donde vive,7,15,11:00:00,,30,30,30,30,30,30,120,
Silvio71305Nicolás8,Silvio71305Nicolás,Silvio71305Nicolás8,Mañana,Con su pareja,Preparó comida,"Tareas domésticas (comida, cuida a los hijos, mascotas)",2,2,2,2,2,8,8,Casa donde vive,7,50,12:00:00,9,100,100,100,100,100,400,400,450
Silvio71305Nicolás9,Silvio71305Nicolás,Silvio71305Nicolás9,Tarde,Estaba solo,"Por salud (estudios, consulta)",Trámites o Salud,2,6,5,2,5,6,8,Casa donde vive,7,10,12:00:00,,20,60,50,20,50,60,80,
Silvio71305Nicolás10,Silvio71305Nicolás,Silvio71305Nicolás10,Tarde,"Personal de servicios, responsables de nuestra actividad, extraños ","Por salud (estudios, consulta)",Trámites o Salud,6,6,6,2,6,7,2,Casa donde vive,7,60,13:00:00,5,360,360,360,120,360,420,120,300
Silvio71305Nicolás11,Silvio71305Nicolás,Silvio71305Nicolás11,Tarde,Estaba solo,Viajó en coche/colectivo/moto,"Viajó a algún lado (coche, caminando, bicicleta)",2,2,2,2,2,3,8,"Viajó a algún lado (coche, caminando, bicicleta)",7,615,18:00:00,,1230,1230,1230,1230,1230,1845,4920,
Silvio71305Nicolás12,Silvio71305Nicolás,Silvio71305Nicolás12,Tarde,Estaba solo,"Descansó (siesta,tomar mate, té o café)","Dedicación personal (comió, bañó, descansó)",2,2,2,2,2,8,8,Casa donde vive,7,120,0:00:00,,240,240,240,240,240,960,960,
Silvio71305Nicolás13,Silvio71305Nicolás,Silvio71305Nicolás13,Tarde,Estaba solo,Trabajó,Trabajó,2,6,2,2,3,8,9,Casa donde vive,7,300,0:00:00,,600,1800,600,600,900,2400,2700,
Silvio71305Nicolás14,Silvio71305Nicolás,Silvio71305Nicolás14,Noche,Con su pareja,Hizo tareas domésticas,"Tareas domésticas (comida, cuida a los hijos, mascotas)",2,9,6,6,7,4,4,Casa donde vive,7,180,0:00:00,9,360,1620,1080,1080,1260,720,720,1620
Silvio81209Nicolás1,Silvio81209Nicolás,Silvio81209Nicolás1,Mañana,Estaba solo,Se baño o arregló,"Dedicación personal (comió, bañó, descansó)",7,8,1,7,1,9,8,Casa donde vive,8,20,8:00:00,,140,160,20,140,20,180,160,
Silvio81209Nicolás2,Silvio81209Nicolás,Silvio81209Nicolás2,Mañana,Estaba solo,Preparó comida,"Tareas domésticas (comida, cuida a los hijos, mascotas)",1,8,1,9,1,6,9,Casa donde vive,8,15,8:00:00,,15,120,15,135,15,90,135,
Silvio81209Nicolás3,Silvio81209Nicolás,Silvio81209Nicolás3,Mañana,Estaba solo,Viajó en coche/colectivo/moto,"Viajó a algún lado (coche, caminando, bicicleta)",10,9,9,9,"2,55303514376997",8,1,"Viajó a algún lado (coche, caminando, bicicleta)",15,5,8:00:00,,50,45,45,45,"12,7651757188498",40,5,
Silvio81209Nicolás4,Silvio81209Nicolás,Silvio81209Nicolás4,Mañana,Con compañeros de trabajo / escuela / club,Trabajó,Trabajó,1,6,1,1,1,8,6,Lugar de trabajo,15,240,10:00:00,7,240,1440,240,240,240,1920,1440,1680
Silvio81209Nicolás5,Silvio81209Nicolás,Silvio81209Nicolás5,Tarde,Con compañeros de trabajo / escuela / club,Comió,"Dedicación personal (comió, bañó, descansó)",1,1,1,1,1,8,8,Lugar de trabajo,15,60,13:00:00,8,60,60,60,60,60,480,480,480
Silvio81209Nicolás6,Silvio81209Nicolás,Silvio81209Nicolás6,Tarde,Con compañeros de trabajo / escuela / club,Trabajó,Trabajó,1,1,1,1,1,9,8,Lugar de trabajo,15,180,15:00:00,9,180,180,180,180,180,1620,1440,1620
Silvio81209Nicolás7,Silvio81209Nicolás,Silvio81209Nicolás7,Tarde,Estaba solo,Viajó en coche/colectivo/moto,"Viajó a algún lado (coche, caminando, bicicleta)",1,10,1,1,1,9,10,"Viajó a algún lado (coche, caminando, bicicleta)",8,5,16:00:00,,5,50,5,5,5,45,50,
Silvio81209Nicolás8,Silvio81209Nicolás,Silvio81209Nicolás8,Tarde,Estaba solo,Se baño o arregló,"Dedicación personal (comió, bañó, descansó)",1,9,1,1,1,9,10,Casa donde vive,8,20,16:00:00,,20,180,20,20,20,180,200,
Silvio81209Nicolás9,Silvio81209Nicolás,Silvio81209Nicolás9,Tarde,Estaba solo,Viajó en coche/colectivo/moto,"Viajó a algún lado (coche, caminando, bicicleta)",1,10,1,1,1,10,10,"Viajó a algún lado (coche, caminando, bicicleta)",8,5,17:00:00,,5,50,5,5,5,50,50,
Silvio81209Nicolás10,Silvio81209Nicolás,Silvio81209Nicolás10,Tarde,Con amigos,Jugó (cartas /juegos),"Entretenimiento (radio, televisión, computadora, juego en casa)",1,1,1,1,1,8,10,Parques Naturales o Plazas,8,120,18:00:00,10,120,120,120,120,120,960,1200,1200
Silvio81209Nicolás11,Silvio81209Nicolás,Silvio81209Nicolás11,Noche,Con amigos,Viajó en coche/colectivo/moto,"Viajó a algún lado (coche, caminando, bicicleta)",1,10,1,1,1,10,10,"Viajó a algún lado (coche, caminando, bicicleta)",8,5,19:00:00,9,5,50,5,5,5,50,50,45
Silvio81209Nicolás12,Silvio81209Nicolás,Silvio81209Nicolás12,Noche,Con amigos,Habló con alguien,"Relaciones sociales (Charlar, cuidar, actividad religiosa, otras relaciones)",1,1,1,1,1,10,10,Casa donde vive,8,200,20:00:00,10,200,200,200,200,200,2000,2000,2000
Silvio81209Nicolás13,Silvio81209Nicolás,Silvio81209Nicolás13,Noche,Con otros familiares,Comió,"Dedicación personal (comió, bañó, descansó)",1,1,1,1,1,9,10,Casa donde vive,8,20,22:00:00,10,20,20,20,20,20,180,200,200
Silvio81219Eduardo1,Silvio81219Eduardo,Silvio81219Eduardo1,Mañana,Con su pareja,Preparó comida,"Tareas domésticas (comida, cuida a los hijos, mascotas)",5,8,1,1,1,10,8,Casa donde vive,8,90,7:00:00,8,450,720,90,90,90,900,720,720
Silvio81219Eduardo2,Silvio81219Eduardo,Silvio81219Eduardo2,Mañana,Estaba solo,Viajó en coche/colectivo/moto,"Viajó a algún lado (coche, caminando, bicicleta)",3,2,1,1,1,1,7,"Viajó a algún lado (coche, caminando, bicicleta)",8,15,8:00:00,,45,30,15,15,15,15,105,
Silvio81219Eduardo3,Silvio81219Eduardo,Silvio81219Eduardo3,Mañana,Estaba solo,Trabajó,Trabajó,1,6,1,1,1,8,9,Lugar de trabajo,8,420,11:00:00,,420,2520,420,420,420,3360,3780,
Silvio81219Eduardo4,Silvio81219Eduardo,Silvio81219Eduardo4,Tarde,Estaba solo,Viajó en coche/colectivo/moto,"Viajó a algún lado (coche, caminando, bicicleta)",1,3,1,1,3,7,8,"Viajó a algún lado (coche, caminando, bicicleta)",8,15,15:00:00,,15,45,15,15,45,105,120,
Silvio81219Eduardo5,Silvio81219Eduardo,Silvio81219Eduardo5,Tarde,Con su pareja,Comió,"Dedicación personal (comió, bañó, descansó)",1,1,1,1,1,6,9,Casa donde vive,8,60,16:00:00,9,60,60,60,60,60,360,540,540
Silvio81219Eduardo6,Silvio81219Eduardo,Silvio81219Eduardo6,Tarde,Con su pareja,"Descansó (siesta,tomar mate, té o café)","Dedicación personal (comió, bañó, descansó)",1,1,1,1,1,8,7,Casa donde vive,8,120,17:00:00,10,120,120,120,120,120,960,840,1200
Silvio81219Eduardo7,Silvio81219Eduardo,Silvio81219Eduardo7,Noche,Con su pareja,Comió,"Dedicación personal (comió, bañó, descansó)",1,1,1,1,1,7,10,Casa donde vive,8,60,19:00:00,10,60,60,60,60,60,420,600,600
Silvio81219Eduardo8,Silvio81219Eduardo,Silvio81219Eduardo8,Noche,Con su pareja,Vió televisión,"Entretenimiento (radio, televisión, computadora, juego en casa)",1,4,7,1,3,6,7,Casa donde vive,8,120,20:00:00,9,120,480,840,120,360,720,840,1080
Silvio81219Eduardo9,Silvio81219Eduardo,Silvio81219Eduardo9,Noche,Con pareja e hijos,Comió,"Dedicación personal (comió, bañó, descansó)",1,1,1,1,1,8,10,Casa donde vive,8,60,22:00:00,10,60,60,60,60,60,480,600,600
Silvio81219Eduardo10,Silvio81219Eduardo,Silvio81219Eduardo10,Noche,Con su pareja,Vió televisión,"Entretenimiento (radio, televisión, computadora, juego en casa)",1,1,1,1,3,6,9,Casa donde vive,8,120,23:00:00,10,120,120,120,120,360,720,1080,1200
Silvio81219Mirta1,Silvio81219Mirta,Silvio81219Mirta1,Mañana,Con su pareja,Preparó comida,"Tareas domésticas (comida, cuida a los hijos, mascotas)",1,1,1,5,5,5,10,Casa donde vive,8,30,6:00:00,10,30,30,30,150,150,150,300,300
Silvio81219Mirta2,Silvio81219Mirta,Silvio81219Mirta2,Mañana,Con su pareja,Viajó en coche/colectivo/moto,"Viajó a algún lado (coche, caminando, bicicleta)",4,8,1,5,5,5,10,"Viajó a algún lado (coche, caminando, bicicleta)",8,15,7:00:00,10,60,120,15,75,75,75,150,150
Silvio81219Mirta3,Silvio81219Mirta,Silvio81219Mirta3,Mañana,Estaba solo,Viajó en coche/colectivo/moto,"Viajó a algún lado (coche, caminando, bicicleta)",6,4,1,5,5,5,8,"Viajó a algún lado (coche, caminando, bicicleta)",8,15,7:00:00,,90,60,15,75,75,75,120,
Silvio81219Mirta4,Silvio81219Mirta,Silvio81219Mirta4,Mañana,Estaba solo,Se baño o arregló,"Dedicación personal (comió, bañó, descansó)",9,10,1,5,5,5,8,Casa donde vive,8,30,7:00:00,,270,300,30,150,150,150,240,
Silvio81219Mirta5,Silvio81219Mirta,Silvio81219Mirta5,Mañana,Estaba solo,Viajó en coche/colectivo/moto,"Viajó a algún lado (coche, caminando, bicicleta)",8,10,1,5,5,5,7,"Viajó a algún lado (coche, caminando, bicicleta)",10,10,8:00:00,,80,100,10,50,50,50,70,
Silvio81219Mirta6,Silvio81219Mirta,Silvio81219Mirta6,Mañana,Con su pareja,Habló con alguien,"Relaciones sociales (Charlar, cuidar, actividad religiosa, otras relaciones)",8,8,1,5,5,5,8,"Organismo Público del Estado Nacional, Provincial, Municipal",10,20,8:00:00,10,160,160,20,100,100,100,160,200
Silvio81219Mirta7,Silvio81219Mirta,Silvio81219Mirta7,Mañana,Estaba solo,Viajó en coche/colectivo/moto,"Viajó a algún lado (coche, caminando, bicicleta)",3,10,1,5,5,9,9,"Viajó a algún lado (coche, caminando, bicicleta)",8,10,8:00:00,,30,100,10,50,50,90,90,
Silvio81219Mirta8,Silvio81219Mirta,Silvio81219Mirta8,Tarde,Estaba solo,Viajó en coche/colectivo/moto,"Viajó a algún lado (coche, caminando, bicicleta)",3,1,1,5,5,7,10,"Viajó a algún lado (coche, caminando, bicicleta)",12,15,8:00:00,,45,15,15,75,75,105,150,
Silvio81219Mirta9,Silvio81219Mirta,Silvio81219Mirta9,Tarde,Con su pareja,Viajó en coche/colectivo/moto,"Viajó a algún lado (coche, caminando, bicicleta)",4,1,1,5,5,3,10,"Viajó a algún lado (coche, caminando, bicicleta)",8,15,9:00:00,10,60,15,15,75,75,45,150,150
Silvio81219Mirta10,Silvio81219Mirta,Silvio81219Mirta10,Tarde,Con su pareja,Preparó comida,"Tareas domésticas (comida, cuida a los hijos, mascotas)",3,1,1,5,5,3,10,Casa donde vive,8,25,9:00:00,10,75,25,25,125,125,75,250,250
Silvio81219Mirta11,Silvio81219Mirta,Silvio81219Mirta11,Tarde,Con su pareja,"Descansó (siesta,tomar mate, té o café)","Dedicación personal (comió, bañó, descansó)",1,1,1,5,4,6,10,Casa donde vive,8,210,11:00:00,10,210,210,210,1050,840,1260,2100,2100
Silvio81219Mirta12,Silvio81219Mirta,Silvio81219Mirta12,Tarde,Con su pareja,Comió,"Dedicación personal (comió, bañó, descansó)",4,3,1,5,5,6,10,Casa donde vive,8,20,13:00:00,10,80,60,20,100,100,120,200,200
Silvio81219Mirta13,Silvio81219Mirta,Silvio81219Mirta13,Tarde,Con su pareja,Viajó en coche/colectivo/moto,"Viajó a algún lado (coche, caminando, bicicleta)",4,1,1,5,5,6,10,"Viajó a algún lado (coche, caminando, bicicleta)",12,15,13:00:00,10,60,15,15,75,75,90,150,150
Silvio81219Mirta14,Silvio81219Mirta,Silvio81219Mirta14,Tarde,Con su pareja,Fue de compras,Compras,2,2,1,5,5,6,10,Comercio de ropa u otro tipo de comercio de compras,12,10,13:00:00,10,20,20,10,50,50,60,100,100
Silvio81219Mirta15,Silvio81219Mirta,Silvio81219Mirta15,Noche,Con su pareja,Fue de compras,Compras,3,1,1,5,5,6,10,Comercio de ropa u otro tipo de comercio de compras,12,10,13:00:00,10,30,10,10,50,50,60,100,100
Silvio81219Mirta16,Silvio81219Mirta,Silvio81219Mirta16,Noche,Con su pareja,Habló con alguien,"Relaciones sociales (Charlar, cuidar, actividad religiosa, otras relaciones)",3,1,1,5,5,6,10,Comercio de ropa u otro tipo de comercio de compras,12,120,14:00:00,10,360,120,120,600,600,720,1200,1200
Silvio81219Mirta17,Silvio81219Mirta,Silvio81219Mirta17,Noche,Con su pareja,Viajó en coche/colectivo/moto,"Viajó a algún lado (coche, caminando, bicicleta)",3,1,1,5,6,6,10,"Viajó a algún lado (coche, caminando, bicicleta)",8,15,16:00:00,10,45,15,15,75,90,90,150,150
Silvio81219Mirta18,Silvio81219Mirta,Silvio81219Mirta18,Noche,Con su pareja,"Actividad agrícola o cria, cuidado mascotas","Tareas domésticas (comida, cuida a los hijos, mascotas)",3,1,1,5,5,6,10,Casa donde vive,8,105,17:00:00,10,315,105,105,525,525,630,1050,1050
Silvio81219Mirta19,Silvio81219Mirta,Silvio81219Mirta19,Noche,Estaba solo,Se baño o arregló,"Dedicación personal (comió, bañó, descansó)",3,1,1,5,5,6,10,Casa donde vive,8,20,18:00:00,,60,20,20,100,100,120,200,
Silvio81219Sofía1,Silvio81219Sofía,Silvio81219Sofía1,Mañana,Estaba solo,Se baño o arregló,"Dedicación personal (comió, bañó, descansó)",5,6,1,1,4,6,7,Casa donde vive,8,40,8:00:00,,200,240,40,40,160,240,280,
Silvio81219Sofía2,Silvio81219Sofía,Silvio81219Sofía2,Mañana,Estaba solo,Viajó en coche/colectivo/moto,"Viajó a algún lado (coche, caminando, bicicleta)",5,7,1,1,6,6,7,"Viajó a algún lado (coche, caminando, bicicleta)",8,10,9:00:00,,50,70,10,10,60,60,70,
Silvio81219Sofía3,Silvio81219Sofía,Silvio81219Sofía3,Mañana,Estaba solo,Comió,"Dedicación personal (comió, bañó, descansó)",6,3,1,1,4,6,7,Lugar de trabajo,8,15,9:00:00,,90,45,15,15,60,90,105,
Silvio81219Sofía4,Silvio81219Sofía,Silvio81219Sofía4,Mañana,Estaba solo,Trabajó,Trabajó,3,2,1,1,3,6,8,Lugar de trabajo,8,180,11:00:00,,540,360,180,180,540,1080,1440,
Silvio81219Sofía5,Silvio81219Sofía,Silvio81219Sofía5,Tarde,Estaba solo,Comió,"Dedicación personal (comió, bañó, descansó)",2,2,1,1,2,6,6,Lugar de trabajo,8,15,12:00:00,,30,30,15,15,30,90,90,
Silvio81219Sofía6,Silvio81219Sofía,Silvio81219Sofía6,Tarde,Estaba solo,Trabajó,Trabajó,2,5,1,1,1,7,6,Lugar de trabajo,8,60,13:00:00,,120,300,60,60,60,420,360,
Silvio81219Sofía7,Silvio81219Sofía,Silvio81219Sofía7,Tarde,Estaba solo,Viajó en coche/colectivo/moto,"Viajó a algún lado (coche, caminando, bicicleta)",3,4,1,1,1,6,6,"Viajó a algún lado (coche, caminando, bicicleta)",12,300,16:00:00,,900,1200,300,300,300,1800,1800,
Silvio81219Sofía8,Silvio81219Sofía,Silvio81219Sofía8,Tarde,"Personal de servicios, responsables de nuestra actividad, extraños ","Por salud (estudios, consulta)",Trámites o Salud,3,2,1,1,5,5,5,"Hospital, Clínica, Centro de Salud",12,20,19:00:00,8,60,40,20,20,100,100,100,160
Silvio81219Sofía9,Silvio81219Sofía,Silvio81219Sofía9,Tarde,Estaba solo,Viajó en coche/colectivo/moto,"Viajó a algún lado (coche, caminando, bicicleta)",4,5,1,1,1,6,7,"Viajó a algún lado (coche, caminando, bicicleta)",13,10,19:00:00,,40,50,10,10,10,60,70,
Silvio81219Sofía10,Silvio81219Sofía,Silvio81219Sofía10,Tarde,Con otros familiares,Leyó / Estudió,Leyó o estudió,5,6,1,1,3,6,8,Casa de parientes,13,270,21:00:00,9,1350,1620,270,270,810,1620,2160,2430
Silvio81219Sofía11,Silvio81219Sofía,Silvio81219Sofía11,Noche,Estaba solo,Viajó en coche/colectivo/moto,"Viajó a algún lado (coche, caminando, bicicleta)",4,5,1,1,3,6,6,"Viajó a algún lado (coche, caminando, bicicleta)",13,10,23:00:00,,40,50,10,10,30,60,60,
Silvio81219Sofía12,Silvio81219Sofía,Silvio81219Sofía12,Noche,Destinatario de nuestra actividad laboral (Cliente / paciente / alumno),Estudio,Leyó o estudió,4,1,1,1,1,6,10,"Escuela, Campus, u otro establecimiento educativo",13,150,0:00:00,10,600,150,150,150,150,900,1500,1500
Silvio81219Sofía13,Silvio81219Sofía,Silvio81219Sofía13,Noche,Estaba solo,Viajó en coche/colectivo/moto,"Viajó a algún lado (coche, caminando, bicicleta)",2,1,1,1,1,6,6,"Viajó a algún lado (coche, caminando, bicicleta)",8,15,0:00:00,,30,15,15,15,15,90,90,
Silvio81219Sofía14,Silvio81219Sofía,Silvio81219Sofía14,Noche,Con su pareja,Comió,"Dedicación personal (comió, bañó, descansó)",5,1,1,1,1,6,7,Casa donde vive,8,30,0:00:00,9,150,30,30,30,30,180,210,270
Silvio81219Sofía15,Silvio81219Sofía,Silvio81219Sofía15,Noche,Con su pareja,Hizo tareas domésticas,"Tareas domésticas (comida, cuida a los hijos, mascotas)",5,3,2,1,3,6,6,Casa donde vive,8,10,0:00:00,8,50,30,20,10,30,60,60,80
Silvio81219Walter1,Silvio81219Walter,Silvio81219Walter1,Mañana,Estaba solo,Preparó comida,"Tareas domésticas (comida, cuida a los hijos, mascotas)",3,1,1,1,1,7,8,Casa donde vive,8,20,8:00:00,,60,20,20,20,20,140,160,
Silvio81219Walter2,Silvio81219Walter,Silvio81219Walter2,Mañana,Estaba solo,Viajó en coche/colectivo/moto,"Viajó a algún lado (coche, caminando, bicicleta)",3,3,1,1,1,8,7,"Viajó a algún lado (coche, caminando, bicicleta)",8,10,8:00:00,,30,30,10,10,10,80,70,
Silvio81219Walter3,Silvio81219Walter,Silvio81219Walter3,Mañana,Con compañeros de trabajo / escuela / club,Trabajó,Trabajó,7,4,1,1,1,7,7,Lugar de trabajo,8,120,9:00:00,8,840,480,120,120,120,840,840,960
Silvio81219Walter4,Silvio81219Walter,Silvio81219Walter4,Mañana,Estaba solo,Viajó en coche/colectivo/moto,"Viajó a algún lado (coche, caminando, bicicleta)",1,4,1,1,1,7,6,"Viajó a algún lado (coche, caminando, bicicleta)",FZ,75,11:00:00,,75,300,75,75,75,525,450,
Silvio81219Walter5,Silvio81219Walter,Silvio81219Walter5,Mañana,Con compañeros de trabajo / escuela / club,Trabajó,Trabajó,4,3,1,1,1,7,7,Lugar de trabajo,FZ,40,12:00:00,8,160,120,40,40,40,280,280,320
Silvio81219Walter6,Silvio81219Walter,Silvio81219Walter6,Tarde,Estaba solo,Viajó en coche/colectivo/moto,"Viajó a algún lado (coche, caminando, bicicleta)",1,1,1,1,1,8,7,"Viajó a algún lado (coche, caminando, bicicleta)",8,90,13:00:00,,90,90,90,90,90,720,630,
Silvio81219Walter7,Silvio81219Walter,Silvio81219Walter7,Tarde,Con compañeros de trabajo / escuela / club,Trabajó,Trabajó,1,1,1,1,1,7,7,Lugar de trabajo,8,180,15:00:00,7,180,180,180,180,180,1260,1260,1260
Silvio81219Walter8,Silvio81219Walter,Silvio81219Walter8,Tarde,Estaba solo,Viajó en coche/colectivo/moto,"Viajó a algún lado (coche, caminando, bicicleta)",1,1,1,1,1,7,6,"Viajó a algún lado (coche, caminando, bicicleta)",8,10,17:00:00,,10,10,10,10,10,70,60,
Silvio81219Walter9,Silvio81219Walter,Silvio81219Walter9,Tarde,Con sus hijos adultos,Otra actividad de ocio,"Entretenimiento (radio, televisión, computadora, juego en casa)",1,1,1,1,1,8,9,Casa donde vive,8,180,19:00:00,8,180,180,180,180,180,1440,1620,1440
Silvio81219Walter10,Silvio81219Walter,Silvio81219Walter10,Noche,Con sus hijos adultos,Vió televisión,"Entretenimiento (radio, televisión, computadora, juego en casa)",1,1,1,1,1,8,9,Casa donde vive,8,90,21:00:00,10,90,90,90,90,90,720,810,900
Silvio81219Walter11,Silvio81219Walter,Silvio81219Walter11,Noche,Estaba solo,Se baño o arregló,"Dedicación personal (comió, bañó, descansó)",1,3,1,1,1,10,10,Casa donde vive,8,30,22:00:00,,30,90,30,30,30,300,300,
Silvio81219Walter12,Silvio81219Walter,Silvio81219Walter12,Noche,Con pareja e hijos,Comió,"Dedicación personal (comió, bañó, descansó)",1,1,1,1,1,8,9,Casa donde vive,8,60,23:00:00,10,60,60,60,60,60,480,540,600
Silvio91213Soledad1,Silvio91213Soledad,Silvio91213Soledad1,Mañana,Con pareja e hijos,Preparó comida,"Tareas domésticas (comida, cuida a los hijos, mascotas)",1,9,1,1,3,9,10,Casa donde vive,9,50,9:00:00,10,50,450,50,50,150,450,500,500
Silvio91213Soledad2,Silvio91213Soledad,Silvio91213Soledad2,Mañana,Con pareja e hijos,Viajó en coche/colectivo/moto,"Viajó a algún lado (coche, caminando, bicicleta)",1,5,1,1,1,10,10,"Viajó a algún lado (coche, caminando, bicicleta)",9,40,10:00:00,10,40,200,40,40,40,400,400,400
Silvio91213Soledad3,Silvio91213Soledad,Silvio91213Soledad3,Mañana,Con otros familiares,Habló con alguien,"Relaciones sociales (Charlar, cuidar, actividad religiosa, otras relaciones)",1,1,1,1,1,10,10,Clubes deportivos,9,140,12:00:00,10,140,140,140,140,140,1400,1400,1400
Silvio91213Soledad4,Silvio91213Soledad,Silvio91213Soledad4,Tarde,Con otros familiares,Comió,"Dedicación personal (comió, bañó, descansó)",1,1,1,1,1,10,10,Clubes deportivos,9,80,13:00:00,10,80,80,80,80,80,800,800,800
Silvio91213Soledad5,Silvio91213Soledad,Silvio91213Soledad5,Tarde,Con otros familiares,Hizo ejercicio o dio paseo,Hizo ejercicio o dio paseo,1,1,1,1,1,10,10,Clubes deportivos,9,220,16:00:00,10,220,220,220,220,220,2200,2200,2200
Silvio91213Soledad6,Silvio91213Soledad,Silvio91213Soledad6,Noche,Con pareja e hijos,Viajó en coche/colectivo/moto,"Viajó a algún lado (coche, caminando, bicicleta)",2,2,1,1,1,9,9,"Viajó a algún lado (coche, caminando, bicicleta)",8,40,18:00:00,10,80,80,40,40,40,360,360,400
Silvio91213Soledad7,Silvio91213Soledad,Silvio91213Soledad7,Noche,Con pareja e hijos,Habló con alguien,"Relaciones sociales (Charlar, cuidar, actividad religiosa, otras relaciones)",1,1,1,1,1,10,10,Casa de los padres,8,180,20:00:00,10,180,180,180,180,180,1800,1800,1800
Silvio91213Soledad8,Silvio91213Soledad,Silvio91213Soledad8,Noche,Con pareja e hijos,Comió,"Dedicación personal (comió, bañó, descansó)",1,1,1,1,1,10,10,Casa de los padres,8,90,22:00:00,10,90,90,90,90,90,900,900,900
Silvio91213Soledad9,Silvio91213Soledad,Silvio91213Soledad9,Noche,Con pareja e hijos,Habló con alguien,"Relaciones sociales (Charlar, cuidar, actividad religiosa, otras relaciones)",1,1,1,1,1,9,10,Casa de los padres,8,40,23:00:00,10,40,40,40,40,40,360,400,400
Silvio91213Soledad10,Silvio91213Soledad,Silvio91213Soledad10,Noche,Con pareja e hijos,Viajó en coche/colectivo/moto,"Viajó a algún lado (coche, caminando, bicicleta)",1,1,1,1,1,10,10,"Viajó a algún lado (coche, caminando, bicicleta)",9,10,0:00:00,10,10,10,10,10,10,100,100,100
